dataset,split,scene,variant,metric,value,metric_direction,source_file,valid_flag,note
glossy_synthetic,train,angel,base,mean_reflection_consistency,0.1161050170660018,lower,docs/superpowers/logs/rc-refgs-fd-p2-lite-final-main-summary-2026-06-01.csv,True,absolute per-scene metric from final main summary; included as base/rc variants for ablation comparison
glossy_synthetic,train,angel,base,reflective_region_psnr,25.86960678100586,higher,docs/superpowers/logs/rc-refgs-fd-p2-lite-final-main-summary-2026-06-01.csv,True,absolute per-scene metric from final main summary; included as base/rc variants for ablation comparison
glossy_synthetic,train,angel,base,full_psnr,32.8659302847726,higher,docs/superpowers/logs/rc-refgs-fd-p2-lite-final-main-summary-2026-06-01.csv,True,absolute per-scene metric from final main summary; included as base/rc variants for ablation comparison
glossy_synthetic,train,angel,base,full_ssim,0.9742000039134708,higher,docs/superpowers/logs/rc-refgs-fd-p2-lite-final-main-summary-2026-06-01.csv,True,absolute per-scene metric from final main summary; included as base/rc variants for ablation comparison
glossy_synthetic,train,angel,base,full_lpips,0.0325455718141581,lower,docs/superpowers/logs/rc-refgs-fd-p2-lite-final-main-summary-2026-06-01.csv,True,absolute per-scene metric from final main summary; included as base/rc variants for ablation comparison
glossy_synthetic,train,angel,base,reflective_psnr,34.376462493624004,higher,docs/superpowers/logs/rc-refgs-fd-p2-lite-final-main-summary-2026-06-01.csv,True,absolute per-scene metric from final main summary; included as base/rc variants for ablation comparison
glossy_synthetic,train,angel,base,reflective_ssim,0.9835989932928768,higher,docs/superpowers/logs/rc-refgs-fd-p2-lite-final-main-summary-2026-06-01.csv,True,absolute per-scene metric from final main summary; included as base/rc variants for ablation comparison
glossy_synthetic,train,angel,base,reflective_lpips,0.0160896331570776,lower,docs/superpowers/logs/rc-refgs-fd-p2-lite-final-main-summary-2026-06-01.csv,True,absolute per-scene metric from final main summary; included as base/rc variants for ablation comparison
glossy_synthetic,train,angel,base,valid_pair_count,10.0,count,docs/superpowers/logs/rc-refgs-fd-p2-lite-main-table-2026-05-29.csv,True,pair-count metric from earlier main consistency table; included as base/rc variants for ablation comparison
glossy_synthetic,train,angel,rc,mean_reflection_consistency,0.0997577019035816,lower,docs/superpowers/logs/rc-refgs-fd-p2-lite-final-main-summary-2026-06-01.csv,True,absolute per-scene metric from final main summary; included as base/rc variants for ablation comparison
glossy_synthetic,train,angel,rc,reflective_region_psnr,26.09582443237305,higher,docs/superpowers/logs/rc-refgs-fd-p2-lite-final-main-summary-2026-06-01.csv,True,absolute per-scene metric from final main summary; included as base/rc variants for ablation comparison
glossy_synthetic,train,angel,rc,full_psnr,32.80772658756801,higher,docs/superpowers/logs/rc-refgs-fd-p2-lite-final-main-summary-2026-06-01.csv,True,absolute per-scene metric from final main summary; included as base/rc variants for ablation comparison
glossy_synthetic,train,angel,rc,full_ssim,0.9744968760226456,higher,docs/superpowers/logs/rc-refgs-fd-p2-lite-final-main-summary-2026-06-01.csv,True,absolute per-scene metric from final main summary; included as base/rc variants for ablation comparison
glossy_synthetic,train,angel,rc,full_lpips,0.0324710208057825,lower,docs/superpowers/logs/rc-refgs-fd-p2-lite-final-main-summary-2026-06-01.csv,True,absolute per-scene metric from final main summary; included as base/rc variants for ablation comparison
glossy_synthetic,train,angel,rc,reflective_psnr,34.23360657691956,higher,docs/superpowers/logs/rc-refgs-fd-p2-lite-final-main-summary-2026-06-01.csv,True,absolute per-scene metric from final main summary; included as base/rc variants for ablation comparison
glossy_synthetic,train,angel,rc,reflective_ssim,0.9837508334645204,higher,docs/superpowers/logs/rc-refgs-fd-p2-lite-final-main-summary-2026-06-01.csv,True,absolute per-scene metric from final main summary; included as base/rc variants for ablation comparison
glossy_synthetic,train,angel,rc,reflective_lpips,0.0163719008227677,lower,docs/superpowers/logs/rc-refgs-fd-p2-lite-final-main-summary-2026-06-01.csv,True,absolute per-scene metric from final main summary; included as base/rc variants for ablation comparison
glossy_synthetic,train,angel,rc,valid_pair_count,10.0,count,docs/superpowers/logs/rc-refgs-fd-p2-lite-main-table-2026-05-29.csv,True,pair-count metric from earlier main consistency table; included as base/rc variants for ablation comparison
glossy_synthetic,train,angel,wo_ref,mean_reflection_consistency,0.1175509773194789,lower,docs/superpowers/logs/rc-refgs-fd-p2-lite-complete-metrics-ablation-table-2026-05-29.csv,True,absolute per-scene metric from complete ablation table
glossy_synthetic,train,angel,wo_ref,reflective_region_psnr,25.99390811920166,higher,docs/superpowers/logs/rc-refgs-fd-p2-lite-complete-metrics-ablation-table-2026-05-29.csv,True,absolute per-scene metric from complete ablation table
glossy_synthetic,train,angel,wo_ref,full_psnr,32.895416617393494,higher,docs/superpowers/logs/rc-refgs-fd-p2-lite-complete-metrics-ablation-table-2026-05-29.csv,True,absolute per-scene metric from complete ablation table
glossy_synthetic,train,angel,wo_ref,full_ssim,0.97448186523148,higher,docs/superpowers/logs/rc-refgs-fd-p2-lite-complete-metrics-ablation-table-2026-05-29.csv,True,absolute per-scene metric from complete ablation table
glossy_synthetic,train,angel,wo_ref,full_lpips,0.0323494809480117,lower,docs/superpowers/logs/rc-refgs-fd-p2-lite-complete-metrics-ablation-table-2026-05-29.csv,True,absolute per-scene metric from complete ablation table
glossy_synthetic,train,angel,wo_ref,reflective_psnr,34.56403170313154,higher,docs/superpowers/logs/rc-refgs-fd-p2-lite-complete-metrics-ablation-table-2026-05-29.csv,True,absolute per-scene metric from complete ablation table
glossy_synthetic,train,angel,wo_ref,reflective_ssim,0.9846151785126754,higher,docs/superpowers/logs/rc-refgs-fd-p2-lite-complete-metrics-ablation-table-2026-05-29.csv,True,absolute per-scene metric from complete ablation table
glossy_synthetic,train,angel,wo_ref,reflective_lpips,0.0157215853022145,lower,docs/superpowers/logs/rc-refgs-fd-p2-lite-complete-metrics-ablation-table-2026-05-29.csv,True,absolute per-scene metric from complete ablation table
glossy_synthetic,train,angel,wo_ref,valid_pair_count,10.0,count,docs/superpowers/logs/rc-refgs-fd-p2-lite-complete-metrics-ablation-table-2026-05-29.csv,True,absolute per-scene metric from complete ablation table
glossy_synthetic,train,angel,wo_ref,num_pairs,10.0,count,docs/superpowers/logs/rc-refgs-fd-p2-lite-complete-metrics-ablation-table-2026-05-29.csv,True,absolute per-scene metric from complete ablation table
glossy_synthetic,train,angel,wo_ref,num_images,112.0,count,docs/superpowers/logs/rc-refgs-fd-p2-lite-complete-metrics-ablation-table-2026-05-29.csv,True,absolute per-scene metric from complete ablation table
glossy_synthetic,train,angel,wo_conf,mean_reflection_consistency,0.1043616481125354,lower,docs/superpowers/logs/rc-refgs-fd-p2-lite-complete-metrics-ablation-table-2026-05-29.csv,True,absolute per-scene metric from complete ablation table
glossy_synthetic,train,angel,wo_conf,reflective_region_psnr,26.048081970214845,higher,docs/superpowers/logs/rc-refgs-fd-p2-lite-complete-metrics-ablation-table-2026-05-29.csv,True,absolute per-scene metric from complete ablation table
glossy_synthetic,train,angel,wo_conf,full_psnr,32.88566199370793,higher,docs/superpowers/logs/rc-refgs-fd-p2-lite-complete-metrics-ablation-table-2026-05-29.csv,True,absolute per-scene metric from complete ablation table
glossy_synthetic,train,angel,wo_conf,full_ssim,0.9744018933602742,higher,docs/superpowers/logs/rc-refgs-fd-p2-lite-complete-metrics-ablation-table-2026-05-29.csv,True,absolute per-scene metric from complete ablation table
glossy_synthetic,train,angel,wo_conf,full_lpips,0.0322457009460777,lower,docs/superpowers/logs/rc-refgs-fd-p2-lite-complete-metrics-ablation-table-2026-05-29.csv,True,absolute per-scene metric from complete ablation table
glossy_synthetic,train,angel,wo_conf,reflective_psnr,34.51892679078238,higher,docs/superpowers/logs/rc-refgs-fd-p2-lite-complete-metrics-ablation-table-2026-05-29.csv,True,absolute per-scene metric from complete ablation table
glossy_synthetic,train,angel,wo_conf,reflective_ssim,0.9841542036405632,higher,docs/superpowers/logs/rc-refgs-fd-p2-lite-complete-metrics-ablation-table-2026-05-29.csv,True,absolute per-scene metric from complete ablation table
glossy_synthetic,train,angel,wo_conf,reflective_lpips,0.0157127853516223,lower,docs/superpowers/logs/rc-refgs-fd-p2-lite-complete-metrics-ablation-table-2026-05-29.csv,True,absolute per-scene metric from complete ablation table
glossy_synthetic,train,angel,wo_conf,valid_pair_count,10.0,count,docs/superpowers/logs/rc-refgs-fd-p2-lite-complete-metrics-ablation-table-2026-05-29.csv,True,absolute per-scene metric from complete ablation table
glossy_synthetic,train,angel,wo_conf,num_pairs,10.0,count,docs/superpowers/logs/rc-refgs-fd-p2-lite-complete-metrics-ablation-table-2026-05-29.csv,True,absolute per-scene metric from complete ablation table
glossy_synthetic,train,angel,wo_conf,num_images,112.0,count,docs/superpowers/logs/rc-refgs-fd-p2-lite-complete-metrics-ablation-table-2026-05-29.csv,True,absolute per-scene metric from complete ablation table
glossy_synthetic,train,angel,rough_only,mean_reflection_consistency,0.1152371354401111,lower,docs/superpowers/logs/rc-refgs-fd-p2-lite-complete-metrics-ablation-table-2026-05-29.csv,True,absolute per-scene metric from complete ablation table
glossy_synthetic,train,angel,rough_only,reflective_region_psnr,25.64068298339844,higher,docs/superpowers/logs/rc-refgs-fd-p2-lite-complete-metrics-ablation-table-2026-05-29.csv,True,absolute per-scene metric from complete ablation table
glossy_synthetic,train,angel,rough_only,full_psnr,32.64003835405622,higher,docs/superpowers/logs/rc-refgs-fd-p2-lite-complete-metrics-ablation-table-2026-05-29.csv,True,absolute per-scene metric from complete ablation table
glossy_synthetic,train,angel,rough_only,full_ssim,0.9738713891378472,higher,docs/superpowers/logs/rc-refgs-fd-p2-lite-complete-metrics-ablation-table-2026-05-29.csv,True,absolute per-scene metric from complete ablation table
glossy_synthetic,train,angel,rough_only,full_lpips,0.0330251362008441,lower,docs/superpowers/logs/rc-refgs-fd-p2-lite-complete-metrics-ablation-table-2026-05-29.csv,True,absolute per-scene metric from complete ablation table
glossy_synthetic,train,angel,rough_only,reflective_psnr,34.027350834437776,higher,docs/superpowers/logs/rc-refgs-fd-p2-lite-complete-metrics-ablation-table-2026-05-29.csv,True,absolute per-scene metric from complete ablation table
glossy_synthetic,train,angel,rough_only,reflective_ssim,0.9840815556900842,higher,docs/superpowers/logs/rc-refgs-fd-p2-lite-complete-metrics-ablation-table-2026-05-29.csv,True,absolute per-scene metric from complete ablation table
glossy_synthetic,train,angel,rough_only,reflective_lpips,0.0162402759222979,lower,docs/superpowers/logs/rc-refgs-fd-p2-lite-complete-metrics-ablation-table-2026-05-29.csv,True,absolute per-scene metric from complete ablation table
glossy_synthetic,train,angel,rough_only,valid_pair_count,10.0,count,docs/superpowers/logs/rc-refgs-fd-p2-lite-complete-metrics-ablation-table-2026-05-29.csv,True,absolute per-scene metric from complete ablation table
glossy_synthetic,train,angel,rough_only,num_pairs,10.0,count,docs/superpowers/logs/rc-refgs-fd-p2-lite-complete-metrics-ablation-table-2026-05-29.csv,True,absolute per-scene metric from complete ablation table
glossy_synthetic,train,angel,rough_only,num_images,112.0,count,docs/superpowers/logs/rc-refgs-fd-p2-lite-complete-metrics-ablation-table-2026-05-29.csv,True,absolute per-scene metric from complete ablation table
glossy_synthetic,train,bell,base,mean_reflection_consistency,0.1478155322372913,lower,docs/superpowers/logs/rc-refgs-fd-p2-lite-final-main-summary-2026-06-01.csv,True,absolute per-scene metric from final main summary; included as base/rc variants for ablation comparison
glossy_synthetic,train,bell,base,reflective_region_psnr,28.298690032958984,higher,docs/superpowers/logs/rc-refgs-fd-p2-lite-final-main-summary-2026-06-01.csv,True,absolute per-scene metric from final main summary; included as base/rc variants for ablation comparison
glossy_synthetic,train,bell,base,full_psnr,34.258189473833355,higher,docs/superpowers/logs/rc-refgs-fd-p2-lite-final-main-summary-2026-06-01.csv,True,absolute per-scene metric from final main summary; included as base/rc variants for ablation comparison
glossy_synthetic,train,bell,base,full_ssim,0.976869246257203,higher,docs/superpowers/logs/rc-refgs-fd-p2-lite-final-main-summary-2026-06-01.csv,True,absolute per-scene metric from final main summary; included as base/rc variants for ablation comparison
glossy_synthetic,train,bell,base,full_lpips,0.032542489834928,lower,docs/superpowers/logs/rc-refgs-fd-p2-lite-final-main-summary-2026-06-01.csv,True,absolute per-scene metric from final main summary; included as base/rc variants for ablation comparison
glossy_synthetic,train,bell,base,reflective_psnr,34.90486281258719,higher,docs/superpowers/logs/rc-refgs-fd-p2-lite-final-main-summary-2026-06-01.csv,True,absolute per-scene metric from final main summary; included as base/rc variants for ablation comparison
glossy_synthetic,train,bell,base,reflective_ssim,0.9790980273059436,higher,docs/superpowers/logs/rc-refgs-fd-p2-lite-final-main-summary-2026-06-01.csv,True,absolute per-scene metric from final main summary; included as base/rc variants for ablation comparison
glossy_synthetic,train,bell,base,reflective_lpips,0.0260024357786668,lower,docs/superpowers/logs/rc-refgs-fd-p2-lite-final-main-summary-2026-06-01.csv,True,absolute per-scene metric from final main summary; included as base/rc variants for ablation comparison
glossy_synthetic,train,bell,base,valid_pair_count,10.0,count,docs/superpowers/logs/rc-refgs-fd-p2-lite-main-table-2026-05-29.csv,True,pair-count metric from earlier main consistency table; included as base/rc variants for ablation comparison
glossy_synthetic,train,bell,rc,mean_reflection_consistency,0.1433430403470993,lower,docs/superpowers/logs/rc-refgs-fd-p2-lite-final-main-summary-2026-06-01.csv,True,absolute per-scene metric from final main summary; included as base/rc variants for ablation comparison
glossy_synthetic,train,bell,rc,reflective_region_psnr,28.27375888824463,higher,docs/superpowers/logs/rc-refgs-fd-p2-lite-final-main-summary-2026-06-01.csv,True,absolute per-scene metric from final main summary; included as base/rc variants for ablation comparison
glossy_synthetic,train,bell,rc,full_psnr,34.27323712621416,higher,docs/superpowers/logs/rc-refgs-fd-p2-lite-final-main-summary-2026-06-01.csv,True,absolute per-scene metric from final main summary; included as base/rc variants for ablation comparison
glossy_synthetic,train,bell,rc,full_ssim,0.9775770684438092,higher,docs/superpowers/logs/rc-refgs-fd-p2-lite-final-main-summary-2026-06-01.csv,True,absolute per-scene metric from final main summary; included as base/rc variants for ablation comparison
glossy_synthetic,train,bell,rc,full_lpips,0.0309785973846114,lower,docs/superpowers/logs/rc-refgs-fd-p2-lite-final-main-summary-2026-06-01.csv,True,absolute per-scene metric from final main summary; included as base/rc variants for ablation comparison
glossy_synthetic,train,bell,rc,reflective_psnr,34.9207432610648,higher,docs/superpowers/logs/rc-refgs-fd-p2-lite-final-main-summary-2026-06-01.csv,True,absolute per-scene metric from final main summary; included as base/rc variants for ablation comparison
glossy_synthetic,train,bell,rc,reflective_ssim,0.9798789471387864,higher,docs/superpowers/logs/rc-refgs-fd-p2-lite-final-main-summary-2026-06-01.csv,True,absolute per-scene metric from final main summary; included as base/rc variants for ablation comparison
glossy_synthetic,train,bell,rc,reflective_lpips,0.0244719251890533,lower,docs/superpowers/logs/rc-refgs-fd-p2-lite-final-main-summary-2026-06-01.csv,True,absolute per-scene metric from final main summary; included as base/rc variants for ablation comparison
glossy_synthetic,train,bell,rc,valid_pair_count,10.0,count,docs/superpowers/logs/rc-refgs-fd-p2-lite-main-table-2026-05-29.csv,True,pair-count metric from earlier main consistency table; included as base/rc variants for ablation comparison
glossy_synthetic,train,bell,wo_ref,mean_reflection_consistency,0.1472119845449924,lower,docs/superpowers/logs/rc-refgs-fd-p2-lite-complete-metrics-ablation-table-2026-05-29.csv,True,absolute per-scene metric from complete ablation table
glossy_synthetic,train,bell,wo_ref,reflective_region_psnr,28.287261962890625,higher,docs/superpowers/logs/rc-refgs-fd-p2-lite-complete-metrics-ablation-table-2026-05-29.csv,True,absolute per-scene metric from complete ablation table
glossy_synthetic,train,bell,wo_ref,full_psnr,34.103809288569856,higher,docs/superpowers/logs/rc-refgs-fd-p2-lite-complete-metrics-ablation-table-2026-05-29.csv,True,absolute per-scene metric from complete ablation table
glossy_synthetic,train,bell,wo_ref,full_ssim,0.9761554598808287,higher,docs/superpowers/logs/rc-refgs-fd-p2-lite-complete-metrics-ablation-table-2026-05-29.csv,True,absolute per-scene metric from complete ablation table
glossy_synthetic,train,bell,wo_ref,full_lpips,0.0333940191194415,lower,docs/superpowers/logs/rc-refgs-fd-p2-lite-complete-metrics-ablation-table-2026-05-29.csv,True,absolute per-scene metric from complete ablation table
glossy_synthetic,train,bell,wo_ref,reflective_psnr,34.78946573393686,higher,docs/superpowers/logs/rc-refgs-fd-p2-lite-complete-metrics-ablation-table-2026-05-29.csv,True,absolute per-scene metric from complete ablation table
glossy_synthetic,train,bell,wo_ref,reflective_ssim,0.9787812456488608,higher,docs/superpowers/logs/rc-refgs-fd-p2-lite-complete-metrics-ablation-table-2026-05-29.csv,True,absolute per-scene metric from complete ablation table
glossy_synthetic,train,bell,wo_ref,reflective_lpips,0.0266518970851653,lower,docs/superpowers/logs/rc-refgs-fd-p2-lite-complete-metrics-ablation-table-2026-05-29.csv,True,absolute per-scene metric from complete ablation table
glossy_synthetic,train,bell,wo_ref,valid_pair_count,10.0,count,docs/superpowers/logs/rc-refgs-fd-p2-lite-complete-metrics-ablation-table-2026-05-29.csv,True,absolute per-scene metric from complete ablation table
glossy_synthetic,train,bell,wo_ref,num_pairs,10.0,count,docs/superpowers/logs/rc-refgs-fd-p2-lite-complete-metrics-ablation-table-2026-05-29.csv,True,absolute per-scene metric from complete ablation table
glossy_synthetic,train,bell,wo_ref,num_images,112.0,count,docs/superpowers/logs/rc-refgs-fd-p2-lite-complete-metrics-ablation-table-2026-05-29.csv,True,absolute per-scene metric from complete ablation table
glossy_synthetic,train,bell,wo_conf,mean_reflection_consistency,0.1432468637824058,lower,docs/superpowers/logs/rc-refgs-fd-p2-lite-complete-metrics-ablation-table-2026-05-29.csv,True,absolute per-scene metric from complete ablation table
glossy_synthetic,train,bell,wo_conf,reflective_region_psnr,28.281042098999023,higher,docs/superpowers/logs/rc-refgs-fd-p2-lite-complete-metrics-ablation-table-2026-05-29.csv,True,absolute per-scene metric from complete ablation table
glossy_synthetic,train,bell,wo_conf,full_psnr,34.23323018210275,higher,docs/superpowers/logs/rc-refgs-fd-p2-lite-complete-metrics-ablation-table-2026-05-29.csv,True,absolute per-scene metric from complete ablation table
glossy_synthetic,train,bell,wo_conf,full_ssim,0.9767290518752166,higher,docs/superpowers/logs/rc-refgs-fd-p2-lite-complete-metrics-ablation-table-2026-05-29.csv,True,absolute per-scene metric from complete ablation table
glossy_synthetic,train,bell,wo_conf,full_lpips,0.0328654090408235,lower,docs/superpowers/logs/rc-refgs-fd-p2-lite-complete-metrics-ablation-table-2026-05-29.csv,True,absolute per-scene metric from complete ablation table
glossy_synthetic,train,bell,wo_conf,reflective_psnr,34.86687840734209,higher,docs/superpowers/logs/rc-refgs-fd-p2-lite-complete-metrics-ablation-table-2026-05-29.csv,True,absolute per-scene metric from complete ablation table
glossy_synthetic,train,bell,wo_conf,reflective_ssim,0.9788906994674887,higher,docs/superpowers/logs/rc-refgs-fd-p2-lite-complete-metrics-ablation-table-2026-05-29.csv,True,absolute per-scene metric from complete ablation table
glossy_synthetic,train,bell,wo_conf,reflective_lpips,0.0265659605585304,lower,docs/superpowers/logs/rc-refgs-fd-p2-lite-complete-metrics-ablation-table-2026-05-29.csv,True,absolute per-scene metric from complete ablation table
glossy_synthetic,train,bell,wo_conf,valid_pair_count,10.0,count,docs/superpowers/logs/rc-refgs-fd-p2-lite-complete-metrics-ablation-table-2026-05-29.csv,True,absolute per-scene metric from complete ablation table
glossy_synthetic,train,bell,wo_conf,num_pairs,10.0,count,docs/superpowers/logs/rc-refgs-fd-p2-lite-complete-metrics-ablation-table-2026-05-29.csv,True,absolute per-scene metric from complete ablation table
glossy_synthetic,train,bell,wo_conf,num_images,112.0,count,docs/superpowers/logs/rc-refgs-fd-p2-lite-complete-metrics-ablation-table-2026-05-29.csv,True,absolute per-scene metric from complete ablation table
glossy_synthetic,train,bell,rough_only,mean_reflection_consistency,0.150847277790308,lower,docs/superpowers/logs/rc-refgs-fd-p2-lite-complete-metrics-ablation-table-2026-05-29.csv,True,absolute per-scene metric from complete ablation table
glossy_synthetic,train,bell,rough_only,reflective_region_psnr,28.27362060546875,higher,docs/superpowers/logs/rc-refgs-fd-p2-lite-complete-metrics-ablation-table-2026-05-29.csv,True,absolute per-scene metric from complete ablation table
glossy_synthetic,train,bell,rough_only,full_psnr,34.232450008392334,higher,docs/superpowers/logs/rc-refgs-fd-p2-lite-complete-metrics-ablation-table-2026-05-29.csv,True,absolute per-scene metric from complete ablation table
glossy_synthetic,train,bell,rough_only,full_ssim,0.976803178765944,higher,docs/superpowers/logs/rc-refgs-fd-p2-lite-complete-metrics-ablation-table-2026-05-29.csv,True,absolute per-scene metric from complete ablation table
glossy_synthetic,train,bell,rough_only,full_lpips,0.0329372637206688,lower,docs/superpowers/logs/rc-refgs-fd-p2-lite-complete-metrics-ablation-table-2026-05-29.csv,True,absolute per-scene metric from complete ablation table
glossy_synthetic,train,bell,rough_only,reflective_psnr,34.85300987107413,higher,docs/superpowers/logs/rc-refgs-fd-p2-lite-complete-metrics-ablation-table-2026-05-29.csv,True,absolute per-scene metric from complete ablation table
glossy_synthetic,train,bell,rough_only,reflective_ssim,0.9793340042233468,higher,docs/superpowers/logs/rc-refgs-fd-p2-lite-complete-metrics-ablation-table-2026-05-29.csv,True,absolute per-scene metric from complete ablation table
glossy_synthetic,train,bell,rough_only,reflective_lpips,0.0270949976319181,lower,docs/superpowers/logs/rc-refgs-fd-p2-lite-complete-metrics-ablation-table-2026-05-29.csv,True,absolute per-scene metric from complete ablation table
glossy_synthetic,train,bell,rough_only,valid_pair_count,10.0,count,docs/superpowers/logs/rc-refgs-fd-p2-lite-complete-metrics-ablation-table-2026-05-29.csv,True,absolute per-scene metric from complete ablation table
glossy_synthetic,train,bell,rough_only,num_pairs,10.0,count,docs/superpowers/logs/rc-refgs-fd-p2-lite-complete-metrics-ablation-table-2026-05-29.csv,True,absolute per-scene metric from complete ablation table
glossy_synthetic,train,bell,rough_only,num_images,112.0,count,docs/superpowers/logs/rc-refgs-fd-p2-lite-complete-metrics-ablation-table-2026-05-29.csv,True,absolute per-scene metric from complete ablation table
glossy_synthetic,train,cat,base,mean_reflection_consistency,0.1224585108458995,lower,docs/superpowers/logs/rc-refgs-fd-p2-lite-final-main-summary-2026-06-01.csv,True,absolute per-scene metric from final main summary; included as base/rc variants for ablation comparison
glossy_synthetic,train,cat,base,reflective_region_psnr,28.26777744293213,higher,docs/superpowers/logs/rc-refgs-fd-p2-lite-final-main-summary-2026-06-01.csv,True,absolute per-scene metric from final main summary; included as base/rc variants for ablation comparison
glossy_synthetic,train,cat,base,full_psnr,36.00860548019409,higher,docs/superpowers/logs/rc-refgs-fd-p2-lite-final-main-summary-2026-06-01.csv,True,absolute per-scene metric from final main summary; included as base/rc variants for ablation comparison
glossy_synthetic,train,cat,base,full_ssim,0.9855903860713754,higher,docs/superpowers/logs/rc-refgs-fd-p2-lite-final-main-summary-2026-06-01.csv,True,absolute per-scene metric from final main summary; included as base/rc variants for ablation comparison
glossy_synthetic,train,cat,base,full_lpips,0.0293366401788911,lower,docs/superpowers/logs/rc-refgs-fd-p2-lite-final-main-summary-2026-06-01.csv,True,absolute per-scene metric from final main summary; included as base/rc variants for ablation comparison
glossy_synthetic,train,cat,base,reflective_psnr,36.98094197681972,higher,docs/superpowers/logs/rc-refgs-fd-p2-lite-final-main-summary-2026-06-01.csv,True,absolute per-scene metric from final main summary; included as base/rc variants for ablation comparison
glossy_synthetic,train,cat,base,reflective_ssim,0.989677577146462,higher,docs/superpowers/logs/rc-refgs-fd-p2-lite-final-main-summary-2026-06-01.csv,True,absolute per-scene metric from final main summary; included as base/rc variants for ablation comparison
glossy_synthetic,train,cat,base,reflective_lpips,0.0180683377298659,lower,docs/superpowers/logs/rc-refgs-fd-p2-lite-final-main-summary-2026-06-01.csv,True,absolute per-scene metric from final main summary; included as base/rc variants for ablation comparison
glossy_synthetic,train,cat,base,valid_pair_count,10.0,count,docs/superpowers/logs/rc-refgs-fd-p2-lite-main-table-2026-05-29.csv,True,pair-count metric from earlier main consistency table; included as base/rc variants for ablation comparison
glossy_synthetic,train,cat,rc,mean_reflection_consistency,0.1153977930545806,lower,docs/superpowers/logs/rc-refgs-fd-p2-lite-final-main-summary-2026-06-01.csv,True,absolute per-scene metric from final main summary; included as base/rc variants for ablation comparison
glossy_synthetic,train,cat,rc,reflective_region_psnr,28.245301818847658,higher,docs/superpowers/logs/rc-refgs-fd-p2-lite-final-main-summary-2026-06-01.csv,True,absolute per-scene metric from final main summary; included as base/rc variants for ablation comparison
glossy_synthetic,train,cat,rc,full_psnr,36.03758927753994,higher,docs/superpowers/logs/rc-refgs-fd-p2-lite-final-main-summary-2026-06-01.csv,True,absolute per-scene metric from final main summary; included as base/rc variants for ablation comparison
glossy_synthetic,train,cat,rc,full_ssim,0.9857039712369442,higher,docs/superpowers/logs/rc-refgs-fd-p2-lite-final-main-summary-2026-06-01.csv,True,absolute per-scene metric from final main summary; included as base/rc variants for ablation comparison
glossy_synthetic,train,cat,rc,full_lpips,0.0291747528826817,lower,docs/superpowers/logs/rc-refgs-fd-p2-lite-final-main-summary-2026-06-01.csv,True,absolute per-scene metric from final main summary; included as base/rc variants for ablation comparison
glossy_synthetic,train,cat,rc,reflective_psnr,36.875485352107454,higher,docs/superpowers/logs/rc-refgs-fd-p2-lite-final-main-summary-2026-06-01.csv,True,absolute per-scene metric from final main summary; included as base/rc variants for ablation comparison
glossy_synthetic,train,cat,rc,reflective_ssim,0.9890196302107402,higher,docs/superpowers/logs/rc-refgs-fd-p2-lite-final-main-summary-2026-06-01.csv,True,absolute per-scene metric from final main summary; included as base/rc variants for ablation comparison
glossy_synthetic,train,cat,rc,reflective_lpips,0.0188038112329585,lower,docs/superpowers/logs/rc-refgs-fd-p2-lite-final-main-summary-2026-06-01.csv,True,absolute per-scene metric from final main summary; included as base/rc variants for ablation comparison
glossy_synthetic,train,cat,rc,valid_pair_count,10.0,count,docs/superpowers/logs/rc-refgs-fd-p2-lite-main-table-2026-05-29.csv,True,pair-count metric from earlier main consistency table; included as base/rc variants for ablation comparison
glossy_synthetic,train,cat,wo_ref,mean_reflection_consistency,0.1248512998223304,lower,docs/superpowers/logs/rc-refgs-fd-p2-lite-complete-metrics-ablation-table-2026-05-29.csv,True,absolute per-scene metric from complete ablation table
glossy_synthetic,train,cat,wo_ref,reflective_region_psnr,28.06360321044922,higher,docs/superpowers/logs/rc-refgs-fd-p2-lite-complete-metrics-ablation-table-2026-05-29.csv,True,absolute per-scene metric from complete ablation table
glossy_synthetic,train,cat,wo_ref,full_psnr,35.66708442143032,higher,docs/superpowers/logs/rc-refgs-fd-p2-lite-complete-metrics-ablation-table-2026-05-29.csv,True,absolute per-scene metric from complete ablation table
glossy_synthetic,train,cat,wo_ref,full_ssim,0.9846585802733898,higher,docs/superpowers/logs/rc-refgs-fd-p2-lite-complete-metrics-ablation-table-2026-05-29.csv,True,absolute per-scene metric from complete ablation table
glossy_synthetic,train,cat,wo_ref,full_lpips,0.0307441557524725,lower,docs/superpowers/logs/rc-refgs-fd-p2-lite-complete-metrics-ablation-table-2026-05-29.csv,True,absolute per-scene metric from complete ablation table
glossy_synthetic,train,cat,wo_ref,reflective_psnr,36.9030259677342,higher,docs/superpowers/logs/rc-refgs-fd-p2-lite-complete-metrics-ablation-table-2026-05-29.csv,True,absolute per-scene metric from complete ablation table
glossy_synthetic,train,cat,wo_ref,reflective_ssim,0.9897249191999437,higher,docs/superpowers/logs/rc-refgs-fd-p2-lite-complete-metrics-ablation-table-2026-05-29.csv,True,absolute per-scene metric from complete ablation table
glossy_synthetic,train,cat,wo_ref,reflective_lpips,0.0181388792033041,lower,docs/superpowers/logs/rc-refgs-fd-p2-lite-complete-metrics-ablation-table-2026-05-29.csv,True,absolute per-scene metric from complete ablation table
glossy_synthetic,train,cat,wo_ref,valid_pair_count,10.0,count,docs/superpowers/logs/rc-refgs-fd-p2-lite-complete-metrics-ablation-table-2026-05-29.csv,True,absolute per-scene metric from complete ablation table
glossy_synthetic,train,cat,wo_ref,num_pairs,10.0,count,docs/superpowers/logs/rc-refgs-fd-p2-lite-complete-metrics-ablation-table-2026-05-29.csv,True,absolute per-scene metric from complete ablation table
glossy_synthetic,train,cat,wo_ref,num_images,112.0,count,docs/superpowers/logs/rc-refgs-fd-p2-lite-complete-metrics-ablation-table-2026-05-29.csv,True,absolute per-scene metric from complete ablation table
glossy_synthetic,train,cat,wo_conf,mean_reflection_consistency,0.1199806176126003,lower,docs/superpowers/logs/rc-refgs-fd-p2-lite-complete-metrics-ablation-table-2026-05-29.csv,True,absolute per-scene metric from complete ablation table
glossy_synthetic,train,cat,wo_conf,reflective_region_psnr,27.952320671081544,higher,docs/superpowers/logs/rc-refgs-fd-p2-lite-complete-metrics-ablation-table-2026-05-29.csv,True,absolute per-scene metric from complete ablation table
glossy_synthetic,train,cat,wo_conf,full_psnr,35.645037923540386,higher,docs/superpowers/logs/rc-refgs-fd-p2-lite-complete-metrics-ablation-table-2026-05-29.csv,True,absolute per-scene metric from complete ablation table
glossy_synthetic,train,cat,wo_conf,full_ssim,0.9847686061901706,higher,docs/superpowers/logs/rc-refgs-fd-p2-lite-complete-metrics-ablation-table-2026-05-29.csv,True,absolute per-scene metric from complete ablation table
glossy_synthetic,train,cat,wo_conf,full_lpips,0.0306130682168129,lower,docs/superpowers/logs/rc-refgs-fd-p2-lite-complete-metrics-ablation-table-2026-05-29.csv,True,absolute per-scene metric from complete ablation table
glossy_synthetic,train,cat,wo_conf,reflective_psnr,37.06301147597177,higher,docs/superpowers/logs/rc-refgs-fd-p2-lite-complete-metrics-ablation-table-2026-05-29.csv,True,absolute per-scene metric from complete ablation table
glossy_synthetic,train,cat,wo_conf,reflective_ssim,0.9900204672345092,higher,docs/superpowers/logs/rc-refgs-fd-p2-lite-complete-metrics-ablation-table-2026-05-29.csv,True,absolute per-scene metric from complete ablation table
glossy_synthetic,train,cat,wo_conf,reflective_lpips,0.0174814828289007,lower,docs/superpowers/logs/rc-refgs-fd-p2-lite-complete-metrics-ablation-table-2026-05-29.csv,True,absolute per-scene metric from complete ablation table
glossy_synthetic,train,cat,wo_conf,valid_pair_count,10.0,count,docs/superpowers/logs/rc-refgs-fd-p2-lite-complete-metrics-ablation-table-2026-05-29.csv,True,absolute per-scene metric from complete ablation table
glossy_synthetic,train,cat,wo_conf,num_pairs,10.0,count,docs/superpowers/logs/rc-refgs-fd-p2-lite-complete-metrics-ablation-table-2026-05-29.csv,True,absolute per-scene metric from complete ablation table
glossy_synthetic,train,cat,wo_conf,num_images,112.0,count,docs/superpowers/logs/rc-refgs-fd-p2-lite-complete-metrics-ablation-table-2026-05-29.csv,True,absolute per-scene metric from complete ablation table
glossy_synthetic,train,cat,rough_only,mean_reflection_consistency,0.1237304925918579,lower,docs/superpowers/logs/rc-refgs-fd-p2-lite-complete-metrics-ablation-table-2026-05-29.csv,True,absolute per-scene metric from complete ablation table
glossy_synthetic,train,cat,rough_only,reflective_region_psnr,28.029560089111328,higher,docs/superpowers/logs/rc-refgs-fd-p2-lite-complete-metrics-ablation-table-2026-05-29.csv,True,absolute per-scene metric from complete ablation table
glossy_synthetic,train,cat,rough_only,full_psnr,35.88318872451782,higher,docs/superpowers/logs/rc-refgs-fd-p2-lite-complete-metrics-ablation-table-2026-05-29.csv,True,absolute per-scene metric from complete ablation table
glossy_synthetic,train,cat,rough_only,full_ssim,0.9853117199880737,higher,docs/superpowers/logs/rc-refgs-fd-p2-lite-complete-metrics-ablation-table-2026-05-29.csv,True,absolute per-scene metric from complete ablation table
glossy_synthetic,train,cat,rough_only,full_lpips,0.030163066478313,lower,docs/superpowers/logs/rc-refgs-fd-p2-lite-complete-metrics-ablation-table-2026-05-29.csv,True,absolute per-scene metric from complete ablation table
glossy_synthetic,train,cat,rough_only,reflective_psnr,36.88422308649336,higher,docs/superpowers/logs/rc-refgs-fd-p2-lite-complete-metrics-ablation-table-2026-05-29.csv,True,absolute per-scene metric from complete ablation table
glossy_synthetic,train,cat,rough_only,reflective_ssim,0.989500999982868,higher,docs/superpowers/logs/rc-refgs-fd-p2-lite-complete-metrics-ablation-table-2026-05-29.csv,True,absolute per-scene metric from complete ablation table
glossy_synthetic,train,cat,rough_only,reflective_lpips,0.0187849057339397,lower,docs/superpowers/logs/rc-refgs-fd-p2-lite-complete-metrics-ablation-table-2026-05-29.csv,True,absolute per-scene metric from complete ablation table
glossy_synthetic,train,cat,rough_only,valid_pair_count,10.0,count,docs/superpowers/logs/rc-refgs-fd-p2-lite-complete-metrics-ablation-table-2026-05-29.csv,True,absolute per-scene metric from complete ablation table
glossy_synthetic,train,cat,rough_only,num_pairs,10.0,count,docs/superpowers/logs/rc-refgs-fd-p2-lite-complete-metrics-ablation-table-2026-05-29.csv,True,absolute per-scene metric from complete ablation table
glossy_synthetic,train,cat,rough_only,num_images,112.0,count,docs/superpowers/logs/rc-refgs-fd-p2-lite-complete-metrics-ablation-table-2026-05-29.csv,True,absolute per-scene metric from complete ablation table
glossy_synthetic,train,horse,base,mean_reflection_consistency,0.1993733793497085,lower,docs/superpowers/logs/rc-refgs-fd-p2-lite-final-main-summary-2026-06-01.csv,True,absolute per-scene metric from final main summary; included as base/rc variants for ablation comparison
glossy_synthetic,train,horse,base,reflective_region_psnr,24.13563022613525,higher,docs/superpowers/logs/rc-refgs-fd-p2-lite-final-main-summary-2026-06-01.csv,True,absolute per-scene metric from final main summary; included as base/rc variants for ablation comparison
glossy_synthetic,train,horse,base,full_psnr,30.47383063180106,higher,docs/superpowers/logs/rc-refgs-fd-p2-lite-final-main-summary-2026-06-01.csv,True,absolute per-scene metric from final main summary; included as base/rc variants for ablation comparison
glossy_synthetic,train,horse,base,full_ssim,0.9692279866763523,higher,docs/superpowers/logs/rc-refgs-fd-p2-lite-final-main-summary-2026-06-01.csv,True,absolute per-scene metric from final main summary; included as base/rc variants for ablation comparison
glossy_synthetic,train,horse,base,full_lpips,0.0293434990702995,lower,docs/superpowers/logs/rc-refgs-fd-p2-lite-final-main-summary-2026-06-01.csv,True,absolute per-scene metric from final main summary; included as base/rc variants for ablation comparison
glossy_synthetic,train,horse,base,reflective_psnr,32.955077852521626,higher,docs/superpowers/logs/rc-refgs-fd-p2-lite-final-main-summary-2026-06-01.csv,True,absolute per-scene metric from final main summary; included as base/rc variants for ablation comparison
glossy_synthetic,train,horse,base,reflective_ssim,0.980091870895454,higher,docs/superpowers/logs/rc-refgs-fd-p2-lite-final-main-summary-2026-06-01.csv,True,absolute per-scene metric from final main summary; included as base/rc variants for ablation comparison
glossy_synthetic,train,horse,base,reflective_lpips,0.0174163100808592,lower,docs/superpowers/logs/rc-refgs-fd-p2-lite-final-main-summary-2026-06-01.csv,True,absolute per-scene metric from final main summary; included as base/rc variants for ablation comparison
glossy_synthetic,train,horse,base,valid_pair_count,10.0,count,docs/superpowers/logs/rc-refgs-fd-p2-lite-main-table-2026-05-29.csv,True,pair-count metric from earlier main consistency table; included as base/rc variants for ablation comparison
glossy_synthetic,train,horse,rc,mean_reflection_consistency,0.178480402380228,lower,docs/superpowers/logs/rc-refgs-fd-p2-lite-final-main-summary-2026-06-01.csv,True,absolute per-scene metric from final main summary; included as base/rc variants for ablation comparison
glossy_synthetic,train,horse,rc,reflective_region_psnr,24.25545234680176,higher,docs/superpowers/logs/rc-refgs-fd-p2-lite-final-main-summary-2026-06-01.csv,True,absolute per-scene metric from final main summary; included as base/rc variants for ablation comparison
glossy_synthetic,train,horse,rc,full_psnr,30.506667528833663,higher,docs/superpowers/logs/rc-refgs-fd-p2-lite-final-main-summary-2026-06-01.csv,True,absolute per-scene metric from final main summary; included as base/rc variants for ablation comparison
glossy_synthetic,train,horse,rc,full_ssim,0.969814194632428,higher,docs/superpowers/logs/rc-refgs-fd-p2-lite-final-main-summary-2026-06-01.csv,True,absolute per-scene metric from final main summary; included as base/rc variants for ablation comparison
glossy_synthetic,train,horse,rc,full_lpips,0.0291160381498879,lower,docs/superpowers/logs/rc-refgs-fd-p2-lite-final-main-summary-2026-06-01.csv,True,absolute per-scene metric from final main summary; included as base/rc variants for ablation comparison
glossy_synthetic,train,horse,rc,reflective_psnr,33.067918624196736,higher,docs/superpowers/logs/rc-refgs-fd-p2-lite-final-main-summary-2026-06-01.csv,True,absolute per-scene metric from final main summary; included as base/rc variants for ablation comparison
glossy_synthetic,train,horse,rc,reflective_ssim,0.980128502207143,higher,docs/superpowers/logs/rc-refgs-fd-p2-lite-final-main-summary-2026-06-01.csv,True,absolute per-scene metric from final main summary; included as base/rc variants for ablation comparison
glossy_synthetic,train,horse,rc,reflective_lpips,0.0175319924850815,lower,docs/superpowers/logs/rc-refgs-fd-p2-lite-final-main-summary-2026-06-01.csv,True,absolute per-scene metric from final main summary; included as base/rc variants for ablation comparison
glossy_synthetic,train,horse,rc,valid_pair_count,10.0,count,docs/superpowers/logs/rc-refgs-fd-p2-lite-main-table-2026-05-29.csv,True,pair-count metric from earlier main consistency table; included as base/rc variants for ablation comparison
glossy_synthetic,train,horse,wo_ref,mean_reflection_consistency,0.1957314908504486,lower,docs/superpowers/logs/rc-refgs-fd-p2-lite-complete-metrics-ablation-table-2026-05-29.csv,True,absolute per-scene metric from complete ablation table
glossy_synthetic,train,horse,wo_ref,reflective_region_psnr,23.41133346557617,higher,docs/superpowers/logs/rc-refgs-fd-p2-lite-complete-metrics-ablation-table-2026-05-29.csv,True,absolute per-scene metric from complete ablation table
glossy_synthetic,train,horse,wo_ref,full_psnr,30.001469952719557,higher,docs/superpowers/logs/rc-refgs-fd-p2-lite-complete-metrics-ablation-table-2026-05-29.csv,True,absolute per-scene metric from complete ablation table
glossy_synthetic,train,horse,wo_ref,full_ssim,0.96853007376194,higher,docs/superpowers/logs/rc-refgs-fd-p2-lite-complete-metrics-ablation-table-2026-05-29.csv,True,absolute per-scene metric from complete ablation table
glossy_synthetic,train,horse,wo_ref,full_lpips,0.0315188622002356,lower,docs/superpowers/logs/rc-refgs-fd-p2-lite-complete-metrics-ablation-table-2026-05-29.csv,True,absolute per-scene metric from complete ablation table
glossy_synthetic,train,horse,wo_ref,reflective_psnr,32.242526922907146,higher,docs/superpowers/logs/rc-refgs-fd-p2-lite-complete-metrics-ablation-table-2026-05-29.csv,True,absolute per-scene metric from complete ablation table
glossy_synthetic,train,horse,wo_ref,reflective_ssim,0.9793699149574552,higher,docs/superpowers/logs/rc-refgs-fd-p2-lite-complete-metrics-ablation-table-2026-05-29.csv,True,absolute per-scene metric from complete ablation table
glossy_synthetic,train,horse,wo_ref,reflective_lpips,0.0194963315817793,lower,docs/superpowers/logs/rc-refgs-fd-p2-lite-complete-metrics-ablation-table-2026-05-29.csv,True,absolute per-scene metric from complete ablation table
glossy_synthetic,train,horse,wo_ref,valid_pair_count,10.0,count,docs/superpowers/logs/rc-refgs-fd-p2-lite-complete-metrics-ablation-table-2026-05-29.csv,True,absolute per-scene metric from complete ablation table
glossy_synthetic,train,horse,wo_ref,num_pairs,10.0,count,docs/superpowers/logs/rc-refgs-fd-p2-lite-complete-metrics-ablation-table-2026-05-29.csv,True,absolute per-scene metric from complete ablation table
glossy_synthetic,train,horse,wo_ref,num_images,112.0,count,docs/superpowers/logs/rc-refgs-fd-p2-lite-complete-metrics-ablation-table-2026-05-29.csv,True,absolute per-scene metric from complete ablation table
glossy_synthetic,train,horse,wo_conf,mean_reflection_consistency,0.1814376354217529,lower,docs/superpowers/logs/rc-refgs-fd-p2-lite-complete-metrics-ablation-table-2026-05-29.csv,True,absolute per-scene metric from complete ablation table
glossy_synthetic,train,horse,wo_conf,reflective_region_psnr,24.006666946411134,higher,docs/superpowers/logs/rc-refgs-fd-p2-lite-complete-metrics-ablation-table-2026-05-29.csv,True,absolute per-scene metric from complete ablation table
glossy_synthetic,train,horse,wo_conf,full_psnr,30.35312044620514,higher,docs/superpowers/logs/rc-refgs-fd-p2-lite-complete-metrics-ablation-table-2026-05-29.csv,True,absolute per-scene metric from complete ablation table
glossy_synthetic,train,horse,wo_conf,full_ssim,0.968864472316844,higher,docs/superpowers/logs/rc-refgs-fd-p2-lite-complete-metrics-ablation-table-2026-05-29.csv,True,absolute per-scene metric from complete ablation table
glossy_synthetic,train,horse,wo_conf,full_lpips,0.0303609776310622,lower,docs/superpowers/logs/rc-refgs-fd-p2-lite-complete-metrics-ablation-table-2026-05-29.csv,True,absolute per-scene metric from complete ablation table
glossy_synthetic,train,horse,wo_conf,reflective_psnr,32.720366512026104,higher,docs/superpowers/logs/rc-refgs-fd-p2-lite-complete-metrics-ablation-table-2026-05-29.csv,True,absolute per-scene metric from complete ablation table
glossy_synthetic,train,horse,wo_conf,reflective_ssim,0.979630384594202,higher,docs/superpowers/logs/rc-refgs-fd-p2-lite-complete-metrics-ablation-table-2026-05-29.csv,True,absolute per-scene metric from complete ablation table
glossy_synthetic,train,horse,wo_conf,reflective_lpips,0.0184268125615614,lower,docs/superpowers/logs/rc-refgs-fd-p2-lite-complete-metrics-ablation-table-2026-05-29.csv,True,absolute per-scene metric from complete ablation table
glossy_synthetic,train,horse,wo_conf,valid_pair_count,10.0,count,docs/superpowers/logs/rc-refgs-fd-p2-lite-complete-metrics-ablation-table-2026-05-29.csv,True,absolute per-scene metric from complete ablation table
glossy_synthetic,train,horse,wo_conf,num_pairs,10.0,count,docs/superpowers/logs/rc-refgs-fd-p2-lite-complete-metrics-ablation-table-2026-05-29.csv,True,absolute per-scene metric from complete ablation table
glossy_synthetic,train,horse,wo_conf,num_images,112.0,count,docs/superpowers/logs/rc-refgs-fd-p2-lite-complete-metrics-ablation-table-2026-05-29.csv,True,absolute per-scene metric from complete ablation table
glossy_synthetic,train,horse,rough_only,mean_reflection_consistency,0.1980418115854263,lower,docs/superpowers/logs/rc-refgs-fd-p2-lite-complete-metrics-ablation-table-2026-05-29.csv,True,absolute per-scene metric from complete ablation table
glossy_synthetic,train,horse,rough_only,reflective_region_psnr,23.90645294189453,higher,docs/superpowers/logs/rc-refgs-fd-p2-lite-complete-metrics-ablation-table-2026-05-29.csv,True,absolute per-scene metric from complete ablation table
glossy_synthetic,train,horse,rough_only,full_psnr,30.46162848813193,higher,docs/superpowers/logs/rc-refgs-fd-p2-lite-complete-metrics-ablation-table-2026-05-29.csv,True,absolute per-scene metric from complete ablation table
glossy_synthetic,train,horse,rough_only,full_ssim,0.9691522062889169,higher,docs/superpowers/logs/rc-refgs-fd-p2-lite-complete-metrics-ablation-table-2026-05-29.csv,True,absolute per-scene metric from complete ablation table
glossy_synthetic,train,horse,rough_only,full_lpips,0.0298955312963309,lower,docs/superpowers/logs/rc-refgs-fd-p2-lite-complete-metrics-ablation-table-2026-05-29.csv,True,absolute per-scene metric from complete ablation table
glossy_synthetic,train,horse,rough_only,reflective_psnr,32.58050959450858,higher,docs/superpowers/logs/rc-refgs-fd-p2-lite-complete-metrics-ablation-table-2026-05-29.csv,True,absolute per-scene metric from complete ablation table
glossy_synthetic,train,horse,rough_only,reflective_ssim,0.9808108982230936,higher,docs/superpowers/logs/rc-refgs-fd-p2-lite-complete-metrics-ablation-table-2026-05-29.csv,True,absolute per-scene metric from complete ablation table
glossy_synthetic,train,horse,rough_only,reflective_lpips,0.0172223605830887,lower,docs/superpowers/logs/rc-refgs-fd-p2-lite-complete-metrics-ablation-table-2026-05-29.csv,True,absolute per-scene metric from complete ablation table
glossy_synthetic,train,horse,rough_only,valid_pair_count,10.0,count,docs/superpowers/logs/rc-refgs-fd-p2-lite-complete-metrics-ablation-table-2026-05-29.csv,True,absolute per-scene metric from complete ablation table
glossy_synthetic,train,horse,rough_only,num_pairs,10.0,count,docs/superpowers/logs/rc-refgs-fd-p2-lite-complete-metrics-ablation-table-2026-05-29.csv,True,absolute per-scene metric from complete ablation table
glossy_synthetic,train,horse,rough_only,num_images,112.0,count,docs/superpowers/logs/rc-refgs-fd-p2-lite-complete-metrics-ablation-table-2026-05-29.csv,True,absolute per-scene metric from complete ablation table
glossy_synthetic,train,luyu,base,mean_reflection_consistency,0.1188806600868701,lower,docs/superpowers/logs/rc-refgs-fd-p2-lite-final-main-summary-2026-06-01.csv,True,absolute per-scene metric from final main summary; included as base/rc variants for ablation comparison
glossy_synthetic,train,luyu,base,reflective_region_psnr,25.514339637756347,higher,docs/superpowers/logs/rc-refgs-fd-p2-lite-final-main-summary-2026-06-01.csv,True,absolute per-scene metric from final main summary; included as base/rc variants for ablation comparison
glossy_synthetic,train,luyu,base,full_psnr,32.07533998148782,higher,docs/superpowers/logs/rc-refgs-fd-p2-lite-final-main-summary-2026-06-01.csv,True,absolute per-scene metric from final main summary; included as base/rc variants for ablation comparison
glossy_synthetic,train,luyu,base,full_ssim,0.966454624065331,higher,docs/superpowers/logs/rc-refgs-fd-p2-lite-final-main-summary-2026-06-01.csv,True,absolute per-scene metric from final main summary; included as base/rc variants for ablation comparison
glossy_synthetic,train,luyu,base,full_lpips,0.0314378451855321,lower,docs/superpowers/logs/rc-refgs-fd-p2-lite-final-main-summary-2026-06-01.csv,True,absolute per-scene metric from final main summary; included as base/rc variants for ablation comparison
glossy_synthetic,train,luyu,base,reflective_psnr,33.95423786980765,higher,docs/superpowers/logs/rc-refgs-fd-p2-lite-final-main-summary-2026-06-01.csv,True,absolute per-scene metric from final main summary; included as base/rc variants for ablation comparison
glossy_synthetic,train,luyu,base,reflective_ssim,0.9796441426234586,higher,docs/superpowers/logs/rc-refgs-fd-p2-lite-final-main-summary-2026-06-01.csv,True,absolute per-scene metric from final main summary; included as base/rc variants for ablation comparison
glossy_synthetic,train,luyu,base,reflective_lpips,0.0195913613008867,lower,docs/superpowers/logs/rc-refgs-fd-p2-lite-final-main-summary-2026-06-01.csv,True,absolute per-scene metric from final main summary; included as base/rc variants for ablation comparison
glossy_synthetic,train,luyu,base,valid_pair_count,10.0,count,docs/superpowers/logs/rc-refgs-fd-p2-lite-main-table-2026-05-29.csv,True,pair-count metric from earlier main consistency table; included as base/rc variants for ablation comparison
glossy_synthetic,train,luyu,rc,mean_reflection_consistency,0.1100398741662502,lower,docs/superpowers/logs/rc-refgs-fd-p2-lite-final-main-summary-2026-06-01.csv,True,absolute per-scene metric from final main summary; included as base/rc variants for ablation comparison
glossy_synthetic,train,luyu,rc,reflective_region_psnr,24.714074897766118,higher,docs/superpowers/logs/rc-refgs-fd-p2-lite-final-main-summary-2026-06-01.csv,True,absolute per-scene metric from final main summary; included as base/rc variants for ablation comparison
glossy_synthetic,train,luyu,rc,full_psnr,31.61531347887857,higher,docs/superpowers/logs/rc-refgs-fd-p2-lite-final-main-summary-2026-06-01.csv,True,absolute per-scene metric from final main summary; included as base/rc variants for ablation comparison
glossy_synthetic,train,luyu,rc,full_ssim,0.9660793345953737,higher,docs/superpowers/logs/rc-refgs-fd-p2-lite-final-main-summary-2026-06-01.csv,True,absolute per-scene metric from final main summary; included as base/rc variants for ablation comparison
glossy_synthetic,train,luyu,rc,full_lpips,0.0326743896751265,lower,docs/superpowers/logs/rc-refgs-fd-p2-lite-final-main-summary-2026-06-01.csv,True,absolute per-scene metric from final main summary; included as base/rc variants for ablation comparison
glossy_synthetic,train,luyu,rc,reflective_psnr,33.3053354876382,higher,docs/superpowers/logs/rc-refgs-fd-p2-lite-final-main-summary-2026-06-01.csv,True,absolute per-scene metric from final main summary; included as base/rc variants for ablation comparison
glossy_synthetic,train,luyu,rc,reflective_ssim,0.9789685202496392,higher,docs/superpowers/logs/rc-refgs-fd-p2-lite-final-main-summary-2026-06-01.csv,True,absolute per-scene metric from final main summary; included as base/rc variants for ablation comparison
glossy_synthetic,train,luyu,rc,reflective_lpips,0.0212975137983448,lower,docs/superpowers/logs/rc-refgs-fd-p2-lite-final-main-summary-2026-06-01.csv,True,absolute per-scene metric from final main summary; included as base/rc variants for ablation comparison
glossy_synthetic,train,luyu,rc,valid_pair_count,10.0,count,docs/superpowers/logs/rc-refgs-fd-p2-lite-main-table-2026-05-29.csv,True,pair-count metric from earlier main consistency table; included as base/rc variants for ablation comparison
glossy_synthetic,train,luyu,wo_ref,mean_reflection_consistency,0.1222952775657177,lower,docs/superpowers/logs/rc-refgs-fd-p2-lite-complete-metrics-ablation-table-2026-05-29.csv,True,absolute per-scene metric from complete ablation table
glossy_synthetic,train,luyu,wo_ref,reflective_region_psnr,25.654272842407227,higher,docs/superpowers/logs/rc-refgs-fd-p2-lite-complete-metrics-ablation-table-2026-05-29.csv,True,absolute per-scene metric from complete ablation table
glossy_synthetic,train,luyu,wo_ref,full_psnr,32.102201563971384,higher,docs/superpowers/logs/rc-refgs-fd-p2-lite-complete-metrics-ablation-table-2026-05-29.csv,True,absolute per-scene metric from complete ablation table
glossy_synthetic,train,luyu,wo_ref,full_ssim,0.9665356650948524,higher,docs/superpowers/logs/rc-refgs-fd-p2-lite-complete-metrics-ablation-table-2026-05-29.csv,True,absolute per-scene metric from complete ablation table
glossy_synthetic,train,luyu,wo_ref,full_lpips,0.031281597529804,lower,docs/superpowers/logs/rc-refgs-fd-p2-lite-complete-metrics-ablation-table-2026-05-29.csv,True,absolute per-scene metric from complete ablation table
glossy_synthetic,train,luyu,wo_ref,reflective_psnr,34.097303066934856,higher,docs/superpowers/logs/rc-refgs-fd-p2-lite-complete-metrics-ablation-table-2026-05-29.csv,True,absolute per-scene metric from complete ablation table
glossy_synthetic,train,luyu,wo_ref,reflective_ssim,0.9801080647323812,higher,docs/superpowers/logs/rc-refgs-fd-p2-lite-complete-metrics-ablation-table-2026-05-29.csv,True,absolute per-scene metric from complete ablation table
glossy_synthetic,train,luyu,wo_ref,reflective_lpips,0.0192210355307906,lower,docs/superpowers/logs/rc-refgs-fd-p2-lite-complete-metrics-ablation-table-2026-05-29.csv,True,absolute per-scene metric from complete ablation table
glossy_synthetic,train,luyu,wo_ref,valid_pair_count,10.0,count,docs/superpowers/logs/rc-refgs-fd-p2-lite-complete-metrics-ablation-table-2026-05-29.csv,True,absolute per-scene metric from complete ablation table
glossy_synthetic,train,luyu,wo_ref,num_pairs,10.0,count,docs/superpowers/logs/rc-refgs-fd-p2-lite-complete-metrics-ablation-table-2026-05-29.csv,True,absolute per-scene metric from complete ablation table
glossy_synthetic,train,luyu,wo_ref,num_images,112.0,count,docs/superpowers/logs/rc-refgs-fd-p2-lite-complete-metrics-ablation-table-2026-05-29.csv,True,absolute per-scene metric from complete ablation table
glossy_synthetic,train,luyu,wo_conf,mean_reflection_consistency,0.1096168525516986,lower,docs/superpowers/logs/rc-refgs-fd-p2-lite-complete-metrics-ablation-table-2026-05-29.csv,True,absolute per-scene metric from complete ablation table
glossy_synthetic,train,luyu,wo_conf,reflective_region_psnr,25.221497535705566,higher,docs/superpowers/logs/rc-refgs-fd-p2-lite-complete-metrics-ablation-table-2026-05-29.csv,True,absolute per-scene metric from complete ablation table
glossy_synthetic,train,luyu,wo_conf,full_psnr,31.85184618404933,higher,docs/superpowers/logs/rc-refgs-fd-p2-lite-complete-metrics-ablation-table-2026-05-29.csv,True,absolute per-scene metric from complete ablation table
glossy_synthetic,train,luyu,wo_conf,full_ssim,0.9658277976725784,higher,docs/superpowers/logs/rc-refgs-fd-p2-lite-complete-metrics-ablation-table-2026-05-29.csv,True,absolute per-scene metric from complete ablation table
glossy_synthetic,train,luyu,wo_conf,full_lpips,0.032344808219932,lower,docs/superpowers/logs/rc-refgs-fd-p2-lite-complete-metrics-ablation-table-2026-05-29.csv,True,absolute per-scene metric from complete ablation table
glossy_synthetic,train,luyu,wo_conf,reflective_psnr,33.61810239723751,higher,docs/superpowers/logs/rc-refgs-fd-p2-lite-complete-metrics-ablation-table-2026-05-29.csv,True,absolute per-scene metric from complete ablation table
glossy_synthetic,train,luyu,wo_conf,reflective_ssim,0.9785392044910364,higher,docs/superpowers/logs/rc-refgs-fd-p2-lite-complete-metrics-ablation-table-2026-05-29.csv,True,absolute per-scene metric from complete ablation table
glossy_synthetic,train,luyu,wo_conf,reflective_lpips,0.0209630046738311,lower,docs/superpowers/logs/rc-refgs-fd-p2-lite-complete-metrics-ablation-table-2026-05-29.csv,True,absolute per-scene metric from complete ablation table
glossy_synthetic,train,luyu,wo_conf,valid_pair_count,10.0,count,docs/superpowers/logs/rc-refgs-fd-p2-lite-complete-metrics-ablation-table-2026-05-29.csv,True,absolute per-scene metric from complete ablation table
glossy_synthetic,train,luyu,wo_conf,num_pairs,10.0,count,docs/superpowers/logs/rc-refgs-fd-p2-lite-complete-metrics-ablation-table-2026-05-29.csv,True,absolute per-scene metric from complete ablation table
glossy_synthetic,train,luyu,wo_conf,num_images,112.0,count,docs/superpowers/logs/rc-refgs-fd-p2-lite-complete-metrics-ablation-table-2026-05-29.csv,True,absolute per-scene metric from complete ablation table
glossy_synthetic,train,luyu,rough_only,mean_reflection_consistency,0.1204022161662578,lower,docs/superpowers/logs/rc-refgs-fd-p2-lite-complete-metrics-ablation-table-2026-05-29.csv,True,absolute per-scene metric from complete ablation table
glossy_synthetic,train,luyu,rough_only,reflective_region_psnr,25.31834316253662,higher,docs/superpowers/logs/rc-refgs-fd-p2-lite-complete-metrics-ablation-table-2026-05-29.csv,True,absolute per-scene metric from complete ablation table
glossy_synthetic,train,luyu,rough_only,full_psnr,31.86562861715044,higher,docs/superpowers/logs/rc-refgs-fd-p2-lite-complete-metrics-ablation-table-2026-05-29.csv,True,absolute per-scene metric from complete ablation table
glossy_synthetic,train,luyu,rough_only,full_ssim,0.9654750595135349,higher,docs/superpowers/logs/rc-refgs-fd-p2-lite-complete-metrics-ablation-table-2026-05-29.csv,True,absolute per-scene metric from complete ablation table
glossy_synthetic,train,luyu,rough_only,full_lpips,0.0326713914816666,lower,docs/superpowers/logs/rc-refgs-fd-p2-lite-complete-metrics-ablation-table-2026-05-29.csv,True,absolute per-scene metric from complete ablation table
glossy_synthetic,train,luyu,rough_only,reflective_psnr,33.7397027185985,higher,docs/superpowers/logs/rc-refgs-fd-p2-lite-complete-metrics-ablation-table-2026-05-29.csv,True,absolute per-scene metric from complete ablation table
glossy_synthetic,train,luyu,rough_only,reflective_ssim,0.9791939721575804,higher,docs/superpowers/logs/rc-refgs-fd-p2-lite-complete-metrics-ablation-table-2026-05-29.csv,True,absolute per-scene metric from complete ablation table
glossy_synthetic,train,luyu,rough_only,reflective_lpips,0.0206093213969974,lower,docs/superpowers/logs/rc-refgs-fd-p2-lite-complete-metrics-ablation-table-2026-05-29.csv,True,absolute per-scene metric from complete ablation table
glossy_synthetic,train,luyu,rough_only,valid_pair_count,10.0,count,docs/superpowers/logs/rc-refgs-fd-p2-lite-complete-metrics-ablation-table-2026-05-29.csv,True,absolute per-scene metric from complete ablation table
glossy_synthetic,train,luyu,rough_only,num_pairs,10.0,count,docs/superpowers/logs/rc-refgs-fd-p2-lite-complete-metrics-ablation-table-2026-05-29.csv,True,absolute per-scene metric from complete ablation table
glossy_synthetic,train,luyu,rough_only,num_images,112.0,count,docs/superpowers/logs/rc-refgs-fd-p2-lite-complete-metrics-ablation-table-2026-05-29.csv,True,absolute per-scene metric from complete ablation table
glossy_synthetic,train,potion,base,mean_reflection_consistency,0.0924010790884494,lower,docs/superpowers/logs/rc-refgs-fd-p2-lite-final-main-summary-2026-06-01.csv,True,absolute per-scene metric from final main summary; included as base/rc variants for ablation comparison
glossy_synthetic,train,potion,base,reflective_region_psnr,29.079368019104,higher,docs/superpowers/logs/rc-refgs-fd-p2-lite-final-main-summary-2026-06-01.csv,True,absolute per-scene metric from final main summary; included as base/rc variants for ablation comparison
glossy_synthetic,train,potion,base,full_psnr,34.99247983523777,higher,docs/superpowers/logs/rc-refgs-fd-p2-lite-final-main-summary-2026-06-01.csv,True,absolute per-scene metric from final main summary; included as base/rc variants for ablation comparison
glossy_synthetic,train,potion,base,full_ssim,0.9744603293282644,higher,docs/superpowers/logs/rc-refgs-fd-p2-lite-final-main-summary-2026-06-01.csv,True,absolute per-scene metric from final main summary; included as base/rc variants for ablation comparison
glossy_synthetic,train,potion,base,full_lpips,0.0493946124333888,lower,docs/superpowers/logs/rc-refgs-fd-p2-lite-final-main-summary-2026-06-01.csv,True,absolute per-scene metric from final main summary; included as base/rc variants for ablation comparison
glossy_synthetic,train,potion,base,reflective_psnr,36.19237075533186,higher,docs/superpowers/logs/rc-refgs-fd-p2-lite-final-main-summary-2026-06-01.csv,True,absolute per-scene metric from final main summary; included as base/rc variants for ablation comparison
glossy_synthetic,train,potion,base,reflective_ssim,0.9797775681529728,higher,docs/superpowers/logs/rc-refgs-fd-p2-lite-final-main-summary-2026-06-01.csv,True,absolute per-scene metric from final main summary; included as base/rc variants for ablation comparison
glossy_synthetic,train,potion,base,reflective_lpips,0.0328107241408101,lower,docs/superpowers/logs/rc-refgs-fd-p2-lite-final-main-summary-2026-06-01.csv,True,absolute per-scene metric from final main summary; included as base/rc variants for ablation comparison
glossy_synthetic,train,potion,base,valid_pair_count,10.0,count,docs/superpowers/logs/rc-refgs-fd-p2-lite-main-table-2026-05-29.csv,True,pair-count metric from earlier main consistency table; included as base/rc variants for ablation comparison
glossy_synthetic,train,potion,rc,mean_reflection_consistency,0.0871635764837265,lower,docs/superpowers/logs/rc-refgs-fd-p2-lite-final-main-summary-2026-06-01.csv,True,absolute per-scene metric from final main summary; included as base/rc variants for ablation comparison
glossy_synthetic,train,potion,rc,reflective_region_psnr,29.33946208953857,higher,docs/superpowers/logs/rc-refgs-fd-p2-lite-final-main-summary-2026-06-01.csv,True,absolute per-scene metric from final main summary; included as base/rc variants for ablation comparison
glossy_synthetic,train,potion,rc,full_psnr,35.19222099440439,higher,docs/superpowers/logs/rc-refgs-fd-p2-lite-final-main-summary-2026-06-01.csv,True,absolute per-scene metric from final main summary; included as base/rc variants for ablation comparison
glossy_synthetic,train,potion,rc,full_ssim,0.9750580276761736,higher,docs/superpowers/logs/rc-refgs-fd-p2-lite-final-main-summary-2026-06-01.csv,True,absolute per-scene metric from final main summary; included as base/rc variants for ablation comparison
glossy_synthetic,train,potion,rc,full_lpips,0.048408713856978,lower,docs/superpowers/logs/rc-refgs-fd-p2-lite-final-main-summary-2026-06-01.csv,True,absolute per-scene metric from final main summary; included as base/rc variants for ablation comparison
glossy_synthetic,train,potion,rc,reflective_psnr,36.31153321266174,higher,docs/superpowers/logs/rc-refgs-fd-p2-lite-final-main-summary-2026-06-01.csv,True,absolute per-scene metric from final main summary; included as base/rc variants for ablation comparison
glossy_synthetic,train,potion,rc,reflective_ssim,0.9798827692866324,higher,docs/superpowers/logs/rc-refgs-fd-p2-lite-final-main-summary-2026-06-01.csv,True,absolute per-scene metric from final main summary; included as base/rc variants for ablation comparison
glossy_synthetic,train,potion,rc,reflective_lpips,0.0320936947495543,lower,docs/superpowers/logs/rc-refgs-fd-p2-lite-final-main-summary-2026-06-01.csv,True,absolute per-scene metric from final main summary; included as base/rc variants for ablation comparison
glossy_synthetic,train,potion,rc,valid_pair_count,10.0,count,docs/superpowers/logs/rc-refgs-fd-p2-lite-main-table-2026-05-29.csv,True,pair-count metric from earlier main consistency table; included as base/rc variants for ablation comparison
glossy_synthetic,train,potion,wo_ref,mean_reflection_consistency,0.0920600324869155,lower,docs/superpowers/logs/rc-refgs-fd-p2-lite-complete-metrics-ablation-table-2026-05-29.csv,True,absolute per-scene metric from complete ablation table
glossy_synthetic,train,potion,wo_ref,reflective_region_psnr,29.271531105041504,higher,docs/superpowers/logs/rc-refgs-fd-p2-lite-complete-metrics-ablation-table-2026-05-29.csv,True,absolute per-scene metric from complete ablation table
glossy_synthetic,train,potion,wo_ref,full_psnr,34.98601012570517,higher,docs/superpowers/logs/rc-refgs-fd-p2-lite-complete-metrics-ablation-table-2026-05-29.csv,True,absolute per-scene metric from complete ablation table
glossy_synthetic,train,potion,wo_ref,full_ssim,0.9742263864193644,higher,docs/superpowers/logs/rc-refgs-fd-p2-lite-complete-metrics-ablation-table-2026-05-29.csv,True,absolute per-scene metric from complete ablation table
glossy_synthetic,train,potion,wo_ref,full_lpips,0.0499258520347731,lower,docs/superpowers/logs/rc-refgs-fd-p2-lite-complete-metrics-ablation-table-2026-05-29.csv,True,absolute per-scene metric from complete ablation table
glossy_synthetic,train,potion,wo_ref,reflective_psnr,36.04801133700779,higher,docs/superpowers/logs/rc-refgs-fd-p2-lite-complete-metrics-ablation-table-2026-05-29.csv,True,absolute per-scene metric from complete ablation table
glossy_synthetic,train,potion,wo_ref,reflective_ssim,0.979314211755991,higher,docs/superpowers/logs/rc-refgs-fd-p2-lite-complete-metrics-ablation-table-2026-05-29.csv,True,absolute per-scene metric from complete ablation table
glossy_synthetic,train,potion,wo_ref,reflective_lpips,0.0327925332322982,lower,docs/superpowers/logs/rc-refgs-fd-p2-lite-complete-metrics-ablation-table-2026-05-29.csv,True,absolute per-scene metric from complete ablation table
glossy_synthetic,train,potion,wo_ref,valid_pair_count,10.0,count,docs/superpowers/logs/rc-refgs-fd-p2-lite-complete-metrics-ablation-table-2026-05-29.csv,True,absolute per-scene metric from complete ablation table
glossy_synthetic,train,potion,wo_ref,num_pairs,10.0,count,docs/superpowers/logs/rc-refgs-fd-p2-lite-complete-metrics-ablation-table-2026-05-29.csv,True,absolute per-scene metric from complete ablation table
glossy_synthetic,train,potion,wo_ref,num_images,112.0,count,docs/superpowers/logs/rc-refgs-fd-p2-lite-complete-metrics-ablation-table-2026-05-29.csv,True,absolute per-scene metric from complete ablation table
glossy_synthetic,train,potion,wo_conf,mean_reflection_consistency,0.0823602281510829,lower,docs/superpowers/logs/rc-refgs-fd-p2-lite-complete-metrics-ablation-table-2026-05-29.csv,True,absolute per-scene metric from complete ablation table
glossy_synthetic,train,potion,wo_conf,reflective_region_psnr,29.058702087402345,higher,docs/superpowers/logs/rc-refgs-fd-p2-lite-complete-metrics-ablation-table-2026-05-29.csv,True,absolute per-scene metric from complete ablation table
glossy_synthetic,train,potion,wo_conf,full_psnr,34.90818759373256,higher,docs/superpowers/logs/rc-refgs-fd-p2-lite-complete-metrics-ablation-table-2026-05-29.csv,True,absolute per-scene metric from complete ablation table
glossy_synthetic,train,potion,wo_conf,full_ssim,0.9732388550681728,higher,docs/superpowers/logs/rc-refgs-fd-p2-lite-complete-metrics-ablation-table-2026-05-29.csv,True,absolute per-scene metric from complete ablation table
glossy_synthetic,train,potion,wo_conf,full_lpips,0.0520599087633724,lower,docs/superpowers/logs/rc-refgs-fd-p2-lite-complete-metrics-ablation-table-2026-05-29.csv,True,absolute per-scene metric from complete ablation table
glossy_synthetic,train,potion,wo_conf,reflective_psnr,36.03151154518128,higher,docs/superpowers/logs/rc-refgs-fd-p2-lite-complete-metrics-ablation-table-2026-05-29.csv,True,absolute per-scene metric from complete ablation table
glossy_synthetic,train,potion,wo_conf,reflective_ssim,0.9786900973745756,higher,docs/superpowers/logs/rc-refgs-fd-p2-lite-complete-metrics-ablation-table-2026-05-29.csv,True,absolute per-scene metric from complete ablation table
glossy_synthetic,train,potion,wo_conf,reflective_lpips,0.0349031836127064,lower,docs/superpowers/logs/rc-refgs-fd-p2-lite-complete-metrics-ablation-table-2026-05-29.csv,True,absolute per-scene metric from complete ablation table
glossy_synthetic,train,potion,wo_conf,valid_pair_count,10.0,count,docs/superpowers/logs/rc-refgs-fd-p2-lite-complete-metrics-ablation-table-2026-05-29.csv,True,absolute per-scene metric from complete ablation table
glossy_synthetic,train,potion,wo_conf,num_pairs,10.0,count,docs/superpowers/logs/rc-refgs-fd-p2-lite-complete-metrics-ablation-table-2026-05-29.csv,True,absolute per-scene metric from complete ablation table
glossy_synthetic,train,potion,wo_conf,num_images,112.0,count,docs/superpowers/logs/rc-refgs-fd-p2-lite-complete-metrics-ablation-table-2026-05-29.csv,True,absolute per-scene metric from complete ablation table
glossy_synthetic,train,potion,rough_only,mean_reflection_consistency,0.0931119829416275,lower,docs/superpowers/logs/rc-refgs-fd-p2-lite-complete-metrics-ablation-table-2026-05-29.csv,True,absolute per-scene metric from complete ablation table
glossy_synthetic,train,potion,rough_only,reflective_region_psnr,29.025543212890625,higher,docs/superpowers/logs/rc-refgs-fd-p2-lite-complete-metrics-ablation-table-2026-05-29.csv,True,absolute per-scene metric from complete ablation table
glossy_synthetic,train,potion,rough_only,full_psnr,35.05583388464792,higher,docs/superpowers/logs/rc-refgs-fd-p2-lite-complete-metrics-ablation-table-2026-05-29.csv,True,absolute per-scene metric from complete ablation table
glossy_synthetic,train,potion,rough_only,full_ssim,0.9739726835063526,higher,docs/superpowers/logs/rc-refgs-fd-p2-lite-complete-metrics-ablation-table-2026-05-29.csv,True,absolute per-scene metric from complete ablation table
glossy_synthetic,train,potion,rough_only,full_lpips,0.0515643032600304,lower,docs/superpowers/logs/rc-refgs-fd-p2-lite-complete-metrics-ablation-table-2026-05-29.csv,True,absolute per-scene metric from complete ablation table
glossy_synthetic,train,potion,rough_only,reflective_psnr,36.101957593645366,higher,docs/superpowers/logs/rc-refgs-fd-p2-lite-complete-metrics-ablation-table-2026-05-29.csv,True,absolute per-scene metric from complete ablation table
glossy_synthetic,train,potion,rough_only,reflective_ssim,0.9794507777052266,higher,docs/superpowers/logs/rc-refgs-fd-p2-lite-complete-metrics-ablation-table-2026-05-29.csv,True,absolute per-scene metric from complete ablation table
glossy_synthetic,train,potion,rough_only,reflective_lpips,0.033674003190494,lower,docs/superpowers/logs/rc-refgs-fd-p2-lite-complete-metrics-ablation-table-2026-05-29.csv,True,absolute per-scene metric from complete ablation table
glossy_synthetic,train,potion,rough_only,valid_pair_count,10.0,count,docs/superpowers/logs/rc-refgs-fd-p2-lite-complete-metrics-ablation-table-2026-05-29.csv,True,absolute per-scene metric from complete ablation table
glossy_synthetic,train,potion,rough_only,num_pairs,10.0,count,docs/superpowers/logs/rc-refgs-fd-p2-lite-complete-metrics-ablation-table-2026-05-29.csv,True,absolute per-scene metric from complete ablation table
glossy_synthetic,train,potion,rough_only,num_images,112.0,count,docs/superpowers/logs/rc-refgs-fd-p2-lite-complete-metrics-ablation-table-2026-05-29.csv,True,absolute per-scene metric from complete ablation table
glossy_synthetic,train,tbell,base,mean_reflection_consistency,0.2808011561632156,lower,docs/superpowers/logs/rc-refgs-fd-p2-lite-final-main-summary-2026-06-01.csv,True,absolute per-scene metric from final main summary; included as base/rc variants for ablation comparison
glossy_synthetic,train,tbell,base,reflective_region_psnr,27.632582473754884,higher,docs/superpowers/logs/rc-refgs-fd-p2-lite-final-main-summary-2026-06-01.csv,True,absolute per-scene metric from final main summary; included as base/rc variants for ablation comparison
glossy_synthetic,train,tbell,base,full_psnr,33.503919754709514,higher,docs/superpowers/logs/rc-refgs-fd-p2-lite-final-main-summary-2026-06-01.csv,True,absolute per-scene metric from final main summary; included as base/rc variants for ablation comparison
glossy_synthetic,train,tbell,base,full_ssim,0.9773495623043604,higher,docs/superpowers/logs/rc-refgs-fd-p2-lite-final-main-summary-2026-06-01.csv,True,absolute per-scene metric from final main summary; included as base/rc variants for ablation comparison
glossy_synthetic,train,tbell,base,full_lpips,0.0321990284802658,lower,docs/superpowers/logs/rc-refgs-fd-p2-lite-final-main-summary-2026-06-01.csv,True,absolute per-scene metric from final main summary; included as base/rc variants for ablation comparison
glossy_synthetic,train,tbell,base,reflective_psnr,34.00247841221945,higher,docs/superpowers/logs/rc-refgs-fd-p2-lite-final-main-summary-2026-06-01.csv,True,absolute per-scene metric from final main summary; included as base/rc variants for ablation comparison
glossy_synthetic,train,tbell,base,reflective_ssim,0.9790906640035766,higher,docs/superpowers/logs/rc-refgs-fd-p2-lite-final-main-summary-2026-06-01.csv,True,absolute per-scene metric from final main summary; included as base/rc variants for ablation comparison
glossy_synthetic,train,tbell,base,reflective_lpips,0.0259363891922735,lower,docs/superpowers/logs/rc-refgs-fd-p2-lite-final-main-summary-2026-06-01.csv,True,absolute per-scene metric from final main summary; included as base/rc variants for ablation comparison
glossy_synthetic,train,tbell,base,valid_pair_count,10.0,count,docs/superpowers/logs/rc-refgs-fd-p2-lite-main-table-2026-05-29.csv,True,pair-count metric from earlier main consistency table; included as base/rc variants for ablation comparison
glossy_synthetic,train,tbell,rc,mean_reflection_consistency,0.2262924328446388,lower,docs/superpowers/logs/rc-refgs-fd-p2-lite-final-main-summary-2026-06-01.csv,True,absolute per-scene metric from final main summary; included as base/rc variants for ablation comparison
glossy_synthetic,train,tbell,rc,reflective_region_psnr,27.312349319458008,higher,docs/superpowers/logs/rc-refgs-fd-p2-lite-final-main-summary-2026-06-01.csv,True,absolute per-scene metric from final main summary; included as base/rc variants for ablation comparison
glossy_synthetic,train,tbell,rc,full_psnr,33.58587271826608,higher,docs/superpowers/logs/rc-refgs-fd-p2-lite-final-main-summary-2026-06-01.csv,True,absolute per-scene metric from final main summary; included as base/rc variants for ablation comparison
glossy_synthetic,train,tbell,rc,full_ssim,0.977724187608276,higher,docs/superpowers/logs/rc-refgs-fd-p2-lite-final-main-summary-2026-06-01.csv,True,absolute per-scene metric from final main summary; included as base/rc variants for ablation comparison
glossy_synthetic,train,tbell,rc,full_lpips,0.0312498442695609,lower,docs/superpowers/logs/rc-refgs-fd-p2-lite-final-main-summary-2026-06-01.csv,True,absolute per-scene metric from final main summary; included as base/rc variants for ablation comparison
glossy_synthetic,train,tbell,rc,reflective_psnr,33.86807264600481,higher,docs/superpowers/logs/rc-refgs-fd-p2-lite-final-main-summary-2026-06-01.csv,True,absolute per-scene metric from final main summary; included as base/rc variants for ablation comparison
glossy_synthetic,train,tbell,rc,reflective_ssim,0.9787795426590102,higher,docs/superpowers/logs/rc-refgs-fd-p2-lite-final-main-summary-2026-06-01.csv,True,absolute per-scene metric from final main summary; included as base/rc variants for ablation comparison
glossy_synthetic,train,tbell,rc,reflective_lpips,0.0262398487123261,lower,docs/superpowers/logs/rc-refgs-fd-p2-lite-final-main-summary-2026-06-01.csv,True,absolute per-scene metric from final main summary; included as base/rc variants for ablation comparison
glossy_synthetic,train,tbell,rc,valid_pair_count,10.0,count,docs/superpowers/logs/rc-refgs-fd-p2-lite-main-table-2026-05-29.csv,True,pair-count metric from earlier main consistency table; included as base/rc variants for ablation comparison
glossy_synthetic,train,tbell,wo_ref,mean_reflection_consistency,0.2685814380645752,lower,docs/superpowers/logs/rc-refgs-fd-p2-lite-complete-metrics-ablation-table-2026-05-29.csv,True,absolute per-scene metric from complete ablation table
glossy_synthetic,train,tbell,wo_ref,reflective_region_psnr,27.079141235351564,higher,docs/superpowers/logs/rc-refgs-fd-p2-lite-complete-metrics-ablation-table-2026-05-29.csv,True,absolute per-scene metric from complete ablation table
glossy_synthetic,train,tbell,wo_ref,full_psnr,33.35816713741848,higher,docs/superpowers/logs/rc-refgs-fd-p2-lite-complete-metrics-ablation-table-2026-05-29.csv,True,absolute per-scene metric from complete ablation table
glossy_synthetic,train,tbell,wo_ref,full_ssim,0.976229769310781,higher,docs/superpowers/logs/rc-refgs-fd-p2-lite-complete-metrics-ablation-table-2026-05-29.csv,True,absolute per-scene metric from complete ablation table
glossy_synthetic,train,tbell,wo_ref,full_lpips,0.0341686506123681,lower,docs/superpowers/logs/rc-refgs-fd-p2-lite-complete-metrics-ablation-table-2026-05-29.csv,True,absolute per-scene metric from complete ablation table
glossy_synthetic,train,tbell,wo_ref,reflective_psnr,33.75583803653717,higher,docs/superpowers/logs/rc-refgs-fd-p2-lite-complete-metrics-ablation-table-2026-05-29.csv,True,absolute per-scene metric from complete ablation table
glossy_synthetic,train,tbell,wo_ref,reflective_ssim,0.9776400088199548,higher,docs/superpowers/logs/rc-refgs-fd-p2-lite-complete-metrics-ablation-table-2026-05-29.csv,True,absolute per-scene metric from complete ablation table
glossy_synthetic,train,tbell,wo_ref,reflective_lpips,0.0281978097544716,lower,docs/superpowers/logs/rc-refgs-fd-p2-lite-complete-metrics-ablation-table-2026-05-29.csv,True,absolute per-scene metric from complete ablation table
glossy_synthetic,train,tbell,wo_ref,valid_pair_count,10.0,count,docs/superpowers/logs/rc-refgs-fd-p2-lite-complete-metrics-ablation-table-2026-05-29.csv,True,absolute per-scene metric from complete ablation table
glossy_synthetic,train,tbell,wo_ref,num_pairs,10.0,count,docs/superpowers/logs/rc-refgs-fd-p2-lite-complete-metrics-ablation-table-2026-05-29.csv,True,absolute per-scene metric from complete ablation table
glossy_synthetic,train,tbell,wo_ref,num_images,112.0,count,docs/superpowers/logs/rc-refgs-fd-p2-lite-complete-metrics-ablation-table-2026-05-29.csv,True,absolute per-scene metric from complete ablation table
glossy_synthetic,train,tbell,wo_conf,mean_reflection_consistency,0.2394204065203666,lower,docs/superpowers/logs/rc-refgs-fd-p2-lite-complete-metrics-ablation-table-2026-05-29.csv,True,absolute per-scene metric from complete ablation table
glossy_synthetic,train,tbell,wo_conf,reflective_region_psnr,27.229942321777344,higher,docs/superpowers/logs/rc-refgs-fd-p2-lite-complete-metrics-ablation-table-2026-05-29.csv,True,absolute per-scene metric from complete ablation table
glossy_synthetic,train,tbell,wo_conf,full_psnr,33.460986154420034,higher,docs/superpowers/logs/rc-refgs-fd-p2-lite-complete-metrics-ablation-table-2026-05-29.csv,True,absolute per-scene metric from complete ablation table
glossy_synthetic,train,tbell,wo_conf,full_ssim,0.9771923848560878,higher,docs/superpowers/logs/rc-refgs-fd-p2-lite-complete-metrics-ablation-table-2026-05-29.csv,True,absolute per-scene metric from complete ablation table
glossy_synthetic,train,tbell,wo_conf,full_lpips,0.032538780194175,lower,docs/superpowers/logs/rc-refgs-fd-p2-lite-complete-metrics-ablation-table-2026-05-29.csv,True,absolute per-scene metric from complete ablation table
glossy_synthetic,train,tbell,wo_conf,reflective_psnr,33.845629589898245,higher,docs/superpowers/logs/rc-refgs-fd-p2-lite-complete-metrics-ablation-table-2026-05-29.csv,True,absolute per-scene metric from complete ablation table
glossy_synthetic,train,tbell,wo_conf,reflective_ssim,0.9785033932753971,higher,docs/superpowers/logs/rc-refgs-fd-p2-lite-complete-metrics-ablation-table-2026-05-29.csv,True,absolute per-scene metric from complete ablation table
glossy_synthetic,train,tbell,wo_conf,reflective_lpips,0.0266861217761678,lower,docs/superpowers/logs/rc-refgs-fd-p2-lite-complete-metrics-ablation-table-2026-05-29.csv,True,absolute per-scene metric from complete ablation table
glossy_synthetic,train,tbell,wo_conf,valid_pair_count,10.0,count,docs/superpowers/logs/rc-refgs-fd-p2-lite-complete-metrics-ablation-table-2026-05-29.csv,True,absolute per-scene metric from complete ablation table
glossy_synthetic,train,tbell,wo_conf,num_pairs,10.0,count,docs/superpowers/logs/rc-refgs-fd-p2-lite-complete-metrics-ablation-table-2026-05-29.csv,True,absolute per-scene metric from complete ablation table
glossy_synthetic,train,tbell,wo_conf,num_images,112.0,count,docs/superpowers/logs/rc-refgs-fd-p2-lite-complete-metrics-ablation-table-2026-05-29.csv,True,absolute per-scene metric from complete ablation table
glossy_synthetic,train,tbell,rough_only,mean_reflection_consistency,0.2776206701993942,lower,docs/superpowers/logs/rc-refgs-fd-p2-lite-complete-metrics-ablation-table-2026-05-29.csv,True,absolute per-scene metric from complete ablation table
glossy_synthetic,train,tbell,rough_only,reflective_region_psnr,27.06384391784668,higher,docs/superpowers/logs/rc-refgs-fd-p2-lite-complete-metrics-ablation-table-2026-05-29.csv,True,absolute per-scene metric from complete ablation table
glossy_synthetic,train,tbell,rough_only,full_psnr,33.399973443576265,higher,docs/superpowers/logs/rc-refgs-fd-p2-lite-complete-metrics-ablation-table-2026-05-29.csv,True,absolute per-scene metric from complete ablation table
glossy_synthetic,train,tbell,rough_only,full_ssim,0.976953015795776,higher,docs/superpowers/logs/rc-refgs-fd-p2-lite-complete-metrics-ablation-table-2026-05-29.csv,True,absolute per-scene metric from complete ablation table
glossy_synthetic,train,tbell,rough_only,full_lpips,0.0327598777366802,lower,docs/superpowers/logs/rc-refgs-fd-p2-lite-complete-metrics-ablation-table-2026-05-29.csv,True,absolute per-scene metric from complete ablation table
glossy_synthetic,train,tbell,rough_only,reflective_psnr,33.65329018660954,higher,docs/superpowers/logs/rc-refgs-fd-p2-lite-complete-metrics-ablation-table-2026-05-29.csv,True,absolute per-scene metric from complete ablation table
glossy_synthetic,train,tbell,rough_only,reflective_ssim,0.9782428789351668,higher,docs/superpowers/logs/rc-refgs-fd-p2-lite-complete-metrics-ablation-table-2026-05-29.csv,True,absolute per-scene metric from complete ablation table
glossy_synthetic,train,tbell,rough_only,reflective_lpips,0.0271110051876998,lower,docs/superpowers/logs/rc-refgs-fd-p2-lite-complete-metrics-ablation-table-2026-05-29.csv,True,absolute per-scene metric from complete ablation table
glossy_synthetic,train,tbell,rough_only,valid_pair_count,10.0,count,docs/superpowers/logs/rc-refgs-fd-p2-lite-complete-metrics-ablation-table-2026-05-29.csv,True,absolute per-scene metric from complete ablation table
glossy_synthetic,train,tbell,rough_only,num_pairs,10.0,count,docs/superpowers/logs/rc-refgs-fd-p2-lite-complete-metrics-ablation-table-2026-05-29.csv,True,absolute per-scene metric from complete ablation table
glossy_synthetic,train,tbell,rough_only,num_images,112.0,count,docs/superpowers/logs/rc-refgs-fd-p2-lite-complete-metrics-ablation-table-2026-05-29.csv,True,absolute per-scene metric from complete ablation table
glossy_synthetic,train,teapot,base,mean_reflection_consistency,0.3351043462753296,lower,docs/superpowers/logs/rc-refgs-fd-p2-lite-final-main-summary-2026-06-01.csv,True,absolute per-scene metric from final main summary; included as base/rc variants for ablation comparison
glossy_synthetic,train,teapot,base,reflective_region_psnr,23.052289962768555,higher,docs/superpowers/logs/rc-refgs-fd-p2-lite-final-main-summary-2026-06-01.csv,True,absolute per-scene metric from final main summary; included as base/rc variants for ablation comparison
glossy_synthetic,train,teapot,base,full_psnr,29.86964590208871,higher,docs/superpowers/logs/rc-refgs-fd-p2-lite-final-main-summary-2026-06-01.csv,True,absolute per-scene metric from final main summary; included as base/rc variants for ablation comparison
glossy_synthetic,train,teapot,base,full_ssim,0.9682701075715678,higher,docs/superpowers/logs/rc-refgs-fd-p2-lite-final-main-summary-2026-06-01.csv,True,absolute per-scene metric from final main summary; included as base/rc variants for ablation comparison
glossy_synthetic,train,teapot,base,full_lpips,0.0385867910060499,lower,docs/superpowers/logs/rc-refgs-fd-p2-lite-final-main-summary-2026-06-01.csv,True,absolute per-scene metric from final main summary; included as base/rc variants for ablation comparison
glossy_synthetic,train,teapot,base,reflective_psnr,30.510475516319275,higher,docs/superpowers/logs/rc-refgs-fd-p2-lite-final-main-summary-2026-06-01.csv,True,absolute per-scene metric from final main summary; included as base/rc variants for ablation comparison
glossy_synthetic,train,teapot,base,reflective_ssim,0.9712742785257952,higher,docs/superpowers/logs/rc-refgs-fd-p2-lite-final-main-summary-2026-06-01.csv,True,absolute per-scene metric from final main summary; included as base/rc variants for ablation comparison
glossy_synthetic,train,teapot,base,reflective_lpips,0.0329098770328398,lower,docs/superpowers/logs/rc-refgs-fd-p2-lite-final-main-summary-2026-06-01.csv,True,absolute per-scene metric from final main summary; included as base/rc variants for ablation comparison
glossy_synthetic,train,teapot,base,valid_pair_count,10.0,count,docs/superpowers/logs/rc-refgs-fd-p2-lite-main-table-2026-05-29.csv,True,pair-count metric from earlier main consistency table; included as base/rc variants for ablation comparison
glossy_synthetic,train,teapot,rc,mean_reflection_consistency,0.2942800536751747,lower,docs/superpowers/logs/rc-refgs-fd-p2-lite-final-main-summary-2026-06-01.csv,True,absolute per-scene metric from final main summary; included as base/rc variants for ablation comparison
glossy_synthetic,train,teapot,rc,reflective_region_psnr,22.8585039138794,higher,docs/superpowers/logs/rc-refgs-fd-p2-lite-final-main-summary-2026-06-01.csv,True,absolute per-scene metric from final main summary; included as base/rc variants for ablation comparison
glossy_synthetic,train,teapot,rc,full_psnr,30.01481435980116,higher,docs/superpowers/logs/rc-refgs-fd-p2-lite-final-main-summary-2026-06-01.csv,True,absolute per-scene metric from final main summary; included as base/rc variants for ablation comparison
glossy_synthetic,train,teapot,rc,full_ssim,0.9691854135266372,higher,docs/superpowers/logs/rc-refgs-fd-p2-lite-final-main-summary-2026-06-01.csv,True,absolute per-scene metric from final main summary; included as base/rc variants for ablation comparison
glossy_synthetic,train,teapot,rc,full_lpips,0.0383540912797408,lower,docs/superpowers/logs/rc-refgs-fd-p2-lite-final-main-summary-2026-06-01.csv,True,absolute per-scene metric from final main summary; included as base/rc variants for ablation comparison
glossy_synthetic,train,teapot,rc,reflective_psnr,30.47585414137159,higher,docs/superpowers/logs/rc-refgs-fd-p2-lite-final-main-summary-2026-06-01.csv,True,absolute per-scene metric from final main summary; included as base/rc variants for ablation comparison
glossy_synthetic,train,teapot,rc,reflective_ssim,0.971477758139372,higher,docs/superpowers/logs/rc-refgs-fd-p2-lite-final-main-summary-2026-06-01.csv,True,absolute per-scene metric from final main summary; included as base/rc variants for ablation comparison
glossy_synthetic,train,teapot,rc,reflective_lpips,0.0330767084877671,lower,docs/superpowers/logs/rc-refgs-fd-p2-lite-final-main-summary-2026-06-01.csv,True,absolute per-scene metric from final main summary; included as base/rc variants for ablation comparison
glossy_synthetic,train,teapot,rc,valid_pair_count,10.0,count,docs/superpowers/logs/rc-refgs-fd-p2-lite-main-table-2026-05-29.csv,True,pair-count metric from earlier main consistency table; included as base/rc variants for ablation comparison
glossy_synthetic,train,teapot,wo_ref,mean_reflection_consistency,0.3273869693279266,lower,docs/superpowers/logs/rc-refgs-fd-p2-lite-complete-metrics-ablation-table-2026-05-29.csv,True,absolute per-scene metric from complete ablation table
glossy_synthetic,train,teapot,wo_ref,reflective_region_psnr,22.96704692840576,higher,docs/superpowers/logs/rc-refgs-fd-p2-lite-complete-metrics-ablation-table-2026-05-29.csv,True,absolute per-scene metric from complete ablation table
glossy_synthetic,train,teapot,wo_ref,full_psnr,29.997337307248795,higher,docs/superpowers/logs/rc-refgs-fd-p2-lite-complete-metrics-ablation-table-2026-05-29.csv,True,absolute per-scene metric from complete ablation table
glossy_synthetic,train,teapot,wo_ref,full_ssim,0.968896571546793,higher,docs/superpowers/logs/rc-refgs-fd-p2-lite-complete-metrics-ablation-table-2026-05-29.csv,True,absolute per-scene metric from complete ablation table
glossy_synthetic,train,teapot,wo_ref,full_lpips,0.0379285584536514,lower,docs/superpowers/logs/rc-refgs-fd-p2-lite-complete-metrics-ablation-table-2026-05-29.csv,True,absolute per-scene metric from complete ablation table
glossy_synthetic,train,teapot,wo_ref,reflective_psnr,30.72246822289058,higher,docs/superpowers/logs/rc-refgs-fd-p2-lite-complete-metrics-ablation-table-2026-05-29.csv,True,absolute per-scene metric from complete ablation table
glossy_synthetic,train,teapot,wo_ref,reflective_ssim,0.9718835917966706,higher,docs/superpowers/logs/rc-refgs-fd-p2-lite-complete-metrics-ablation-table-2026-05-29.csv,True,absolute per-scene metric from complete ablation table
glossy_synthetic,train,teapot,wo_ref,reflective_lpips,0.0325506400882399,lower,docs/superpowers/logs/rc-refgs-fd-p2-lite-complete-metrics-ablation-table-2026-05-29.csv,True,absolute per-scene metric from complete ablation table
glossy_synthetic,train,teapot,wo_ref,valid_pair_count,10.0,count,docs/superpowers/logs/rc-refgs-fd-p2-lite-complete-metrics-ablation-table-2026-05-29.csv,True,absolute per-scene metric from complete ablation table
glossy_synthetic,train,teapot,wo_ref,num_pairs,10.0,count,docs/superpowers/logs/rc-refgs-fd-p2-lite-complete-metrics-ablation-table-2026-05-29.csv,True,absolute per-scene metric from complete ablation table
glossy_synthetic,train,teapot,wo_ref,num_images,112.0,count,docs/superpowers/logs/rc-refgs-fd-p2-lite-complete-metrics-ablation-table-2026-05-29.csv,True,absolute per-scene metric from complete ablation table
glossy_synthetic,train,teapot,wo_conf,mean_reflection_consistency,0.2990034148097038,lower,docs/superpowers/logs/rc-refgs-fd-p2-lite-complete-metrics-ablation-table-2026-05-29.csv,True,absolute per-scene metric from complete ablation table
glossy_synthetic,train,teapot,wo_conf,reflective_region_psnr,23.02075500488281,higher,docs/superpowers/logs/rc-refgs-fd-p2-lite-complete-metrics-ablation-table-2026-05-29.csv,True,absolute per-scene metric from complete ablation table
glossy_synthetic,train,teapot,wo_conf,full_psnr,29.825058221817017,higher,docs/superpowers/logs/rc-refgs-fd-p2-lite-complete-metrics-ablation-table-2026-05-29.csv,True,absolute per-scene metric from complete ablation table
glossy_synthetic,train,teapot,wo_conf,full_ssim,0.9682536875563008,higher,docs/superpowers/logs/rc-refgs-fd-p2-lite-complete-metrics-ablation-table-2026-05-29.csv,True,absolute per-scene metric from complete ablation table
glossy_synthetic,train,teapot,wo_conf,full_lpips,0.0389804316884172,lower,docs/superpowers/logs/rc-refgs-fd-p2-lite-complete-metrics-ablation-table-2026-05-29.csv,True,absolute per-scene metric from complete ablation table
glossy_synthetic,train,teapot,wo_conf,reflective_psnr,30.74776879378728,higher,docs/superpowers/logs/rc-refgs-fd-p2-lite-complete-metrics-ablation-table-2026-05-29.csv,True,absolute per-scene metric from complete ablation table
glossy_synthetic,train,teapot,wo_conf,reflective_ssim,0.9716809998665538,higher,docs/superpowers/logs/rc-refgs-fd-p2-lite-complete-metrics-ablation-table-2026-05-29.csv,True,absolute per-scene metric from complete ablation table
glossy_synthetic,train,teapot,wo_conf,reflective_lpips,0.0331449955369212,lower,docs/superpowers/logs/rc-refgs-fd-p2-lite-complete-metrics-ablation-table-2026-05-29.csv,True,absolute per-scene metric from complete ablation table
glossy_synthetic,train,teapot,wo_conf,valid_pair_count,10.0,count,docs/superpowers/logs/rc-refgs-fd-p2-lite-complete-metrics-ablation-table-2026-05-29.csv,True,absolute per-scene metric from complete ablation table
glossy_synthetic,train,teapot,wo_conf,num_pairs,10.0,count,docs/superpowers/logs/rc-refgs-fd-p2-lite-complete-metrics-ablation-table-2026-05-29.csv,True,absolute per-scene metric from complete ablation table
glossy_synthetic,train,teapot,wo_conf,num_images,112.0,count,docs/superpowers/logs/rc-refgs-fd-p2-lite-complete-metrics-ablation-table-2026-05-29.csv,True,absolute per-scene metric from complete ablation table
glossy_synthetic,train,teapot,rough_only,mean_reflection_consistency,0.3256653338670731,lower,docs/superpowers/logs/rc-refgs-fd-p2-lite-complete-metrics-ablation-table-2026-05-29.csv,True,absolute per-scene metric from complete ablation table
glossy_synthetic,train,teapot,rough_only,reflective_region_psnr,22.86170864105225,higher,docs/superpowers/logs/rc-refgs-fd-p2-lite-complete-metrics-ablation-table-2026-05-29.csv,True,absolute per-scene metric from complete ablation table
glossy_synthetic,train,teapot,rough_only,full_psnr,29.88680076599121,higher,docs/superpowers/logs/rc-refgs-fd-p2-lite-complete-metrics-ablation-table-2026-05-29.csv,True,absolute per-scene metric from complete ablation table
glossy_synthetic,train,teapot,rough_only,full_ssim,0.9683523417583534,higher,docs/superpowers/logs/rc-refgs-fd-p2-lite-complete-metrics-ablation-table-2026-05-29.csv,True,absolute per-scene metric from complete ablation table
glossy_synthetic,train,teapot,rough_only,full_lpips,0.0388040693110919,lower,docs/superpowers/logs/rc-refgs-fd-p2-lite-complete-metrics-ablation-table-2026-05-29.csv,True,absolute per-scene metric from complete ablation table
glossy_synthetic,train,teapot,rough_only,reflective_psnr,30.47533690929413,higher,docs/superpowers/logs/rc-refgs-fd-p2-lite-complete-metrics-ablation-table-2026-05-29.csv,True,absolute per-scene metric from complete ablation table
glossy_synthetic,train,teapot,rough_only,reflective_ssim,0.971174660537924,higher,docs/superpowers/logs/rc-refgs-fd-p2-lite-complete-metrics-ablation-table-2026-05-29.csv,True,absolute per-scene metric from complete ablation table
glossy_synthetic,train,teapot,rough_only,reflective_lpips,0.0333432874675574,lower,docs/superpowers/logs/rc-refgs-fd-p2-lite-complete-metrics-ablation-table-2026-05-29.csv,True,absolute per-scene metric from complete ablation table
glossy_synthetic,train,teapot,rough_only,valid_pair_count,10.0,count,docs/superpowers/logs/rc-refgs-fd-p2-lite-complete-metrics-ablation-table-2026-05-29.csv,True,absolute per-scene metric from complete ablation table
glossy_synthetic,train,teapot,rough_only,num_pairs,10.0,count,docs/superpowers/logs/rc-refgs-fd-p2-lite-complete-metrics-ablation-table-2026-05-29.csv,True,absolute per-scene metric from complete ablation table
glossy_synthetic,train,teapot,rough_only,num_images,112.0,count,docs/superpowers/logs/rc-refgs-fd-p2-lite-complete-metrics-ablation-table-2026-05-29.csv,True,absolute per-scene metric from complete ablation table
glossy_synthetic,test,angel,base,mean_reflection_consistency,0.1224045969545841,lower,docs/superpowers/logs/rc-refgs-fd-p2-lite-final-main-summary-2026-06-01.csv,True,absolute per-scene metric from final main summary; included as base/rc variants for ablation comparison
glossy_synthetic,test,angel,base,reflective_region_psnr,22.186219787597658,higher,docs/superpowers/logs/rc-refgs-fd-p2-lite-final-main-summary-2026-06-01.csv,True,absolute per-scene metric from final main summary; included as base/rc variants for ablation comparison
glossy_synthetic,test,angel,base,full_psnr,29.736383318901066,higher,docs/superpowers/logs/rc-refgs-fd-p2-lite-final-main-summary-2026-06-01.csv,True,absolute per-scene metric from final main summary; included as base/rc variants for ablation comparison
glossy_synthetic,test,angel,base,full_ssim,0.9514805562794209,higher,docs/superpowers/logs/rc-refgs-fd-p2-lite-final-main-summary-2026-06-01.csv,True,absolute per-scene metric from final main summary; included as base/rc variants for ablation comparison
glossy_synthetic,test,angel,base,full_lpips,0.0395800936967134,lower,docs/superpowers/logs/rc-refgs-fd-p2-lite-final-main-summary-2026-06-01.csv,True,absolute per-scene metric from final main summary; included as base/rc variants for ablation comparison
glossy_synthetic,test,angel,base,reflective_psnr,31.02737820148468,higher,docs/superpowers/logs/rc-refgs-fd-p2-lite-final-main-summary-2026-06-01.csv,True,absolute per-scene metric from final main summary; included as base/rc variants for ablation comparison
glossy_synthetic,test,angel,base,reflective_ssim,0.9697593972086906,higher,docs/superpowers/logs/rc-refgs-fd-p2-lite-final-main-summary-2026-06-01.csv,True,absolute per-scene metric from final main summary; included as base/rc variants for ablation comparison
glossy_synthetic,test,angel,base,reflective_lpips,0.0227484803763218,lower,docs/superpowers/logs/rc-refgs-fd-p2-lite-final-main-summary-2026-06-01.csv,True,absolute per-scene metric from final main summary; included as base/rc variants for ablation comparison
glossy_synthetic,test,angel,base,valid_pair_count,10.0,count,docs/superpowers/logs/rc-refgs-fd-p2-lite-main-table-2026-05-29.csv,True,pair-count metric from earlier main consistency table; included as base/rc variants for ablation comparison
glossy_synthetic,test,angel,rc,mean_reflection_consistency,0.1077954076230525,lower,docs/superpowers/logs/rc-refgs-fd-p2-lite-final-main-summary-2026-06-01.csv,True,absolute per-scene metric from final main summary; included as base/rc variants for ablation comparison
glossy_synthetic,test,angel,rc,reflective_region_psnr,22.699249267578125,higher,docs/superpowers/logs/rc-refgs-fd-p2-lite-final-main-summary-2026-06-01.csv,True,absolute per-scene metric from final main summary; included as base/rc variants for ablation comparison
glossy_synthetic,test,angel,rc,full_psnr,29.881834983825684,higher,docs/superpowers/logs/rc-refgs-fd-p2-lite-final-main-summary-2026-06-01.csv,True,absolute per-scene metric from final main summary; included as base/rc variants for ablation comparison
glossy_synthetic,test,angel,rc,full_ssim,0.9524393528699876,higher,docs/superpowers/logs/rc-refgs-fd-p2-lite-final-main-summary-2026-06-01.csv,True,absolute per-scene metric from final main summary; included as base/rc variants for ablation comparison
glossy_synthetic,test,angel,rc,full_lpips,0.0393520023208111,lower,docs/superpowers/logs/rc-refgs-fd-p2-lite-final-main-summary-2026-06-01.csv,True,absolute per-scene metric from final main summary; included as base/rc variants for ablation comparison
glossy_synthetic,test,angel,rc,reflective_psnr,31.093984007835388,higher,docs/superpowers/logs/rc-refgs-fd-p2-lite-final-main-summary-2026-06-01.csv,True,absolute per-scene metric from final main summary; included as base/rc variants for ablation comparison
glossy_synthetic,test,angel,rc,reflective_ssim,0.9696534723043442,higher,docs/superpowers/logs/rc-refgs-fd-p2-lite-final-main-summary-2026-06-01.csv,True,absolute per-scene metric from final main summary; included as base/rc variants for ablation comparison
glossy_synthetic,test,angel,rc,reflective_lpips,0.022523145424202,lower,docs/superpowers/logs/rc-refgs-fd-p2-lite-final-main-summary-2026-06-01.csv,True,absolute per-scene metric from final main summary; included as base/rc variants for ablation comparison
glossy_synthetic,test,angel,rc,valid_pair_count,10.0,count,docs/superpowers/logs/rc-refgs-fd-p2-lite-main-table-2026-05-29.csv,True,pair-count metric from earlier main consistency table; included as base/rc variants for ablation comparison
glossy_synthetic,test,angel,wo_ref,mean_reflection_consistency,0.1236945025622844,lower,docs/superpowers/logs/rc-refgs-fd-p2-lite-complete-metrics-ablation-table-2026-05-29.csv,True,absolute per-scene metric from complete ablation table
glossy_synthetic,test,angel,wo_ref,reflective_region_psnr,22.452810096740723,higher,docs/superpowers/logs/rc-refgs-fd-p2-lite-complete-metrics-ablation-table-2026-05-29.csv,True,absolute per-scene metric from complete ablation table
glossy_synthetic,test,angel,wo_ref,full_psnr,29.867521286010746,higher,docs/superpowers/logs/rc-refgs-fd-p2-lite-complete-metrics-ablation-table-2026-05-29.csv,True,absolute per-scene metric from complete ablation table
glossy_synthetic,test,angel,wo_ref,full_ssim,0.952394612133503,higher,docs/superpowers/logs/rc-refgs-fd-p2-lite-complete-metrics-ablation-table-2026-05-29.csv,True,absolute per-scene metric from complete ablation table
glossy_synthetic,test,angel,wo_ref,full_lpips,0.0393029106780886,lower,docs/superpowers/logs/rc-refgs-fd-p2-lite-complete-metrics-ablation-table-2026-05-29.csv,True,absolute per-scene metric from complete ablation table
glossy_synthetic,test,angel,wo_ref,reflective_psnr,31.33213770389557,higher,docs/superpowers/logs/rc-refgs-fd-p2-lite-complete-metrics-ablation-table-2026-05-29.csv,True,absolute per-scene metric from complete ablation table
glossy_synthetic,test,angel,wo_ref,reflective_ssim,0.971696510910988,higher,docs/superpowers/logs/rc-refgs-fd-p2-lite-complete-metrics-ablation-table-2026-05-29.csv,True,absolute per-scene metric from complete ablation table
glossy_synthetic,test,angel,wo_ref,reflective_lpips,0.0216047034482471,lower,docs/superpowers/logs/rc-refgs-fd-p2-lite-complete-metrics-ablation-table-2026-05-29.csv,True,absolute per-scene metric from complete ablation table
glossy_synthetic,test,angel,wo_ref,valid_pair_count,10.0,count,docs/superpowers/logs/rc-refgs-fd-p2-lite-complete-metrics-ablation-table-2026-05-29.csv,True,absolute per-scene metric from complete ablation table
glossy_synthetic,test,angel,wo_ref,num_pairs,10.0,count,docs/superpowers/logs/rc-refgs-fd-p2-lite-complete-metrics-ablation-table-2026-05-29.csv,True,absolute per-scene metric from complete ablation table
glossy_synthetic,test,angel,wo_ref,num_images,16.0,count,docs/superpowers/logs/rc-refgs-fd-p2-lite-complete-metrics-ablation-table-2026-05-29.csv,True,absolute per-scene metric from complete ablation table
glossy_synthetic,test,angel,wo_conf,mean_reflection_consistency,0.1122384257614612,lower,docs/superpowers/logs/rc-refgs-fd-p2-lite-complete-metrics-ablation-table-2026-05-29.csv,True,absolute per-scene metric from complete ablation table
glossy_synthetic,test,angel,wo_conf,reflective_region_psnr,22.418060111999512,higher,docs/superpowers/logs/rc-refgs-fd-p2-lite-complete-metrics-ablation-table-2026-05-29.csv,True,absolute per-scene metric from complete ablation table
glossy_synthetic,test,angel,wo_conf,full_psnr,29.8094334602356,higher,docs/superpowers/logs/rc-refgs-fd-p2-lite-complete-metrics-ablation-table-2026-05-29.csv,True,absolute per-scene metric from complete ablation table
glossy_synthetic,test,angel,wo_conf,full_ssim,0.9516350738704203,higher,docs/superpowers/logs/rc-refgs-fd-p2-lite-complete-metrics-ablation-table-2026-05-29.csv,True,absolute per-scene metric from complete ablation table
glossy_synthetic,test,angel,wo_conf,full_lpips,0.0394022548571229,lower,docs/superpowers/logs/rc-refgs-fd-p2-lite-complete-metrics-ablation-table-2026-05-29.csv,True,absolute per-scene metric from complete ablation table
glossy_synthetic,test,angel,wo_conf,reflective_psnr,31.226865768432617,higher,docs/superpowers/logs/rc-refgs-fd-p2-lite-complete-metrics-ablation-table-2026-05-29.csv,True,absolute per-scene metric from complete ablation table
glossy_synthetic,test,angel,wo_conf,reflective_ssim,0.9701294265687466,higher,docs/superpowers/logs/rc-refgs-fd-p2-lite-complete-metrics-ablation-table-2026-05-29.csv,True,absolute per-scene metric from complete ablation table
glossy_synthetic,test,angel,wo_conf,reflective_lpips,0.0225639516720548,lower,docs/superpowers/logs/rc-refgs-fd-p2-lite-complete-metrics-ablation-table-2026-05-29.csv,True,absolute per-scene metric from complete ablation table
glossy_synthetic,test,angel,wo_conf,valid_pair_count,10.0,count,docs/superpowers/logs/rc-refgs-fd-p2-lite-complete-metrics-ablation-table-2026-05-29.csv,True,absolute per-scene metric from complete ablation table
glossy_synthetic,test,angel,wo_conf,num_pairs,10.0,count,docs/superpowers/logs/rc-refgs-fd-p2-lite-complete-metrics-ablation-table-2026-05-29.csv,True,absolute per-scene metric from complete ablation table
glossy_synthetic,test,angel,wo_conf,num_images,16.0,count,docs/superpowers/logs/rc-refgs-fd-p2-lite-complete-metrics-ablation-table-2026-05-29.csv,True,absolute per-scene metric from complete ablation table
glossy_synthetic,test,angel,rough_only,mean_reflection_consistency,0.1221361257135868,lower,docs/superpowers/logs/rc-refgs-fd-p2-lite-complete-metrics-ablation-table-2026-05-29.csv,True,absolute per-scene metric from complete ablation table
glossy_synthetic,test,angel,rough_only,reflective_region_psnr,22.239760971069337,higher,docs/superpowers/logs/rc-refgs-fd-p2-lite-complete-metrics-ablation-table-2026-05-29.csv,True,absolute per-scene metric from complete ablation table
glossy_synthetic,test,angel,rough_only,full_psnr,29.72672843933105,higher,docs/superpowers/logs/rc-refgs-fd-p2-lite-complete-metrics-ablation-table-2026-05-29.csv,True,absolute per-scene metric from complete ablation table
glossy_synthetic,test,angel,rough_only,full_ssim,0.9512455835938454,higher,docs/superpowers/logs/rc-refgs-fd-p2-lite-complete-metrics-ablation-table-2026-05-29.csv,True,absolute per-scene metric from complete ablation table
glossy_synthetic,test,angel,rough_only,full_lpips,0.0400116737000644,lower,docs/superpowers/logs/rc-refgs-fd-p2-lite-complete-metrics-ablation-table-2026-05-29.csv,True,absolute per-scene metric from complete ablation table
glossy_synthetic,test,angel,rough_only,reflective_psnr,30.950470328330997,higher,docs/superpowers/logs/rc-refgs-fd-p2-lite-complete-metrics-ablation-table-2026-05-29.csv,True,absolute per-scene metric from complete ablation table
glossy_synthetic,test,angel,rough_only,reflective_ssim,0.9699157811701298,higher,docs/superpowers/logs/rc-refgs-fd-p2-lite-complete-metrics-ablation-table-2026-05-29.csv,True,absolute per-scene metric from complete ablation table
glossy_synthetic,test,angel,rough_only,reflective_lpips,0.0225148928002454,lower,docs/superpowers/logs/rc-refgs-fd-p2-lite-complete-metrics-ablation-table-2026-05-29.csv,True,absolute per-scene metric from complete ablation table
glossy_synthetic,test,angel,rough_only,valid_pair_count,10.0,count,docs/superpowers/logs/rc-refgs-fd-p2-lite-complete-metrics-ablation-table-2026-05-29.csv,True,absolute per-scene metric from complete ablation table
glossy_synthetic,test,angel,rough_only,num_pairs,10.0,count,docs/superpowers/logs/rc-refgs-fd-p2-lite-complete-metrics-ablation-table-2026-05-29.csv,True,absolute per-scene metric from complete ablation table
glossy_synthetic,test,angel,rough_only,num_images,16.0,count,docs/superpowers/logs/rc-refgs-fd-p2-lite-complete-metrics-ablation-table-2026-05-29.csv,True,absolute per-scene metric from complete ablation table
glossy_synthetic,test,bell,base,mean_reflection_consistency,0.109719630330801,lower,docs/superpowers/logs/rc-refgs-fd-p2-lite-final-main-summary-2026-06-01.csv,True,absolute per-scene metric from final main summary; included as base/rc variants for ablation comparison
glossy_synthetic,test,bell,base,reflective_region_psnr,25.546735572814946,higher,docs/superpowers/logs/rc-refgs-fd-p2-lite-final-main-summary-2026-06-01.csv,True,absolute per-scene metric from final main summary; included as base/rc variants for ablation comparison
glossy_synthetic,test,bell,base,full_psnr,31.637834668159485,higher,docs/superpowers/logs/rc-refgs-fd-p2-lite-final-main-summary-2026-06-01.csv,True,absolute per-scene metric from final main summary; included as base/rc variants for ablation comparison
glossy_synthetic,test,bell,base,full_ssim,0.9630710706114768,higher,docs/superpowers/logs/rc-refgs-fd-p2-lite-final-main-summary-2026-06-01.csv,True,absolute per-scene metric from final main summary; included as base/rc variants for ablation comparison
glossy_synthetic,test,bell,base,full_lpips,0.0417090912815183,lower,docs/superpowers/logs/rc-refgs-fd-p2-lite-final-main-summary-2026-06-01.csv,True,absolute per-scene metric from final main summary; included as base/rc variants for ablation comparison
glossy_synthetic,test,bell,base,reflective_psnr,32.164868116378784,higher,docs/superpowers/logs/rc-refgs-fd-p2-lite-final-main-summary-2026-06-01.csv,True,absolute per-scene metric from final main summary; included as base/rc variants for ablation comparison
glossy_synthetic,test,bell,base,reflective_ssim,0.9666688106954098,higher,docs/superpowers/logs/rc-refgs-fd-p2-lite-final-main-summary-2026-06-01.csv,True,absolute per-scene metric from final main summary; included as base/rc variants for ablation comparison
glossy_synthetic,test,bell,base,reflective_lpips,0.0347917609615251,lower,docs/superpowers/logs/rc-refgs-fd-p2-lite-final-main-summary-2026-06-01.csv,True,absolute per-scene metric from final main summary; included as base/rc variants for ablation comparison
glossy_synthetic,test,bell,base,valid_pair_count,10.0,count,docs/superpowers/logs/rc-refgs-fd-p2-lite-main-table-2026-05-29.csv,True,pair-count metric from earlier main consistency table; included as base/rc variants for ablation comparison
glossy_synthetic,test,bell,rc,mean_reflection_consistency,0.1077431581914424,lower,docs/superpowers/logs/rc-refgs-fd-p2-lite-final-main-summary-2026-06-01.csv,True,absolute per-scene metric from final main summary; included as base/rc variants for ablation comparison
glossy_synthetic,test,bell,rc,reflective_region_psnr,25.735924339294435,higher,docs/superpowers/logs/rc-refgs-fd-p2-lite-final-main-summary-2026-06-01.csv,True,absolute per-scene metric from final main summary; included as base/rc variants for ablation comparison
glossy_synthetic,test,bell,rc,full_psnr,31.77191960811615,higher,docs/superpowers/logs/rc-refgs-fd-p2-lite-final-main-summary-2026-06-01.csv,True,absolute per-scene metric from final main summary; included as base/rc variants for ablation comparison
glossy_synthetic,test,bell,rc,full_ssim,0.964034728705883,higher,docs/superpowers/logs/rc-refgs-fd-p2-lite-final-main-summary-2026-06-01.csv,True,absolute per-scene metric from final main summary; included as base/rc variants for ablation comparison
glossy_synthetic,test,bell,rc,full_lpips,0.0390872552525252,lower,docs/superpowers/logs/rc-refgs-fd-p2-lite-final-main-summary-2026-06-01.csv,True,absolute per-scene metric from final main summary; included as base/rc variants for ablation comparison
glossy_synthetic,test,bell,rc,reflective_psnr,32.3101943731308,higher,docs/superpowers/logs/rc-refgs-fd-p2-lite-final-main-summary-2026-06-01.csv,True,absolute per-scene metric from final main summary; included as base/rc variants for ablation comparison
glossy_synthetic,test,bell,rc,reflective_ssim,0.9678541906177998,higher,docs/superpowers/logs/rc-refgs-fd-p2-lite-final-main-summary-2026-06-01.csv,True,absolute per-scene metric from final main summary; included as base/rc variants for ablation comparison
glossy_synthetic,test,bell,rc,reflective_lpips,0.0321149375522509,lower,docs/superpowers/logs/rc-refgs-fd-p2-lite-final-main-summary-2026-06-01.csv,True,absolute per-scene metric from final main summary; included as base/rc variants for ablation comparison
glossy_synthetic,test,bell,rc,valid_pair_count,10.0,count,docs/superpowers/logs/rc-refgs-fd-p2-lite-main-table-2026-05-29.csv,True,pair-count metric from earlier main consistency table; included as base/rc variants for ablation comparison
glossy_synthetic,test,bell,wo_ref,mean_reflection_consistency,0.1117969542741775,lower,docs/superpowers/logs/rc-refgs-fd-p2-lite-complete-metrics-ablation-table-2026-05-29.csv,True,absolute per-scene metric from complete ablation table
glossy_synthetic,test,bell,wo_ref,reflective_region_psnr,25.678668403625487,higher,docs/superpowers/logs/rc-refgs-fd-p2-lite-complete-metrics-ablation-table-2026-05-29.csv,True,absolute per-scene metric from complete ablation table
glossy_synthetic,test,bell,wo_ref,full_psnr,31.574255228042603,higher,docs/superpowers/logs/rc-refgs-fd-p2-lite-complete-metrics-ablation-table-2026-05-29.csv,True,absolute per-scene metric from complete ablation table
glossy_synthetic,test,bell,wo_ref,full_ssim,0.962655782699585,higher,docs/superpowers/logs/rc-refgs-fd-p2-lite-complete-metrics-ablation-table-2026-05-29.csv,True,absolute per-scene metric from complete ablation table
glossy_synthetic,test,bell,wo_ref,full_lpips,0.0421106903813779,lower,docs/superpowers/logs/rc-refgs-fd-p2-lite-complete-metrics-ablation-table-2026-05-29.csv,True,absolute per-scene metric from complete ablation table
glossy_synthetic,test,bell,wo_ref,reflective_psnr,32.21199142932892,higher,docs/superpowers/logs/rc-refgs-fd-p2-lite-complete-metrics-ablation-table-2026-05-29.csv,True,absolute per-scene metric from complete ablation table
glossy_synthetic,test,bell,wo_ref,reflective_ssim,0.9672134891152382,higher,docs/superpowers/logs/rc-refgs-fd-p2-lite-complete-metrics-ablation-table-2026-05-29.csv,True,absolute per-scene metric from complete ablation table
glossy_synthetic,test,bell,wo_ref,reflective_lpips,0.0345979082630947,lower,docs/superpowers/logs/rc-refgs-fd-p2-lite-complete-metrics-ablation-table-2026-05-29.csv,True,absolute per-scene metric from complete ablation table
glossy_synthetic,test,bell,wo_ref,valid_pair_count,10.0,count,docs/superpowers/logs/rc-refgs-fd-p2-lite-complete-metrics-ablation-table-2026-05-29.csv,True,absolute per-scene metric from complete ablation table
glossy_synthetic,test,bell,wo_ref,num_pairs,10.0,count,docs/superpowers/logs/rc-refgs-fd-p2-lite-complete-metrics-ablation-table-2026-05-29.csv,True,absolute per-scene metric from complete ablation table
glossy_synthetic,test,bell,wo_ref,num_images,16.0,count,docs/superpowers/logs/rc-refgs-fd-p2-lite-complete-metrics-ablation-table-2026-05-29.csv,True,absolute per-scene metric from complete ablation table
glossy_synthetic,test,bell,wo_conf,mean_reflection_consistency,0.1128917135298252,lower,docs/superpowers/logs/rc-refgs-fd-p2-lite-complete-metrics-ablation-table-2026-05-29.csv,True,absolute per-scene metric from complete ablation table
glossy_synthetic,test,bell,wo_conf,reflective_region_psnr,25.57769222259521,higher,docs/superpowers/logs/rc-refgs-fd-p2-lite-complete-metrics-ablation-table-2026-05-29.csv,True,absolute per-scene metric from complete ablation table
glossy_synthetic,test,bell,wo_conf,full_psnr,31.643195748329163,higher,docs/superpowers/logs/rc-refgs-fd-p2-lite-complete-metrics-ablation-table-2026-05-29.csv,True,absolute per-scene metric from complete ablation table
glossy_synthetic,test,bell,wo_conf,full_ssim,0.9627358689904212,higher,docs/superpowers/logs/rc-refgs-fd-p2-lite-complete-metrics-ablation-table-2026-05-29.csv,True,absolute per-scene metric from complete ablation table
glossy_synthetic,test,bell,wo_conf,full_lpips,0.0418135710060596,lower,docs/superpowers/logs/rc-refgs-fd-p2-lite-complete-metrics-ablation-table-2026-05-29.csv,True,absolute per-scene metric from complete ablation table
glossy_synthetic,test,bell,wo_conf,reflective_psnr,32.16130459308624,higher,docs/superpowers/logs/rc-refgs-fd-p2-lite-complete-metrics-ablation-table-2026-05-29.csv,True,absolute per-scene metric from complete ablation table
glossy_synthetic,test,bell,wo_conf,reflective_ssim,0.9663661271333694,higher,docs/superpowers/logs/rc-refgs-fd-p2-lite-complete-metrics-ablation-table-2026-05-29.csv,True,absolute per-scene metric from complete ablation table
glossy_synthetic,test,bell,wo_conf,reflective_lpips,0.0350380272138863,lower,docs/superpowers/logs/rc-refgs-fd-p2-lite-complete-metrics-ablation-table-2026-05-29.csv,True,absolute per-scene metric from complete ablation table
glossy_synthetic,test,bell,wo_conf,valid_pair_count,10.0,count,docs/superpowers/logs/rc-refgs-fd-p2-lite-complete-metrics-ablation-table-2026-05-29.csv,True,absolute per-scene metric from complete ablation table
glossy_synthetic,test,bell,wo_conf,num_pairs,10.0,count,docs/superpowers/logs/rc-refgs-fd-p2-lite-complete-metrics-ablation-table-2026-05-29.csv,True,absolute per-scene metric from complete ablation table
glossy_synthetic,test,bell,wo_conf,num_images,16.0,count,docs/superpowers/logs/rc-refgs-fd-p2-lite-complete-metrics-ablation-table-2026-05-29.csv,True,absolute per-scene metric from complete ablation table
glossy_synthetic,test,bell,rough_only,mean_reflection_consistency,0.1119254238903522,lower,docs/superpowers/logs/rc-refgs-fd-p2-lite-complete-metrics-ablation-table-2026-05-29.csv,True,absolute per-scene metric from complete ablation table
glossy_synthetic,test,bell,rough_only,reflective_region_psnr,25.62972640991211,higher,docs/superpowers/logs/rc-refgs-fd-p2-lite-complete-metrics-ablation-table-2026-05-29.csv,True,absolute per-scene metric from complete ablation table
glossy_synthetic,test,bell,rough_only,full_psnr,31.678028106689453,higher,docs/superpowers/logs/rc-refgs-fd-p2-lite-complete-metrics-ablation-table-2026-05-29.csv,True,absolute per-scene metric from complete ablation table
glossy_synthetic,test,bell,rough_only,full_ssim,0.9633947797119616,higher,docs/superpowers/logs/rc-refgs-fd-p2-lite-complete-metrics-ablation-table-2026-05-29.csv,True,absolute per-scene metric from complete ablation table
glossy_synthetic,test,bell,rough_only,full_lpips,0.0416685105301439,lower,docs/superpowers/logs/rc-refgs-fd-p2-lite-complete-metrics-ablation-table-2026-05-29.csv,True,absolute per-scene metric from complete ablation table
glossy_synthetic,test,bell,rough_only,reflective_psnr,32.194119930267334,higher,docs/superpowers/logs/rc-refgs-fd-p2-lite-complete-metrics-ablation-table-2026-05-29.csv,True,absolute per-scene metric from complete ablation table
glossy_synthetic,test,bell,rough_only,reflective_ssim,0.9673179164528848,higher,docs/superpowers/logs/rc-refgs-fd-p2-lite-complete-metrics-ablation-table-2026-05-29.csv,True,absolute per-scene metric from complete ablation table
glossy_synthetic,test,bell,rough_only,reflective_lpips,0.0348353659501299,lower,docs/superpowers/logs/rc-refgs-fd-p2-lite-complete-metrics-ablation-table-2026-05-29.csv,True,absolute per-scene metric from complete ablation table
glossy_synthetic,test,bell,rough_only,valid_pair_count,10.0,count,docs/superpowers/logs/rc-refgs-fd-p2-lite-complete-metrics-ablation-table-2026-05-29.csv,True,absolute per-scene metric from complete ablation table
glossy_synthetic,test,bell,rough_only,num_pairs,10.0,count,docs/superpowers/logs/rc-refgs-fd-p2-lite-complete-metrics-ablation-table-2026-05-29.csv,True,absolute per-scene metric from complete ablation table
glossy_synthetic,test,bell,rough_only,num_images,16.0,count,docs/superpowers/logs/rc-refgs-fd-p2-lite-complete-metrics-ablation-table-2026-05-29.csv,True,absolute per-scene metric from complete ablation table
glossy_synthetic,test,cat,base,mean_reflection_consistency,0.156605814397335,lower,docs/superpowers/logs/rc-refgs-fd-p2-lite-final-main-summary-2026-06-01.csv,True,absolute per-scene metric from final main summary; included as base/rc variants for ablation comparison
glossy_synthetic,test,cat,base,reflective_region_psnr,27.2645055770874,higher,docs/superpowers/logs/rc-refgs-fd-p2-lite-final-main-summary-2026-06-01.csv,True,absolute per-scene metric from final main summary; included as base/rc variants for ablation comparison
glossy_synthetic,test,cat,base,full_psnr,33.29552483558655,higher,docs/superpowers/logs/rc-refgs-fd-p2-lite-final-main-summary-2026-06-01.csv,True,absolute per-scene metric from final main summary; included as base/rc variants for ablation comparison
glossy_synthetic,test,cat,base,full_ssim,0.974674727767706,higher,docs/superpowers/logs/rc-refgs-fd-p2-lite-final-main-summary-2026-06-01.csv,True,absolute per-scene metric from final main summary; included as base/rc variants for ablation comparison
glossy_synthetic,test,cat,base,full_lpips,0.0384301677113398,lower,docs/superpowers/logs/rc-refgs-fd-p2-lite-final-main-summary-2026-06-01.csv,True,absolute per-scene metric from final main summary; included as base/rc variants for ablation comparison
glossy_synthetic,test,cat,base,reflective_psnr,34.4962375164032,higher,docs/superpowers/logs/rc-refgs-fd-p2-lite-final-main-summary-2026-06-01.csv,True,absolute per-scene metric from final main summary; included as base/rc variants for ablation comparison
glossy_synthetic,test,cat,base,reflective_ssim,0.9824726916849612,higher,docs/superpowers/logs/rc-refgs-fd-p2-lite-final-main-summary-2026-06-01.csv,True,absolute per-scene metric from final main summary; included as base/rc variants for ablation comparison
glossy_synthetic,test,cat,base,reflective_lpips,0.0237028880510479,lower,docs/superpowers/logs/rc-refgs-fd-p2-lite-final-main-summary-2026-06-01.csv,True,absolute per-scene metric from final main summary; included as base/rc variants for ablation comparison
glossy_synthetic,test,cat,base,valid_pair_count,10.0,count,docs/superpowers/logs/rc-refgs-fd-p2-lite-main-table-2026-05-29.csv,True,pair-count metric from earlier main consistency table; included as base/rc variants for ablation comparison
glossy_synthetic,test,cat,rc,mean_reflection_consistency,0.1497700244188308,lower,docs/superpowers/logs/rc-refgs-fd-p2-lite-final-main-summary-2026-06-01.csv,True,absolute per-scene metric from final main summary; included as base/rc variants for ablation comparison
glossy_synthetic,test,cat,rc,reflective_region_psnr,26.788152313232423,higher,docs/superpowers/logs/rc-refgs-fd-p2-lite-final-main-summary-2026-06-01.csv,True,absolute per-scene metric from final main summary; included as base/rc variants for ablation comparison
glossy_synthetic,test,cat,rc,full_psnr,33.0527685880661,higher,docs/superpowers/logs/rc-refgs-fd-p2-lite-final-main-summary-2026-06-01.csv,True,absolute per-scene metric from final main summary; included as base/rc variants for ablation comparison
glossy_synthetic,test,cat,rc,full_ssim,0.974432148039341,higher,docs/superpowers/logs/rc-refgs-fd-p2-lite-final-main-summary-2026-06-01.csv,True,absolute per-scene metric from final main summary; included as base/rc variants for ablation comparison
glossy_synthetic,test,cat,rc,full_lpips,0.0385905808070674,lower,docs/superpowers/logs/rc-refgs-fd-p2-lite-final-main-summary-2026-06-01.csv,True,absolute per-scene metric from final main summary; included as base/rc variants for ablation comparison
glossy_synthetic,test,cat,rc,reflective_psnr,33.952213168144226,higher,docs/superpowers/logs/rc-refgs-fd-p2-lite-final-main-summary-2026-06-01.csv,True,absolute per-scene metric from final main summary; included as base/rc variants for ablation comparison
glossy_synthetic,test,cat,rc,reflective_ssim,0.9805249124765396,higher,docs/superpowers/logs/rc-refgs-fd-p2-lite-final-main-summary-2026-06-01.csv,True,absolute per-scene metric from final main summary; included as base/rc variants for ablation comparison
glossy_synthetic,test,cat,rc,reflective_lpips,0.0251582667697221,lower,docs/superpowers/logs/rc-refgs-fd-p2-lite-final-main-summary-2026-06-01.csv,True,absolute per-scene metric from final main summary; included as base/rc variants for ablation comparison
glossy_synthetic,test,cat,rc,valid_pair_count,10.0,count,docs/superpowers/logs/rc-refgs-fd-p2-lite-main-table-2026-05-29.csv,True,pair-count metric from earlier main consistency table; included as base/rc variants for ablation comparison
glossy_synthetic,test,cat,wo_ref,mean_reflection_consistency,0.1589445292949676,lower,docs/superpowers/logs/rc-refgs-fd-p2-lite-complete-metrics-ablation-table-2026-05-29.csv,True,absolute per-scene metric from complete ablation table
glossy_synthetic,test,cat,wo_ref,reflective_region_psnr,26.87231731414795,higher,docs/superpowers/logs/rc-refgs-fd-p2-lite-complete-metrics-ablation-table-2026-05-29.csv,True,absolute per-scene metric from complete ablation table
glossy_synthetic,test,cat,wo_ref,full_psnr,32.86723029613495,higher,docs/superpowers/logs/rc-refgs-fd-p2-lite-complete-metrics-ablation-table-2026-05-29.csv,True,absolute per-scene metric from complete ablation table
glossy_synthetic,test,cat,wo_ref,full_ssim,0.9736723229289056,higher,docs/superpowers/logs/rc-refgs-fd-p2-lite-complete-metrics-ablation-table-2026-05-29.csv,True,absolute per-scene metric from complete ablation table
glossy_synthetic,test,cat,wo_ref,full_lpips,0.0398700373480096,lower,docs/superpowers/logs/rc-refgs-fd-p2-lite-complete-metrics-ablation-table-2026-05-29.csv,True,absolute per-scene metric from complete ablation table
glossy_synthetic,test,cat,wo_ref,reflective_psnr,34.25523626804352,higher,docs/superpowers/logs/rc-refgs-fd-p2-lite-complete-metrics-ablation-table-2026-05-29.csv,True,absolute per-scene metric from complete ablation table
glossy_synthetic,test,cat,wo_ref,reflective_ssim,0.9826172217726707,higher,docs/superpowers/logs/rc-refgs-fd-p2-lite-complete-metrics-ablation-table-2026-05-29.csv,True,absolute per-scene metric from complete ablation table
glossy_synthetic,test,cat,wo_ref,reflective_lpips,0.0236771934432908,lower,docs/superpowers/logs/rc-refgs-fd-p2-lite-complete-metrics-ablation-table-2026-05-29.csv,True,absolute per-scene metric from complete ablation table
glossy_synthetic,test,cat,wo_ref,valid_pair_count,10.0,count,docs/superpowers/logs/rc-refgs-fd-p2-lite-complete-metrics-ablation-table-2026-05-29.csv,True,absolute per-scene metric from complete ablation table
glossy_synthetic,test,cat,wo_ref,num_pairs,10.0,count,docs/superpowers/logs/rc-refgs-fd-p2-lite-complete-metrics-ablation-table-2026-05-29.csv,True,absolute per-scene metric from complete ablation table
glossy_synthetic,test,cat,wo_ref,num_images,16.0,count,docs/superpowers/logs/rc-refgs-fd-p2-lite-complete-metrics-ablation-table-2026-05-29.csv,True,absolute per-scene metric from complete ablation table
glossy_synthetic,test,cat,wo_conf,mean_reflection_consistency,0.1544108361005783,lower,docs/superpowers/logs/rc-refgs-fd-p2-lite-complete-metrics-ablation-table-2026-05-29.csv,True,absolute per-scene metric from complete ablation table
glossy_synthetic,test,cat,wo_conf,reflective_region_psnr,27.06930446624756,higher,docs/superpowers/logs/rc-refgs-fd-p2-lite-complete-metrics-ablation-table-2026-05-29.csv,True,absolute per-scene metric from complete ablation table
glossy_synthetic,test,cat,wo_conf,full_psnr,32.92733561992645,higher,docs/superpowers/logs/rc-refgs-fd-p2-lite-complete-metrics-ablation-table-2026-05-29.csv,True,absolute per-scene metric from complete ablation table
glossy_synthetic,test,cat,wo_conf,full_ssim,0.9739789329469204,higher,docs/superpowers/logs/rc-refgs-fd-p2-lite-complete-metrics-ablation-table-2026-05-29.csv,True,absolute per-scene metric from complete ablation table
glossy_synthetic,test,cat,wo_conf,full_lpips,0.0390330023365095,lower,docs/superpowers/logs/rc-refgs-fd-p2-lite-complete-metrics-ablation-table-2026-05-29.csv,True,absolute per-scene metric from complete ablation table
glossy_synthetic,test,cat,wo_conf,reflective_psnr,34.46707510948181,higher,docs/superpowers/logs/rc-refgs-fd-p2-lite-complete-metrics-ablation-table-2026-05-29.csv,True,absolute per-scene metric from complete ablation table
glossy_synthetic,test,cat,wo_conf,reflective_ssim,0.9831671379506588,higher,docs/superpowers/logs/rc-refgs-fd-p2-lite-complete-metrics-ablation-table-2026-05-29.csv,True,absolute per-scene metric from complete ablation table
glossy_synthetic,test,cat,wo_conf,reflective_lpips,0.0223840569378808,lower,docs/superpowers/logs/rc-refgs-fd-p2-lite-complete-metrics-ablation-table-2026-05-29.csv,True,absolute per-scene metric from complete ablation table
glossy_synthetic,test,cat,wo_conf,valid_pair_count,10.0,count,docs/superpowers/logs/rc-refgs-fd-p2-lite-complete-metrics-ablation-table-2026-05-29.csv,True,absolute per-scene metric from complete ablation table
glossy_synthetic,test,cat,wo_conf,num_pairs,10.0,count,docs/superpowers/logs/rc-refgs-fd-p2-lite-complete-metrics-ablation-table-2026-05-29.csv,True,absolute per-scene metric from complete ablation table
glossy_synthetic,test,cat,wo_conf,num_images,16.0,count,docs/superpowers/logs/rc-refgs-fd-p2-lite-complete-metrics-ablation-table-2026-05-29.csv,True,absolute per-scene metric from complete ablation table
glossy_synthetic,test,cat,rough_only,mean_reflection_consistency,0.1579545751214027,lower,docs/superpowers/logs/rc-refgs-fd-p2-lite-complete-metrics-ablation-table-2026-05-29.csv,True,absolute per-scene metric from complete ablation table
glossy_synthetic,test,cat,rough_only,reflective_region_psnr,27.137519454956056,higher,docs/superpowers/logs/rc-refgs-fd-p2-lite-complete-metrics-ablation-table-2026-05-29.csv,True,absolute per-scene metric from complete ablation table
glossy_synthetic,test,cat,rough_only,full_psnr,33.098987460136414,higher,docs/superpowers/logs/rc-refgs-fd-p2-lite-complete-metrics-ablation-table-2026-05-29.csv,True,absolute per-scene metric from complete ablation table
glossy_synthetic,test,cat,rough_only,full_ssim,0.9745397232472895,higher,docs/superpowers/logs/rc-refgs-fd-p2-lite-complete-metrics-ablation-table-2026-05-29.csv,True,absolute per-scene metric from complete ablation table
glossy_synthetic,test,cat,rough_only,full_lpips,0.0388774899765849,lower,docs/superpowers/logs/rc-refgs-fd-p2-lite-complete-metrics-ablation-table-2026-05-29.csv,True,absolute per-scene metric from complete ablation table
glossy_synthetic,test,cat,rough_only,reflective_psnr,34.3738865852356,higher,docs/superpowers/logs/rc-refgs-fd-p2-lite-complete-metrics-ablation-table-2026-05-29.csv,True,absolute per-scene metric from complete ablation table
glossy_synthetic,test,cat,rough_only,reflective_ssim,0.9822088107466698,higher,docs/superpowers/logs/rc-refgs-fd-p2-lite-complete-metrics-ablation-table-2026-05-29.csv,True,absolute per-scene metric from complete ablation table
glossy_synthetic,test,cat,rough_only,reflective_lpips,0.0241583411116153,lower,docs/superpowers/logs/rc-refgs-fd-p2-lite-complete-metrics-ablation-table-2026-05-29.csv,True,absolute per-scene metric from complete ablation table
glossy_synthetic,test,cat,rough_only,valid_pair_count,10.0,count,docs/superpowers/logs/rc-refgs-fd-p2-lite-complete-metrics-ablation-table-2026-05-29.csv,True,absolute per-scene metric from complete ablation table
glossy_synthetic,test,cat,rough_only,num_pairs,10.0,count,docs/superpowers/logs/rc-refgs-fd-p2-lite-complete-metrics-ablation-table-2026-05-29.csv,True,absolute per-scene metric from complete ablation table
glossy_synthetic,test,cat,rough_only,num_images,16.0,count,docs/superpowers/logs/rc-refgs-fd-p2-lite-complete-metrics-ablation-table-2026-05-29.csv,True,absolute per-scene metric from complete ablation table
glossy_synthetic,test,horse,base,mean_reflection_consistency,0.2250296831130981,lower,docs/superpowers/logs/rc-refgs-fd-p2-lite-final-main-summary-2026-06-01.csv,True,absolute per-scene metric from final main summary; included as base/rc variants for ablation comparison
glossy_synthetic,test,horse,base,reflective_region_psnr,22.16110363006592,higher,docs/superpowers/logs/rc-refgs-fd-p2-lite-final-main-summary-2026-06-01.csv,True,absolute per-scene metric from final main summary; included as base/rc variants for ablation comparison
glossy_synthetic,test,horse,base,full_psnr,27.62704145908356,higher,docs/superpowers/logs/rc-refgs-fd-p2-lite-final-main-summary-2026-06-01.csv,True,absolute per-scene metric from final main summary; included as base/rc variants for ablation comparison
glossy_synthetic,test,horse,base,full_ssim,0.9448911026120186,higher,docs/superpowers/logs/rc-refgs-fd-p2-lite-final-main-summary-2026-06-01.csv,True,absolute per-scene metric from final main summary; included as base/rc variants for ablation comparison
glossy_synthetic,test,horse,base,full_lpips,0.0380590773420408,lower,docs/superpowers/logs/rc-refgs-fd-p2-lite-final-main-summary-2026-06-01.csv,True,absolute per-scene metric from final main summary; included as base/rc variants for ablation comparison
glossy_synthetic,test,horse,base,reflective_psnr,30.423553824424744,higher,docs/superpowers/logs/rc-refgs-fd-p2-lite-final-main-summary-2026-06-01.csv,True,absolute per-scene metric from final main summary; included as base/rc variants for ablation comparison
glossy_synthetic,test,horse,base,reflective_ssim,0.9688311144709588,higher,docs/superpowers/logs/rc-refgs-fd-p2-lite-final-main-summary-2026-06-01.csv,True,absolute per-scene metric from final main summary; included as base/rc variants for ablation comparison
glossy_synthetic,test,horse,base,reflective_lpips,0.0251725682755932,lower,docs/superpowers/logs/rc-refgs-fd-p2-lite-final-main-summary-2026-06-01.csv,True,absolute per-scene metric from final main summary; included as base/rc variants for ablation comparison
glossy_synthetic,test,horse,base,valid_pair_count,10.0,count,docs/superpowers/logs/rc-refgs-fd-p2-lite-main-table-2026-05-29.csv,True,pair-count metric from earlier main consistency table; included as base/rc variants for ablation comparison
glossy_synthetic,test,horse,rc,mean_reflection_consistency,0.1946511507034301,lower,docs/superpowers/logs/rc-refgs-fd-p2-lite-final-main-summary-2026-06-01.csv,True,absolute per-scene metric from final main summary; included as base/rc variants for ablation comparison
glossy_synthetic,test,horse,rc,reflective_region_psnr,22.394418716430664,higher,docs/superpowers/logs/rc-refgs-fd-p2-lite-final-main-summary-2026-06-01.csv,True,absolute per-scene metric from final main summary; included as base/rc variants for ablation comparison
glossy_synthetic,test,horse,rc,full_psnr,27.702359437942505,higher,docs/superpowers/logs/rc-refgs-fd-p2-lite-final-main-summary-2026-06-01.csv,True,absolute per-scene metric from final main summary; included as base/rc variants for ablation comparison
glossy_synthetic,test,horse,rc,full_ssim,0.9454795122146606,higher,docs/superpowers/logs/rc-refgs-fd-p2-lite-final-main-summary-2026-06-01.csv,True,absolute per-scene metric from final main summary; included as base/rc variants for ablation comparison
glossy_synthetic,test,horse,rc,full_lpips,0.0376860084943473,lower,docs/superpowers/logs/rc-refgs-fd-p2-lite-final-main-summary-2026-06-01.csv,True,absolute per-scene metric from final main summary; included as base/rc variants for ablation comparison
glossy_synthetic,test,horse,rc,reflective_psnr,30.55985558032989,higher,docs/superpowers/logs/rc-refgs-fd-p2-lite-final-main-summary-2026-06-01.csv,True,absolute per-scene metric from final main summary; included as base/rc variants for ablation comparison
glossy_synthetic,test,horse,rc,reflective_ssim,0.9683698453009127,higher,docs/superpowers/logs/rc-refgs-fd-p2-lite-final-main-summary-2026-06-01.csv,True,absolute per-scene metric from final main summary; included as base/rc variants for ablation comparison
glossy_synthetic,test,horse,rc,reflective_lpips,0.0254740713280625,lower,docs/superpowers/logs/rc-refgs-fd-p2-lite-final-main-summary-2026-06-01.csv,True,absolute per-scene metric from final main summary; included as base/rc variants for ablation comparison
glossy_synthetic,test,horse,rc,valid_pair_count,10.0,count,docs/superpowers/logs/rc-refgs-fd-p2-lite-main-table-2026-05-29.csv,True,pair-count metric from earlier main consistency table; included as base/rc variants for ablation comparison
glossy_synthetic,test,horse,wo_ref,mean_reflection_consistency,0.2232219293713569,lower,docs/superpowers/logs/rc-refgs-fd-p2-lite-complete-metrics-ablation-table-2026-05-29.csv,True,absolute per-scene metric from complete ablation table
glossy_synthetic,test,horse,wo_ref,reflective_region_psnr,22.0252893447876,higher,docs/superpowers/logs/rc-refgs-fd-p2-lite-complete-metrics-ablation-table-2026-05-29.csv,True,absolute per-scene metric from complete ablation table
glossy_synthetic,test,horse,wo_ref,full_psnr,27.470797419548035,higher,docs/superpowers/logs/rc-refgs-fd-p2-lite-complete-metrics-ablation-table-2026-05-29.csv,True,absolute per-scene metric from complete ablation table
glossy_synthetic,test,horse,wo_ref,full_ssim,0.9444305635988712,higher,docs/superpowers/logs/rc-refgs-fd-p2-lite-complete-metrics-ablation-table-2026-05-29.csv,True,absolute per-scene metric from complete ablation table
glossy_synthetic,test,horse,wo_ref,full_lpips,0.0398575395811349,lower,docs/superpowers/logs/rc-refgs-fd-p2-lite-complete-metrics-ablation-table-2026-05-29.csv,True,absolute per-scene metric from complete ablation table
glossy_synthetic,test,horse,wo_ref,reflective_psnr,30.09772682189941,higher,docs/superpowers/logs/rc-refgs-fd-p2-lite-complete-metrics-ablation-table-2026-05-29.csv,True,absolute per-scene metric from complete ablation table
glossy_synthetic,test,horse,wo_ref,reflective_ssim,0.9682388231158257,higher,docs/superpowers/logs/rc-refgs-fd-p2-lite-complete-metrics-ablation-table-2026-05-29.csv,True,absolute per-scene metric from complete ablation table
glossy_synthetic,test,horse,wo_ref,reflective_lpips,0.0273149516433477,lower,docs/superpowers/logs/rc-refgs-fd-p2-lite-complete-metrics-ablation-table-2026-05-29.csv,True,absolute per-scene metric from complete ablation table
glossy_synthetic,test,horse,wo_ref,valid_pair_count,10.0,count,docs/superpowers/logs/rc-refgs-fd-p2-lite-complete-metrics-ablation-table-2026-05-29.csv,True,absolute per-scene metric from complete ablation table
glossy_synthetic,test,horse,wo_ref,num_pairs,10.0,count,docs/superpowers/logs/rc-refgs-fd-p2-lite-complete-metrics-ablation-table-2026-05-29.csv,True,absolute per-scene metric from complete ablation table
glossy_synthetic,test,horse,wo_ref,num_images,16.0,count,docs/superpowers/logs/rc-refgs-fd-p2-lite-complete-metrics-ablation-table-2026-05-29.csv,True,absolute per-scene metric from complete ablation table
glossy_synthetic,test,horse,wo_conf,mean_reflection_consistency,0.2074032217264175,lower,docs/superpowers/logs/rc-refgs-fd-p2-lite-complete-metrics-ablation-table-2026-05-29.csv,True,absolute per-scene metric from complete ablation table
glossy_synthetic,test,horse,wo_conf,reflective_region_psnr,22.150599098205568,higher,docs/superpowers/logs/rc-refgs-fd-p2-lite-complete-metrics-ablation-table-2026-05-29.csv,True,absolute per-scene metric from complete ablation table
glossy_synthetic,test,horse,wo_conf,full_psnr,27.64814138412476,higher,docs/superpowers/logs/rc-refgs-fd-p2-lite-complete-metrics-ablation-table-2026-05-29.csv,True,absolute per-scene metric from complete ablation table
glossy_synthetic,test,horse,wo_conf,full_ssim,0.945021454244852,higher,docs/superpowers/logs/rc-refgs-fd-p2-lite-complete-metrics-ablation-table-2026-05-29.csv,True,absolute per-scene metric from complete ablation table
glossy_synthetic,test,horse,wo_conf,full_lpips,0.0387174085481092,lower,docs/superpowers/logs/rc-refgs-fd-p2-lite-complete-metrics-ablation-table-2026-05-29.csv,True,absolute per-scene metric from complete ablation table
glossy_synthetic,test,horse,wo_conf,reflective_psnr,30.356438159942627,higher,docs/superpowers/logs/rc-refgs-fd-p2-lite-complete-metrics-ablation-table-2026-05-29.csv,True,absolute per-scene metric from complete ablation table
glossy_synthetic,test,horse,wo_conf,reflective_ssim,0.9686231166124344,higher,docs/superpowers/logs/rc-refgs-fd-p2-lite-complete-metrics-ablation-table-2026-05-29.csv,True,absolute per-scene metric from complete ablation table
glossy_synthetic,test,horse,wo_conf,reflective_lpips,0.025958523270674,lower,docs/superpowers/logs/rc-refgs-fd-p2-lite-complete-metrics-ablation-table-2026-05-29.csv,True,absolute per-scene metric from complete ablation table
glossy_synthetic,test,horse,wo_conf,valid_pair_count,10.0,count,docs/superpowers/logs/rc-refgs-fd-p2-lite-complete-metrics-ablation-table-2026-05-29.csv,True,absolute per-scene metric from complete ablation table
glossy_synthetic,test,horse,wo_conf,num_pairs,10.0,count,docs/superpowers/logs/rc-refgs-fd-p2-lite-complete-metrics-ablation-table-2026-05-29.csv,True,absolute per-scene metric from complete ablation table
glossy_synthetic,test,horse,wo_conf,num_images,16.0,count,docs/superpowers/logs/rc-refgs-fd-p2-lite-complete-metrics-ablation-table-2026-05-29.csv,True,absolute per-scene metric from complete ablation table
glossy_synthetic,test,horse,rough_only,mean_reflection_consistency,0.2221041172742843,lower,docs/superpowers/logs/rc-refgs-fd-p2-lite-complete-metrics-ablation-table-2026-05-29.csv,True,absolute per-scene metric from complete ablation table
glossy_synthetic,test,horse,rough_only,reflective_region_psnr,22.025045585632324,higher,docs/superpowers/logs/rc-refgs-fd-p2-lite-complete-metrics-ablation-table-2026-05-29.csv,True,absolute per-scene metric from complete ablation table
glossy_synthetic,test,horse,rough_only,full_psnr,27.683650493621823,higher,docs/superpowers/logs/rc-refgs-fd-p2-lite-complete-metrics-ablation-table-2026-05-29.csv,True,absolute per-scene metric from complete ablation table
glossy_synthetic,test,horse,rough_only,full_ssim,0.9451914578676224,higher,docs/superpowers/logs/rc-refgs-fd-p2-lite-complete-metrics-ablation-table-2026-05-29.csv,True,absolute per-scene metric from complete ablation table
glossy_synthetic,test,horse,rough_only,full_lpips,0.0381889099953696,lower,docs/superpowers/logs/rc-refgs-fd-p2-lite-complete-metrics-ablation-table-2026-05-29.csv,True,absolute per-scene metric from complete ablation table
glossy_synthetic,test,horse,rough_only,reflective_psnr,30.05325877666473,higher,docs/superpowers/logs/rc-refgs-fd-p2-lite-complete-metrics-ablation-table-2026-05-29.csv,True,absolute per-scene metric from complete ablation table
glossy_synthetic,test,horse,rough_only,reflective_ssim,0.9693291038274764,higher,docs/superpowers/logs/rc-refgs-fd-p2-lite-complete-metrics-ablation-table-2026-05-29.csv,True,absolute per-scene metric from complete ablation table
glossy_synthetic,test,horse,rough_only,reflective_lpips,0.0243693813681602,lower,docs/superpowers/logs/rc-refgs-fd-p2-lite-complete-metrics-ablation-table-2026-05-29.csv,True,absolute per-scene metric from complete ablation table
glossy_synthetic,test,horse,rough_only,valid_pair_count,10.0,count,docs/superpowers/logs/rc-refgs-fd-p2-lite-complete-metrics-ablation-table-2026-05-29.csv,True,absolute per-scene metric from complete ablation table
glossy_synthetic,test,horse,rough_only,num_pairs,10.0,count,docs/superpowers/logs/rc-refgs-fd-p2-lite-complete-metrics-ablation-table-2026-05-29.csv,True,absolute per-scene metric from complete ablation table
glossy_synthetic,test,horse,rough_only,num_images,16.0,count,docs/superpowers/logs/rc-refgs-fd-p2-lite-complete-metrics-ablation-table-2026-05-29.csv,True,absolute per-scene metric from complete ablation table
glossy_synthetic,test,luyu,base,mean_reflection_consistency,0.1244205117225647,lower,docs/superpowers/logs/rc-refgs-fd-p2-lite-final-main-summary-2026-06-01.csv,True,absolute per-scene metric from final main summary; included as base/rc variants for ablation comparison
glossy_synthetic,test,luyu,base,reflective_region_psnr,23.33660182952881,higher,docs/superpowers/logs/rc-refgs-fd-p2-lite-final-main-summary-2026-06-01.csv,True,absolute per-scene metric from final main summary; included as base/rc variants for ablation comparison
glossy_synthetic,test,luyu,base,full_psnr,29.47779715061188,higher,docs/superpowers/logs/rc-refgs-fd-p2-lite-final-main-summary-2026-06-01.csv,True,absolute per-scene metric from final main summary; included as base/rc variants for ablation comparison
glossy_synthetic,test,luyu,base,full_ssim,0.947934940457344,higher,docs/superpowers/logs/rc-refgs-fd-p2-lite-final-main-summary-2026-06-01.csv,True,absolute per-scene metric from final main summary; included as base/rc variants for ablation comparison
glossy_synthetic,test,luyu,base,full_lpips,0.037568500265479,lower,docs/superpowers/logs/rc-refgs-fd-p2-lite-final-main-summary-2026-06-01.csv,True,absolute per-scene metric from final main summary; included as base/rc variants for ablation comparison
glossy_synthetic,test,luyu,base,reflective_psnr,31.369457006454468,higher,docs/superpowers/logs/rc-refgs-fd-p2-lite-final-main-summary-2026-06-01.csv,True,absolute per-scene metric from final main summary; included as base/rc variants for ablation comparison
glossy_synthetic,test,luyu,base,reflective_ssim,0.9687906429171562,higher,docs/superpowers/logs/rc-refgs-fd-p2-lite-final-main-summary-2026-06-01.csv,True,absolute per-scene metric from final main summary; included as base/rc variants for ablation comparison
glossy_synthetic,test,luyu,base,reflective_lpips,0.0247649874072521,lower,docs/superpowers/logs/rc-refgs-fd-p2-lite-final-main-summary-2026-06-01.csv,True,absolute per-scene metric from final main summary; included as base/rc variants for ablation comparison
glossy_synthetic,test,luyu,base,valid_pair_count,10.0,count,docs/superpowers/logs/rc-refgs-fd-p2-lite-main-table-2026-05-29.csv,True,pair-count metric from earlier main consistency table; included as base/rc variants for ablation comparison
glossy_synthetic,test,luyu,rc,mean_reflection_consistency,0.1195022352039814,lower,docs/superpowers/logs/rc-refgs-fd-p2-lite-final-main-summary-2026-06-01.csv,True,absolute per-scene metric from final main summary; included as base/rc variants for ablation comparison
glossy_synthetic,test,luyu,rc,reflective_region_psnr,22.59705638885498,higher,docs/superpowers/logs/rc-refgs-fd-p2-lite-final-main-summary-2026-06-01.csv,True,absolute per-scene metric from final main summary; included as base/rc variants for ablation comparison
glossy_synthetic,test,luyu,rc,full_psnr,29.056204080581665,higher,docs/superpowers/logs/rc-refgs-fd-p2-lite-final-main-summary-2026-06-01.csv,True,absolute per-scene metric from final main summary; included as base/rc variants for ablation comparison
glossy_synthetic,test,luyu,rc,full_ssim,0.9479799754917622,higher,docs/superpowers/logs/rc-refgs-fd-p2-lite-final-main-summary-2026-06-01.csv,True,absolute per-scene metric from final main summary; included as base/rc variants for ablation comparison
glossy_synthetic,test,luyu,rc,full_lpips,0.0391065921867266,lower,docs/superpowers/logs/rc-refgs-fd-p2-lite-final-main-summary-2026-06-01.csv,True,absolute per-scene metric from final main summary; included as base/rc variants for ablation comparison
glossy_synthetic,test,luyu,rc,reflective_psnr,30.713675141334534,higher,docs/superpowers/logs/rc-refgs-fd-p2-lite-final-main-summary-2026-06-01.csv,True,absolute per-scene metric from final main summary; included as base/rc variants for ablation comparison
glossy_synthetic,test,luyu,rc,reflective_ssim,0.9677977859973907,higher,docs/superpowers/logs/rc-refgs-fd-p2-lite-final-main-summary-2026-06-01.csv,True,absolute per-scene metric from final main summary; included as base/rc variants for ablation comparison
glossy_synthetic,test,luyu,rc,reflective_lpips,0.0271824040682986,lower,docs/superpowers/logs/rc-refgs-fd-p2-lite-final-main-summary-2026-06-01.csv,True,absolute per-scene metric from final main summary; included as base/rc variants for ablation comparison
glossy_synthetic,test,luyu,rc,valid_pair_count,10.0,count,docs/superpowers/logs/rc-refgs-fd-p2-lite-main-table-2026-05-29.csv,True,pair-count metric from earlier main consistency table; included as base/rc variants for ablation comparison
glossy_synthetic,test,luyu,wo_ref,mean_reflection_consistency,0.1295338213443756,lower,docs/superpowers/logs/rc-refgs-fd-p2-lite-complete-metrics-ablation-table-2026-05-29.csv,True,absolute per-scene metric from complete ablation table
glossy_synthetic,test,luyu,wo_ref,reflective_region_psnr,23.29527187347412,higher,docs/superpowers/logs/rc-refgs-fd-p2-lite-complete-metrics-ablation-table-2026-05-29.csv,True,absolute per-scene metric from complete ablation table
glossy_synthetic,test,luyu,wo_ref,full_psnr,29.47066342830658,higher,docs/superpowers/logs/rc-refgs-fd-p2-lite-complete-metrics-ablation-table-2026-05-29.csv,True,absolute per-scene metric from complete ablation table
glossy_synthetic,test,luyu,wo_ref,full_ssim,0.9482258781790732,higher,docs/superpowers/logs/rc-refgs-fd-p2-lite-complete-metrics-ablation-table-2026-05-29.csv,True,absolute per-scene metric from complete ablation table
glossy_synthetic,test,luyu,wo_ref,full_lpips,0.0372335811844095,lower,docs/superpowers/logs/rc-refgs-fd-p2-lite-complete-metrics-ablation-table-2026-05-29.csv,True,absolute per-scene metric from complete ablation table
glossy_synthetic,test,luyu,wo_ref,reflective_psnr,31.42476427555084,higher,docs/superpowers/logs/rc-refgs-fd-p2-lite-complete-metrics-ablation-table-2026-05-29.csv,True,absolute per-scene metric from complete ablation table
glossy_synthetic,test,luyu,wo_ref,reflective_ssim,0.9692122228443624,higher,docs/superpowers/logs/rc-refgs-fd-p2-lite-complete-metrics-ablation-table-2026-05-29.csv,True,absolute per-scene metric from complete ablation table
glossy_synthetic,test,luyu,wo_ref,reflective_lpips,0.0244530991185456,lower,docs/superpowers/logs/rc-refgs-fd-p2-lite-complete-metrics-ablation-table-2026-05-29.csv,True,absolute per-scene metric from complete ablation table
glossy_synthetic,test,luyu,wo_ref,valid_pair_count,10.0,count,docs/superpowers/logs/rc-refgs-fd-p2-lite-complete-metrics-ablation-table-2026-05-29.csv,True,absolute per-scene metric from complete ablation table
glossy_synthetic,test,luyu,wo_ref,num_pairs,10.0,count,docs/superpowers/logs/rc-refgs-fd-p2-lite-complete-metrics-ablation-table-2026-05-29.csv,True,absolute per-scene metric from complete ablation table
glossy_synthetic,test,luyu,wo_ref,num_images,16.0,count,docs/superpowers/logs/rc-refgs-fd-p2-lite-complete-metrics-ablation-table-2026-05-29.csv,True,absolute per-scene metric from complete ablation table
glossy_synthetic,test,luyu,wo_conf,mean_reflection_consistency,0.1201612651348114,lower,docs/superpowers/logs/rc-refgs-fd-p2-lite-complete-metrics-ablation-table-2026-05-29.csv,True,absolute per-scene metric from complete ablation table
glossy_synthetic,test,luyu,wo_conf,reflective_region_psnr,22.987455940246583,higher,docs/superpowers/logs/rc-refgs-fd-p2-lite-complete-metrics-ablation-table-2026-05-29.csv,True,absolute per-scene metric from complete ablation table
glossy_synthetic,test,luyu,wo_conf,full_psnr,29.301379561424252,higher,docs/superpowers/logs/rc-refgs-fd-p2-lite-complete-metrics-ablation-table-2026-05-29.csv,True,absolute per-scene metric from complete ablation table
glossy_synthetic,test,luyu,wo_conf,full_ssim,0.9474608153104782,higher,docs/superpowers/logs/rc-refgs-fd-p2-lite-complete-metrics-ablation-table-2026-05-29.csv,True,absolute per-scene metric from complete ablation table
glossy_synthetic,test,luyu,wo_conf,full_lpips,0.0384625310543924,lower,docs/superpowers/logs/rc-refgs-fd-p2-lite-complete-metrics-ablation-table-2026-05-29.csv,True,absolute per-scene metric from complete ablation table
glossy_synthetic,test,luyu,wo_conf,reflective_psnr,31.102599024772644,higher,docs/superpowers/logs/rc-refgs-fd-p2-lite-complete-metrics-ablation-table-2026-05-29.csv,True,absolute per-scene metric from complete ablation table
glossy_synthetic,test,luyu,wo_conf,reflective_ssim,0.9676886014640332,higher,docs/superpowers/logs/rc-refgs-fd-p2-lite-complete-metrics-ablation-table-2026-05-29.csv,True,absolute per-scene metric from complete ablation table
glossy_synthetic,test,luyu,wo_conf,reflective_lpips,0.0262510775355622,lower,docs/superpowers/logs/rc-refgs-fd-p2-lite-complete-metrics-ablation-table-2026-05-29.csv,True,absolute per-scene metric from complete ablation table
glossy_synthetic,test,luyu,wo_conf,valid_pair_count,10.0,count,docs/superpowers/logs/rc-refgs-fd-p2-lite-complete-metrics-ablation-table-2026-05-29.csv,True,absolute per-scene metric from complete ablation table
glossy_synthetic,test,luyu,wo_conf,num_pairs,10.0,count,docs/superpowers/logs/rc-refgs-fd-p2-lite-complete-metrics-ablation-table-2026-05-29.csv,True,absolute per-scene metric from complete ablation table
glossy_synthetic,test,luyu,wo_conf,num_images,16.0,count,docs/superpowers/logs/rc-refgs-fd-p2-lite-complete-metrics-ablation-table-2026-05-29.csv,True,absolute per-scene metric from complete ablation table
glossy_synthetic,test,luyu,rough_only,mean_reflection_consistency,0.1268406495451927,lower,docs/superpowers/logs/rc-refgs-fd-p2-lite-complete-metrics-ablation-table-2026-05-29.csv,True,absolute per-scene metric from complete ablation table
glossy_synthetic,test,luyu,rough_only,reflective_region_psnr,23.070027923583982,higher,docs/superpowers/logs/rc-refgs-fd-p2-lite-complete-metrics-ablation-table-2026-05-29.csv,True,absolute per-scene metric from complete ablation table
glossy_synthetic,test,luyu,rough_only,full_psnr,29.3167017698288,higher,docs/superpowers/logs/rc-refgs-fd-p2-lite-complete-metrics-ablation-table-2026-05-29.csv,True,absolute per-scene metric from complete ablation table
glossy_synthetic,test,luyu,rough_only,full_ssim,0.9471549428999424,higher,docs/superpowers/logs/rc-refgs-fd-p2-lite-complete-metrics-ablation-table-2026-05-29.csv,True,absolute per-scene metric from complete ablation table
glossy_synthetic,test,luyu,rough_only,full_lpips,0.0384924695827066,lower,docs/superpowers/logs/rc-refgs-fd-p2-lite-complete-metrics-ablation-table-2026-05-29.csv,True,absolute per-scene metric from complete ablation table
glossy_synthetic,test,luyu,rough_only,reflective_psnr,31.206926226615906,higher,docs/superpowers/logs/rc-refgs-fd-p2-lite-complete-metrics-ablation-table-2026-05-29.csv,True,absolute per-scene metric from complete ablation table
glossy_synthetic,test,luyu,rough_only,reflective_ssim,0.9683474078774452,higher,docs/superpowers/logs/rc-refgs-fd-p2-lite-complete-metrics-ablation-table-2026-05-29.csv,True,absolute per-scene metric from complete ablation table
glossy_synthetic,test,luyu,rough_only,reflective_lpips,0.0256731513654813,lower,docs/superpowers/logs/rc-refgs-fd-p2-lite-complete-metrics-ablation-table-2026-05-29.csv,True,absolute per-scene metric from complete ablation table
glossy_synthetic,test,luyu,rough_only,valid_pair_count,10.0,count,docs/superpowers/logs/rc-refgs-fd-p2-lite-complete-metrics-ablation-table-2026-05-29.csv,True,absolute per-scene metric from complete ablation table
glossy_synthetic,test,luyu,rough_only,num_pairs,10.0,count,docs/superpowers/logs/rc-refgs-fd-p2-lite-complete-metrics-ablation-table-2026-05-29.csv,True,absolute per-scene metric from complete ablation table
glossy_synthetic,test,luyu,rough_only,num_images,16.0,count,docs/superpowers/logs/rc-refgs-fd-p2-lite-complete-metrics-ablation-table-2026-05-29.csv,True,absolute per-scene metric from complete ablation table
glossy_synthetic,test,potion,base,mean_reflection_consistency,0.0858457002788782,lower,docs/superpowers/logs/rc-refgs-fd-p2-lite-final-main-summary-2026-06-01.csv,True,absolute per-scene metric from final main summary; included as base/rc variants for ablation comparison
glossy_synthetic,test,potion,base,reflective_region_psnr,27.773388862609863,higher,docs/superpowers/logs/rc-refgs-fd-p2-lite-final-main-summary-2026-06-01.csv,True,absolute per-scene metric from final main summary; included as base/rc variants for ablation comparison
glossy_synthetic,test,potion,base,full_psnr,32.73419630527496,higher,docs/superpowers/logs/rc-refgs-fd-p2-lite-final-main-summary-2026-06-01.csv,True,absolute per-scene metric from final main summary; included as base/rc variants for ablation comparison
glossy_synthetic,test,potion,base,full_ssim,0.9625495113432408,higher,docs/superpowers/logs/rc-refgs-fd-p2-lite-final-main-summary-2026-06-01.csv,True,absolute per-scene metric from final main summary; included as base/rc variants for ablation comparison
glossy_synthetic,test,potion,base,full_lpips,0.0588522602338343,lower,docs/superpowers/logs/rc-refgs-fd-p2-lite-final-main-summary-2026-06-01.csv,True,absolute per-scene metric from final main summary; included as base/rc variants for ablation comparison
glossy_synthetic,test,potion,base,reflective_psnr,34.02612376213074,higher,docs/superpowers/logs/rc-refgs-fd-p2-lite-final-main-summary-2026-06-01.csv,True,absolute per-scene metric from final main summary; included as base/rc variants for ablation comparison
glossy_synthetic,test,potion,base,reflective_ssim,0.9720447063446044,higher,docs/superpowers/logs/rc-refgs-fd-p2-lite-final-main-summary-2026-06-01.csv,True,absolute per-scene metric from final main summary; included as base/rc variants for ablation comparison
glossy_synthetic,test,potion,base,reflective_lpips,0.0395058401627466,lower,docs/superpowers/logs/rc-refgs-fd-p2-lite-final-main-summary-2026-06-01.csv,True,absolute per-scene metric from final main summary; included as base/rc variants for ablation comparison
glossy_synthetic,test,potion,base,valid_pair_count,10.0,count,docs/superpowers/logs/rc-refgs-fd-p2-lite-main-table-2026-05-29.csv,True,pair-count metric from earlier main consistency table; included as base/rc variants for ablation comparison
glossy_synthetic,test,potion,rc,mean_reflection_consistency,0.08339374512434,lower,docs/superpowers/logs/rc-refgs-fd-p2-lite-final-main-summary-2026-06-01.csv,True,absolute per-scene metric from final main summary; included as base/rc variants for ablation comparison
glossy_synthetic,test,potion,rc,reflective_region_psnr,28.10766887664795,higher,docs/superpowers/logs/rc-refgs-fd-p2-lite-final-main-summary-2026-06-01.csv,True,absolute per-scene metric from final main summary; included as base/rc variants for ablation comparison
glossy_synthetic,test,potion,rc,full_psnr,32.87587833404541,higher,docs/superpowers/logs/rc-refgs-fd-p2-lite-final-main-summary-2026-06-01.csv,True,absolute per-scene metric from final main summary; included as base/rc variants for ablation comparison
glossy_synthetic,test,potion,rc,full_ssim,0.9635882936418056,higher,docs/superpowers/logs/rc-refgs-fd-p2-lite-final-main-summary-2026-06-01.csv,True,absolute per-scene metric from final main summary; included as base/rc variants for ablation comparison
glossy_synthetic,test,potion,rc,full_lpips,0.0569856108631938,lower,docs/superpowers/logs/rc-refgs-fd-p2-lite-final-main-summary-2026-06-01.csv,True,absolute per-scene metric from final main summary; included as base/rc variants for ablation comparison
glossy_synthetic,test,potion,rc,reflective_psnr,34.19976258277893,higher,docs/superpowers/logs/rc-refgs-fd-p2-lite-final-main-summary-2026-06-01.csv,True,absolute per-scene metric from final main summary; included as base/rc variants for ablation comparison
glossy_synthetic,test,potion,rc,reflective_ssim,0.9723633788526058,higher,docs/superpowers/logs/rc-refgs-fd-p2-lite-final-main-summary-2026-06-01.csv,True,absolute per-scene metric from final main summary; included as base/rc variants for ablation comparison
glossy_synthetic,test,potion,rc,reflective_lpips,0.0392893520183861,lower,docs/superpowers/logs/rc-refgs-fd-p2-lite-final-main-summary-2026-06-01.csv,True,absolute per-scene metric from final main summary; included as base/rc variants for ablation comparison
glossy_synthetic,test,potion,rc,valid_pair_count,10.0,count,docs/superpowers/logs/rc-refgs-fd-p2-lite-main-table-2026-05-29.csv,True,pair-count metric from earlier main consistency table; included as base/rc variants for ablation comparison
glossy_synthetic,test,potion,wo_ref,mean_reflection_consistency,0.0851301420480012,lower,docs/superpowers/logs/rc-refgs-fd-p2-lite-complete-metrics-ablation-table-2026-05-29.csv,True,absolute per-scene metric from complete ablation table
glossy_synthetic,test,potion,wo_ref,reflective_region_psnr,27.63684673309326,higher,docs/superpowers/logs/rc-refgs-fd-p2-lite-complete-metrics-ablation-table-2026-05-29.csv,True,absolute per-scene metric from complete ablation table
glossy_synthetic,test,potion,wo_ref,full_psnr,32.6298588514328,higher,docs/superpowers/logs/rc-refgs-fd-p2-lite-complete-metrics-ablation-table-2026-05-29.csv,True,absolute per-scene metric from complete ablation table
glossy_synthetic,test,potion,wo_ref,full_ssim,0.962023414671421,higher,docs/superpowers/logs/rc-refgs-fd-p2-lite-complete-metrics-ablation-table-2026-05-29.csv,True,absolute per-scene metric from complete ablation table
glossy_synthetic,test,potion,wo_ref,full_lpips,0.0590314082801342,lower,docs/superpowers/logs/rc-refgs-fd-p2-lite-complete-metrics-ablation-table-2026-05-29.csv,True,absolute per-scene metric from complete ablation table
glossy_synthetic,test,potion,wo_ref,reflective_psnr,33.807382225990295,higher,docs/superpowers/logs/rc-refgs-fd-p2-lite-complete-metrics-ablation-table-2026-05-29.csv,True,absolute per-scene metric from complete ablation table
glossy_synthetic,test,potion,wo_ref,reflective_ssim,0.9710056222975254,higher,docs/superpowers/logs/rc-refgs-fd-p2-lite-complete-metrics-ablation-table-2026-05-29.csv,True,absolute per-scene metric from complete ablation table
glossy_synthetic,test,potion,wo_ref,reflective_lpips,0.0393853562418371,lower,docs/superpowers/logs/rc-refgs-fd-p2-lite-complete-metrics-ablation-table-2026-05-29.csv,True,absolute per-scene metric from complete ablation table
glossy_synthetic,test,potion,wo_ref,valid_pair_count,10.0,count,docs/superpowers/logs/rc-refgs-fd-p2-lite-complete-metrics-ablation-table-2026-05-29.csv,True,absolute per-scene metric from complete ablation table
glossy_synthetic,test,potion,wo_ref,num_pairs,10.0,count,docs/superpowers/logs/rc-refgs-fd-p2-lite-complete-metrics-ablation-table-2026-05-29.csv,True,absolute per-scene metric from complete ablation table
glossy_synthetic,test,potion,wo_ref,num_images,16.0,count,docs/superpowers/logs/rc-refgs-fd-p2-lite-complete-metrics-ablation-table-2026-05-29.csv,True,absolute per-scene metric from complete ablation table
glossy_synthetic,test,potion,wo_conf,mean_reflection_consistency,0.0783917885273695,lower,docs/superpowers/logs/rc-refgs-fd-p2-lite-complete-metrics-ablation-table-2026-05-29.csv,True,absolute per-scene metric from complete ablation table
glossy_synthetic,test,potion,wo_conf,reflective_region_psnr,27.70726585388184,higher,docs/superpowers/logs/rc-refgs-fd-p2-lite-complete-metrics-ablation-table-2026-05-29.csv,True,absolute per-scene metric from complete ablation table
glossy_synthetic,test,potion,wo_conf,full_psnr,32.64493119716644,higher,docs/superpowers/logs/rc-refgs-fd-p2-lite-complete-metrics-ablation-table-2026-05-29.csv,True,absolute per-scene metric from complete ablation table
glossy_synthetic,test,potion,wo_conf,full_ssim,0.9612923823297024,higher,docs/superpowers/logs/rc-refgs-fd-p2-lite-complete-metrics-ablation-table-2026-05-29.csv,True,absolute per-scene metric from complete ablation table
glossy_synthetic,test,potion,wo_conf,full_lpips,0.0612347039859741,lower,docs/superpowers/logs/rc-refgs-fd-p2-lite-complete-metrics-ablation-table-2026-05-29.csv,True,absolute per-scene metric from complete ablation table
glossy_synthetic,test,potion,wo_conf,reflective_psnr,33.85101044178009,higher,docs/superpowers/logs/rc-refgs-fd-p2-lite-complete-metrics-ablation-table-2026-05-29.csv,True,absolute per-scene metric from complete ablation table
glossy_synthetic,test,potion,wo_conf,reflective_ssim,0.970986545085907,higher,docs/superpowers/logs/rc-refgs-fd-p2-lite-complete-metrics-ablation-table-2026-05-29.csv,True,absolute per-scene metric from complete ablation table
glossy_synthetic,test,potion,wo_conf,reflective_lpips,0.0415460877120494,lower,docs/superpowers/logs/rc-refgs-fd-p2-lite-complete-metrics-ablation-table-2026-05-29.csv,True,absolute per-scene metric from complete ablation table
glossy_synthetic,test,potion,wo_conf,valid_pair_count,10.0,count,docs/superpowers/logs/rc-refgs-fd-p2-lite-complete-metrics-ablation-table-2026-05-29.csv,True,absolute per-scene metric from complete ablation table
glossy_synthetic,test,potion,wo_conf,num_pairs,10.0,count,docs/superpowers/logs/rc-refgs-fd-p2-lite-complete-metrics-ablation-table-2026-05-29.csv,True,absolute per-scene metric from complete ablation table
glossy_synthetic,test,potion,wo_conf,num_images,16.0,count,docs/superpowers/logs/rc-refgs-fd-p2-lite-complete-metrics-ablation-table-2026-05-29.csv,True,absolute per-scene metric from complete ablation table
glossy_synthetic,test,potion,rough_only,mean_reflection_consistency,0.0853285644203424,lower,docs/superpowers/logs/rc-refgs-fd-p2-lite-complete-metrics-ablation-table-2026-05-29.csv,True,absolute per-scene metric from complete ablation table
glossy_synthetic,test,potion,rough_only,reflective_region_psnr,27.662607955932614,higher,docs/superpowers/logs/rc-refgs-fd-p2-lite-complete-metrics-ablation-table-2026-05-29.csv,True,absolute per-scene metric from complete ablation table
glossy_synthetic,test,potion,rough_only,full_psnr,32.74109601974487,higher,docs/superpowers/logs/rc-refgs-fd-p2-lite-complete-metrics-ablation-table-2026-05-29.csv,True,absolute per-scene metric from complete ablation table
glossy_synthetic,test,potion,rough_only,full_ssim,0.9621234461665154,higher,docs/superpowers/logs/rc-refgs-fd-p2-lite-complete-metrics-ablation-table-2026-05-29.csv,True,absolute per-scene metric from complete ablation table
glossy_synthetic,test,potion,rough_only,full_lpips,0.0601726914756,lower,docs/superpowers/logs/rc-refgs-fd-p2-lite-complete-metrics-ablation-table-2026-05-29.csv,True,absolute per-scene metric from complete ablation table
glossy_synthetic,test,potion,rough_only,reflective_psnr,33.911728858947754,higher,docs/superpowers/logs/rc-refgs-fd-p2-lite-complete-metrics-ablation-table-2026-05-29.csv,True,absolute per-scene metric from complete ablation table
glossy_synthetic,test,potion,rough_only,reflective_ssim,0.9716345518827438,higher,docs/superpowers/logs/rc-refgs-fd-p2-lite-complete-metrics-ablation-table-2026-05-29.csv,True,absolute per-scene metric from complete ablation table
glossy_synthetic,test,potion,rough_only,reflective_lpips,0.0394600396975874,lower,docs/superpowers/logs/rc-refgs-fd-p2-lite-complete-metrics-ablation-table-2026-05-29.csv,True,absolute per-scene metric from complete ablation table
glossy_synthetic,test,potion,rough_only,valid_pair_count,10.0,count,docs/superpowers/logs/rc-refgs-fd-p2-lite-complete-metrics-ablation-table-2026-05-29.csv,True,absolute per-scene metric from complete ablation table
glossy_synthetic,test,potion,rough_only,num_pairs,10.0,count,docs/superpowers/logs/rc-refgs-fd-p2-lite-complete-metrics-ablation-table-2026-05-29.csv,True,absolute per-scene metric from complete ablation table
glossy_synthetic,test,potion,rough_only,num_images,16.0,count,docs/superpowers/logs/rc-refgs-fd-p2-lite-complete-metrics-ablation-table-2026-05-29.csv,True,absolute per-scene metric from complete ablation table
glossy_synthetic,test,tbell,base,mean_reflection_consistency,0.3169427782297134,lower,docs/superpowers/logs/rc-refgs-fd-p2-lite-final-main-summary-2026-06-01.csv,True,absolute per-scene metric from final main summary; included as base/rc variants for ablation comparison
glossy_synthetic,test,tbell,base,reflective_region_psnr,25.76476020812988,higher,docs/superpowers/logs/rc-refgs-fd-p2-lite-final-main-summary-2026-06-01.csv,True,absolute per-scene metric from final main summary; included as base/rc variants for ablation comparison
glossy_synthetic,test,tbell,base,full_psnr,30.423270106315613,higher,docs/superpowers/logs/rc-refgs-fd-p2-lite-final-main-summary-2026-06-01.csv,True,absolute per-scene metric from final main summary; included as base/rc variants for ablation comparison
glossy_synthetic,test,tbell,base,full_ssim,0.9641860984265804,higher,docs/superpowers/logs/rc-refgs-fd-p2-lite-final-main-summary-2026-06-01.csv,True,absolute per-scene metric from final main summary; included as base/rc variants for ablation comparison
glossy_synthetic,test,tbell,base,full_lpips,0.0423441501334309,lower,docs/superpowers/logs/rc-refgs-fd-p2-lite-final-main-summary-2026-06-01.csv,True,absolute per-scene metric from final main summary; included as base/rc variants for ablation comparison
glossy_synthetic,test,tbell,base,reflective_psnr,30.948215126991272,higher,docs/superpowers/logs/rc-refgs-fd-p2-lite-final-main-summary-2026-06-01.csv,True,absolute per-scene metric from final main summary; included as base/rc variants for ablation comparison
glossy_synthetic,test,tbell,base,reflective_ssim,0.9675749987363816,higher,docs/superpowers/logs/rc-refgs-fd-p2-lite-final-main-summary-2026-06-01.csv,True,absolute per-scene metric from final main summary; included as base/rc variants for ablation comparison
glossy_synthetic,test,tbell,base,reflective_lpips,0.0350554075557738,lower,docs/superpowers/logs/rc-refgs-fd-p2-lite-final-main-summary-2026-06-01.csv,True,absolute per-scene metric from final main summary; included as base/rc variants for ablation comparison
glossy_synthetic,test,tbell,base,valid_pair_count,10.0,count,docs/superpowers/logs/rc-refgs-fd-p2-lite-main-table-2026-05-29.csv,True,pair-count metric from earlier main consistency table; included as base/rc variants for ablation comparison
glossy_synthetic,test,tbell,rc,mean_reflection_consistency,0.2604417517781258,lower,docs/superpowers/logs/rc-refgs-fd-p2-lite-final-main-summary-2026-06-01.csv,True,absolute per-scene metric from final main summary; included as base/rc variants for ablation comparison
glossy_synthetic,test,tbell,rc,reflective_region_psnr,25.88907070159912,higher,docs/superpowers/logs/rc-refgs-fd-p2-lite-final-main-summary-2026-06-01.csv,True,absolute per-scene metric from final main summary; included as base/rc variants for ablation comparison
glossy_synthetic,test,tbell,rc,full_psnr,30.662683725357056,higher,docs/superpowers/logs/rc-refgs-fd-p2-lite-final-main-summary-2026-06-01.csv,True,absolute per-scene metric from final main summary; included as base/rc variants for ablation comparison
glossy_synthetic,test,tbell,rc,full_ssim,0.964991107583046,higher,docs/superpowers/logs/rc-refgs-fd-p2-lite-final-main-summary-2026-06-01.csv,True,absolute per-scene metric from final main summary; included as base/rc variants for ablation comparison
glossy_synthetic,test,tbell,rc,full_lpips,0.0412571588531136,lower,docs/superpowers/logs/rc-refgs-fd-p2-lite-final-main-summary-2026-06-01.csv,True,absolute per-scene metric from final main summary; included as base/rc variants for ablation comparison
glossy_synthetic,test,tbell,rc,reflective_psnr,30.975611805915836,higher,docs/superpowers/logs/rc-refgs-fd-p2-lite-final-main-summary-2026-06-01.csv,True,absolute per-scene metric from final main summary; included as base/rc variants for ablation comparison
glossy_synthetic,test,tbell,rc,reflective_ssim,0.967334058135748,higher,docs/superpowers/logs/rc-refgs-fd-p2-lite-final-main-summary-2026-06-01.csv,True,absolute per-scene metric from final main summary; included as base/rc variants for ablation comparison
glossy_synthetic,test,tbell,rc,reflective_lpips,0.0351045749848708,lower,docs/superpowers/logs/rc-refgs-fd-p2-lite-final-main-summary-2026-06-01.csv,True,absolute per-scene metric from final main summary; included as base/rc variants for ablation comparison
glossy_synthetic,test,tbell,rc,valid_pair_count,10.0,count,docs/superpowers/logs/rc-refgs-fd-p2-lite-main-table-2026-05-29.csv,True,pair-count metric from earlier main consistency table; included as base/rc variants for ablation comparison
glossy_synthetic,test,tbell,wo_ref,mean_reflection_consistency,0.3090794920921326,lower,docs/superpowers/logs/rc-refgs-fd-p2-lite-complete-metrics-ablation-table-2026-05-29.csv,True,absolute per-scene metric from complete ablation table
glossy_synthetic,test,tbell,wo_ref,reflective_region_psnr,25.925282859802245,higher,docs/superpowers/logs/rc-refgs-fd-p2-lite-complete-metrics-ablation-table-2026-05-29.csv,True,absolute per-scene metric from complete ablation table
glossy_synthetic,test,tbell,wo_ref,full_psnr,30.67112278938293,higher,docs/superpowers/logs/rc-refgs-fd-p2-lite-complete-metrics-ablation-table-2026-05-29.csv,True,absolute per-scene metric from complete ablation table
glossy_synthetic,test,tbell,wo_ref,full_ssim,0.9641624055802822,higher,docs/superpowers/logs/rc-refgs-fd-p2-lite-complete-metrics-ablation-table-2026-05-29.csv,True,absolute per-scene metric from complete ablation table
glossy_synthetic,test,tbell,wo_ref,full_lpips,0.0432726014405489,lower,docs/superpowers/logs/rc-refgs-fd-p2-lite-complete-metrics-ablation-table-2026-05-29.csv,True,absolute per-scene metric from complete ablation table
glossy_synthetic,test,tbell,wo_ref,reflective_psnr,31.150426983833317,higher,docs/superpowers/logs/rc-refgs-fd-p2-lite-complete-metrics-ablation-table-2026-05-29.csv,True,absolute per-scene metric from complete ablation table
glossy_synthetic,test,tbell,wo_ref,reflective_ssim,0.9670906402170658,higher,docs/superpowers/logs/rc-refgs-fd-p2-lite-complete-metrics-ablation-table-2026-05-29.csv,True,absolute per-scene metric from complete ablation table
glossy_synthetic,test,tbell,wo_ref,reflective_lpips,0.0360396899050101,lower,docs/superpowers/logs/rc-refgs-fd-p2-lite-complete-metrics-ablation-table-2026-05-29.csv,True,absolute per-scene metric from complete ablation table
glossy_synthetic,test,tbell,wo_ref,valid_pair_count,10.0,count,docs/superpowers/logs/rc-refgs-fd-p2-lite-complete-metrics-ablation-table-2026-05-29.csv,True,absolute per-scene metric from complete ablation table
glossy_synthetic,test,tbell,wo_ref,num_pairs,10.0,count,docs/superpowers/logs/rc-refgs-fd-p2-lite-complete-metrics-ablation-table-2026-05-29.csv,True,absolute per-scene metric from complete ablation table
glossy_synthetic,test,tbell,wo_ref,num_images,16.0,count,docs/superpowers/logs/rc-refgs-fd-p2-lite-complete-metrics-ablation-table-2026-05-29.csv,True,absolute per-scene metric from complete ablation table
glossy_synthetic,test,tbell,wo_conf,mean_reflection_consistency,0.2782286584377288,lower,docs/superpowers/logs/rc-refgs-fd-p2-lite-complete-metrics-ablation-table-2026-05-29.csv,True,absolute per-scene metric from complete ablation table
glossy_synthetic,test,tbell,wo_conf,reflective_region_psnr,25.87096767425537,higher,docs/superpowers/logs/rc-refgs-fd-p2-lite-complete-metrics-ablation-table-2026-05-29.csv,True,absolute per-scene metric from complete ablation table
glossy_synthetic,test,tbell,wo_conf,full_psnr,30.59528350830078,higher,docs/superpowers/logs/rc-refgs-fd-p2-lite-complete-metrics-ablation-table-2026-05-29.csv,True,absolute per-scene metric from complete ablation table
glossy_synthetic,test,tbell,wo_conf,full_ssim,0.9648824259638786,higher,docs/superpowers/logs/rc-refgs-fd-p2-lite-complete-metrics-ablation-table-2026-05-29.csv,True,absolute per-scene metric from complete ablation table
glossy_synthetic,test,tbell,wo_conf,full_lpips,0.0412438341882079,lower,docs/superpowers/logs/rc-refgs-fd-p2-lite-complete-metrics-ablation-table-2026-05-29.csv,True,absolute per-scene metric from complete ablation table
glossy_synthetic,test,tbell,wo_conf,reflective_psnr,30.98583495616913,higher,docs/superpowers/logs/rc-refgs-fd-p2-lite-complete-metrics-ablation-table-2026-05-29.csv,True,absolute per-scene metric from complete ablation table
glossy_synthetic,test,tbell,wo_conf,reflective_ssim,0.9678497165441512,higher,docs/superpowers/logs/rc-refgs-fd-p2-lite-complete-metrics-ablation-table-2026-05-29.csv,True,absolute per-scene metric from complete ablation table
glossy_synthetic,test,tbell,wo_conf,reflective_lpips,0.0338687777984887,lower,docs/superpowers/logs/rc-refgs-fd-p2-lite-complete-metrics-ablation-table-2026-05-29.csv,True,absolute per-scene metric from complete ablation table
glossy_synthetic,test,tbell,wo_conf,valid_pair_count,10.0,count,docs/superpowers/logs/rc-refgs-fd-p2-lite-complete-metrics-ablation-table-2026-05-29.csv,True,absolute per-scene metric from complete ablation table
glossy_synthetic,test,tbell,wo_conf,num_pairs,10.0,count,docs/superpowers/logs/rc-refgs-fd-p2-lite-complete-metrics-ablation-table-2026-05-29.csv,True,absolute per-scene metric from complete ablation table
glossy_synthetic,test,tbell,wo_conf,num_images,16.0,count,docs/superpowers/logs/rc-refgs-fd-p2-lite-complete-metrics-ablation-table-2026-05-29.csv,True,absolute per-scene metric from complete ablation table
glossy_synthetic,test,tbell,rough_only,mean_reflection_consistency,0.3186626702547073,lower,docs/superpowers/logs/rc-refgs-fd-p2-lite-complete-metrics-ablation-table-2026-05-29.csv,True,absolute per-scene metric from complete ablation table
glossy_synthetic,test,tbell,rough_only,reflective_region_psnr,25.775622177124024,higher,docs/superpowers/logs/rc-refgs-fd-p2-lite-complete-metrics-ablation-table-2026-05-29.csv,True,absolute per-scene metric from complete ablation table
glossy_synthetic,test,tbell,rough_only,full_psnr,30.67210412025452,higher,docs/superpowers/logs/rc-refgs-fd-p2-lite-complete-metrics-ablation-table-2026-05-29.csv,True,absolute per-scene metric from complete ablation table
glossy_synthetic,test,tbell,rough_only,full_ssim,0.9646560847759248,higher,docs/superpowers/logs/rc-refgs-fd-p2-lite-complete-metrics-ablation-table-2026-05-29.csv,True,absolute per-scene metric from complete ablation table
glossy_synthetic,test,tbell,rough_only,full_lpips,0.0421135777141898,lower,docs/superpowers/logs/rc-refgs-fd-p2-lite-complete-metrics-ablation-table-2026-05-29.csv,True,absolute per-scene metric from complete ablation table
glossy_synthetic,test,tbell,rough_only,reflective_psnr,30.96902620792389,higher,docs/superpowers/logs/rc-refgs-fd-p2-lite-complete-metrics-ablation-table-2026-05-29.csv,True,absolute per-scene metric from complete ablation table
glossy_synthetic,test,tbell,rough_only,reflective_ssim,0.9671381674706936,higher,docs/superpowers/logs/rc-refgs-fd-p2-lite-complete-metrics-ablation-table-2026-05-29.csv,True,absolute per-scene metric from complete ablation table
glossy_synthetic,test,tbell,rough_only,reflective_lpips,0.0351635989500209,lower,docs/superpowers/logs/rc-refgs-fd-p2-lite-complete-metrics-ablation-table-2026-05-29.csv,True,absolute per-scene metric from complete ablation table
glossy_synthetic,test,tbell,rough_only,valid_pair_count,10.0,count,docs/superpowers/logs/rc-refgs-fd-p2-lite-complete-metrics-ablation-table-2026-05-29.csv,True,absolute per-scene metric from complete ablation table
glossy_synthetic,test,tbell,rough_only,num_pairs,10.0,count,docs/superpowers/logs/rc-refgs-fd-p2-lite-complete-metrics-ablation-table-2026-05-29.csv,True,absolute per-scene metric from complete ablation table
glossy_synthetic,test,tbell,rough_only,num_images,16.0,count,docs/superpowers/logs/rc-refgs-fd-p2-lite-complete-metrics-ablation-table-2026-05-29.csv,True,absolute per-scene metric from complete ablation table
glossy_synthetic,test,teapot,base,mean_reflection_consistency,0.2959328785538673,lower,docs/superpowers/logs/rc-refgs-fd-p2-lite-final-main-summary-2026-06-01.csv,True,absolute per-scene metric from final main summary; included as base/rc variants for ablation comparison
glossy_synthetic,test,teapot,base,reflective_region_psnr,20.463845634460448,higher,docs/superpowers/logs/rc-refgs-fd-p2-lite-final-main-summary-2026-06-01.csv,True,absolute per-scene metric from final main summary; included as base/rc variants for ablation comparison
glossy_synthetic,test,teapot,base,full_psnr,26.58281433582306,higher,docs/superpowers/logs/rc-refgs-fd-p2-lite-final-main-summary-2026-06-01.csv,True,absolute per-scene metric from final main summary; included as base/rc variants for ablation comparison
glossy_synthetic,test,teapot,base,full_ssim,0.9448713436722757,higher,docs/superpowers/logs/rc-refgs-fd-p2-lite-final-main-summary-2026-06-01.csv,True,absolute per-scene metric from final main summary; included as base/rc variants for ablation comparison
glossy_synthetic,test,teapot,base,full_lpips,0.0511018079705536,lower,docs/superpowers/logs/rc-refgs-fd-p2-lite-final-main-summary-2026-06-01.csv,True,absolute per-scene metric from final main summary; included as base/rc variants for ablation comparison
glossy_synthetic,test,teapot,base,reflective_psnr,27.20156443119049,higher,docs/superpowers/logs/rc-refgs-fd-p2-lite-final-main-summary-2026-06-01.csv,True,absolute per-scene metric from final main summary; included as base/rc variants for ablation comparison
glossy_synthetic,test,teapot,base,reflective_ssim,0.9512129202485085,higher,docs/superpowers/logs/rc-refgs-fd-p2-lite-final-main-summary-2026-06-01.csv,True,absolute per-scene metric from final main summary; included as base/rc variants for ablation comparison
glossy_synthetic,test,teapot,base,reflective_lpips,0.0438581835478544,lower,docs/superpowers/logs/rc-refgs-fd-p2-lite-final-main-summary-2026-06-01.csv,True,absolute per-scene metric from final main summary; included as base/rc variants for ablation comparison
glossy_synthetic,test,teapot,base,valid_pair_count,10.0,count,docs/superpowers/logs/rc-refgs-fd-p2-lite-main-table-2026-05-29.csv,True,pair-count metric from earlier main consistency table; included as base/rc variants for ablation comparison
glossy_synthetic,test,teapot,rc,mean_reflection_consistency,0.2524333536624908,lower,docs/superpowers/logs/rc-refgs-fd-p2-lite-final-main-summary-2026-06-01.csv,True,absolute per-scene metric from final main summary; included as base/rc variants for ablation comparison
glossy_synthetic,test,teapot,rc,reflective_region_psnr,20.661319732666016,higher,docs/superpowers/logs/rc-refgs-fd-p2-lite-final-main-summary-2026-06-01.csv,True,absolute per-scene metric from final main summary; included as base/rc variants for ablation comparison
glossy_synthetic,test,teapot,rc,full_psnr,26.751352787017822,higher,docs/superpowers/logs/rc-refgs-fd-p2-lite-final-main-summary-2026-06-01.csv,True,absolute per-scene metric from final main summary; included as base/rc variants for ablation comparison
glossy_synthetic,test,teapot,rc,full_ssim,0.9467399902641772,higher,docs/superpowers/logs/rc-refgs-fd-p2-lite-final-main-summary-2026-06-01.csv,True,absolute per-scene metric from final main summary; included as base/rc variants for ablation comparison
glossy_synthetic,test,teapot,rc,full_lpips,0.0500873576384037,lower,docs/superpowers/logs/rc-refgs-fd-p2-lite-final-main-summary-2026-06-01.csv,True,absolute per-scene metric from final main summary; included as base/rc variants for ablation comparison
glossy_synthetic,test,teapot,rc,reflective_psnr,27.20884656906128,higher,docs/superpowers/logs/rc-refgs-fd-p2-lite-final-main-summary-2026-06-01.csv,True,absolute per-scene metric from final main summary; included as base/rc variants for ablation comparison
glossy_synthetic,test,teapot,rc,reflective_ssim,0.951549157500267,higher,docs/superpowers/logs/rc-refgs-fd-p2-lite-final-main-summary-2026-06-01.csv,True,absolute per-scene metric from final main summary; included as base/rc variants for ablation comparison
glossy_synthetic,test,teapot,rc,reflective_lpips,0.0430140802636742,lower,docs/superpowers/logs/rc-refgs-fd-p2-lite-final-main-summary-2026-06-01.csv,True,absolute per-scene metric from final main summary; included as base/rc variants for ablation comparison
glossy_synthetic,test,teapot,rc,valid_pair_count,10.0,count,docs/superpowers/logs/rc-refgs-fd-p2-lite-main-table-2026-05-29.csv,True,pair-count metric from earlier main consistency table; included as base/rc variants for ablation comparison
glossy_synthetic,test,teapot,wo_ref,mean_reflection_consistency,0.2975952297449112,lower,docs/superpowers/logs/rc-refgs-fd-p2-lite-complete-metrics-ablation-table-2026-05-29.csv,True,absolute per-scene metric from complete ablation table
glossy_synthetic,test,teapot,wo_ref,reflective_region_psnr,20.604636192321777,higher,docs/superpowers/logs/rc-refgs-fd-p2-lite-complete-metrics-ablation-table-2026-05-29.csv,True,absolute per-scene metric from complete ablation table
glossy_synthetic,test,teapot,wo_ref,full_psnr,26.75736463069916,higher,docs/superpowers/logs/rc-refgs-fd-p2-lite-complete-metrics-ablation-table-2026-05-29.csv,True,absolute per-scene metric from complete ablation table
glossy_synthetic,test,teapot,wo_ref,full_ssim,0.9463091604411602,higher,docs/superpowers/logs/rc-refgs-fd-p2-lite-complete-metrics-ablation-table-2026-05-29.csv,True,absolute per-scene metric from complete ablation table
glossy_synthetic,test,teapot,wo_ref,full_lpips,0.0496351581532508,lower,docs/superpowers/logs/rc-refgs-fd-p2-lite-complete-metrics-ablation-table-2026-05-29.csv,True,absolute per-scene metric from complete ablation table
glossy_synthetic,test,teapot,wo_ref,reflective_psnr,27.44669091701508,higher,docs/superpowers/logs/rc-refgs-fd-p2-lite-complete-metrics-ablation-table-2026-05-29.csv,True,absolute per-scene metric from complete ablation table
glossy_synthetic,test,teapot,wo_ref,reflective_ssim,0.9529455937445164,higher,docs/superpowers/logs/rc-refgs-fd-p2-lite-complete-metrics-ablation-table-2026-05-29.csv,True,absolute per-scene metric from complete ablation table
glossy_synthetic,test,teapot,wo_ref,reflective_lpips,0.042050453601405,lower,docs/superpowers/logs/rc-refgs-fd-p2-lite-complete-metrics-ablation-table-2026-05-29.csv,True,absolute per-scene metric from complete ablation table
glossy_synthetic,test,teapot,wo_ref,valid_pair_count,10.0,count,docs/superpowers/logs/rc-refgs-fd-p2-lite-complete-metrics-ablation-table-2026-05-29.csv,True,absolute per-scene metric from complete ablation table
glossy_synthetic,test,teapot,wo_ref,num_pairs,10.0,count,docs/superpowers/logs/rc-refgs-fd-p2-lite-complete-metrics-ablation-table-2026-05-29.csv,True,absolute per-scene metric from complete ablation table
glossy_synthetic,test,teapot,wo_ref,num_images,16.0,count,docs/superpowers/logs/rc-refgs-fd-p2-lite-complete-metrics-ablation-table-2026-05-29.csv,True,absolute per-scene metric from complete ablation table
glossy_synthetic,test,teapot,wo_conf,mean_reflection_consistency,0.2744048878550529,lower,docs/superpowers/logs/rc-refgs-fd-p2-lite-complete-metrics-ablation-table-2026-05-29.csv,True,absolute per-scene metric from complete ablation table
glossy_synthetic,test,teapot,wo_conf,reflective_region_psnr,20.54795684814453,higher,docs/superpowers/logs/rc-refgs-fd-p2-lite-complete-metrics-ablation-table-2026-05-29.csv,True,absolute per-scene metric from complete ablation table
glossy_synthetic,test,teapot,wo_conf,full_psnr,26.50543546676636,higher,docs/superpowers/logs/rc-refgs-fd-p2-lite-complete-metrics-ablation-table-2026-05-29.csv,True,absolute per-scene metric from complete ablation table
glossy_synthetic,test,teapot,wo_conf,full_ssim,0.944457359611988,higher,docs/superpowers/logs/rc-refgs-fd-p2-lite-complete-metrics-ablation-table-2026-05-29.csv,True,absolute per-scene metric from complete ablation table
glossy_synthetic,test,teapot,wo_conf,full_lpips,0.0516890345606952,lower,docs/superpowers/logs/rc-refgs-fd-p2-lite-complete-metrics-ablation-table-2026-05-29.csv,True,absolute per-scene metric from complete ablation table
glossy_synthetic,test,teapot,wo_conf,reflective_psnr,27.287578344345093,higher,docs/superpowers/logs/rc-refgs-fd-p2-lite-complete-metrics-ablation-table-2026-05-29.csv,True,absolute per-scene metric from complete ablation table
glossy_synthetic,test,teapot,wo_conf,reflective_ssim,0.9514516703784466,higher,docs/superpowers/logs/rc-refgs-fd-p2-lite-complete-metrics-ablation-table-2026-05-29.csv,True,absolute per-scene metric from complete ablation table
glossy_synthetic,test,teapot,wo_conf,reflective_lpips,0.0442615810316056,lower,docs/superpowers/logs/rc-refgs-fd-p2-lite-complete-metrics-ablation-table-2026-05-29.csv,True,absolute per-scene metric from complete ablation table
glossy_synthetic,test,teapot,wo_conf,valid_pair_count,10.0,count,docs/superpowers/logs/rc-refgs-fd-p2-lite-complete-metrics-ablation-table-2026-05-29.csv,True,absolute per-scene metric from complete ablation table
glossy_synthetic,test,teapot,wo_conf,num_pairs,10.0,count,docs/superpowers/logs/rc-refgs-fd-p2-lite-complete-metrics-ablation-table-2026-05-29.csv,True,absolute per-scene metric from complete ablation table
glossy_synthetic,test,teapot,wo_conf,num_images,16.0,count,docs/superpowers/logs/rc-refgs-fd-p2-lite-complete-metrics-ablation-table-2026-05-29.csv,True,absolute per-scene metric from complete ablation table
glossy_synthetic,test,teapot,rough_only,mean_reflection_consistency,0.3004218071699142,lower,docs/superpowers/logs/rc-refgs-fd-p2-lite-complete-metrics-ablation-table-2026-05-29.csv,True,absolute per-scene metric from complete ablation table
glossy_synthetic,test,teapot,rough_only,reflective_region_psnr,20.39924659729004,higher,docs/superpowers/logs/rc-refgs-fd-p2-lite-complete-metrics-ablation-table-2026-05-29.csv,True,absolute per-scene metric from complete ablation table
glossy_synthetic,test,teapot,rough_only,full_psnr,26.576650261878967,higher,docs/superpowers/logs/rc-refgs-fd-p2-lite-complete-metrics-ablation-table-2026-05-29.csv,True,absolute per-scene metric from complete ablation table
glossy_synthetic,test,teapot,rough_only,full_ssim,0.9443917833268642,higher,docs/superpowers/logs/rc-refgs-fd-p2-lite-complete-metrics-ablation-table-2026-05-29.csv,True,absolute per-scene metric from complete ablation table
glossy_synthetic,test,teapot,rough_only,full_lpips,0.0521035690326243,lower,docs/superpowers/logs/rc-refgs-fd-p2-lite-complete-metrics-ablation-table-2026-05-29.csv,True,absolute per-scene metric from complete ablation table
glossy_synthetic,test,teapot,rough_only,reflective_psnr,27.080671072006226,higher,docs/superpowers/logs/rc-refgs-fd-p2-lite-complete-metrics-ablation-table-2026-05-29.csv,True,absolute per-scene metric from complete ablation table
glossy_synthetic,test,teapot,rough_only,reflective_ssim,0.9500642381608486,higher,docs/superpowers/logs/rc-refgs-fd-p2-lite-complete-metrics-ablation-table-2026-05-29.csv,True,absolute per-scene metric from complete ablation table
glossy_synthetic,test,teapot,rough_only,reflective_lpips,0.0452048419974744,lower,docs/superpowers/logs/rc-refgs-fd-p2-lite-complete-metrics-ablation-table-2026-05-29.csv,True,absolute per-scene metric from complete ablation table
glossy_synthetic,test,teapot,rough_only,valid_pair_count,10.0,count,docs/superpowers/logs/rc-refgs-fd-p2-lite-complete-metrics-ablation-table-2026-05-29.csv,True,absolute per-scene metric from complete ablation table
glossy_synthetic,test,teapot,rough_only,num_pairs,10.0,count,docs/superpowers/logs/rc-refgs-fd-p2-lite-complete-metrics-ablation-table-2026-05-29.csv,True,absolute per-scene metric from complete ablation table
glossy_synthetic,test,teapot,rough_only,num_images,16.0,count,docs/superpowers/logs/rc-refgs-fd-p2-lite-complete-metrics-ablation-table-2026-05-29.csv,True,absolute per-scene metric from complete ablation table
shiny_blender_synthetic,train,ball,base,mean_reflection_consistency,0.1712649494409561,lower,docs/superpowers/logs/rc-refgs-fd-p2-lite-final-main-summary-2026-06-01.csv,True,absolute per-scene metric from final main summary; included as base/rc variants for ablation comparison
shiny_blender_synthetic,train,ball,base,reflective_region_psnr,37.80105285644531,higher,docs/superpowers/logs/rc-refgs-fd-p2-lite-final-main-summary-2026-06-01.csv,True,absolute per-scene metric from final main summary; included as base/rc variants for ablation comparison
shiny_blender_synthetic,train,ball,base,full_psnr,40.85372295379639,higher,docs/superpowers/logs/rc-refgs-fd-p2-lite-final-main-summary-2026-06-01.csv,True,absolute per-scene metric from final main summary; included as base/rc variants for ablation comparison
shiny_blender_synthetic,train,ball,base,full_ssim,0.9917829132080078,higher,docs/superpowers/logs/rc-refgs-fd-p2-lite-final-main-summary-2026-06-01.csv,True,absolute per-scene metric from final main summary; included as base/rc variants for ablation comparison
shiny_blender_synthetic,train,ball,base,full_lpips,0.0318296349048614,lower,docs/superpowers/logs/rc-refgs-fd-p2-lite-final-main-summary-2026-06-01.csv,True,absolute per-scene metric from final main summary; included as base/rc variants for ablation comparison
shiny_blender_synthetic,train,ball,base,reflective_psnr,41.106985206604,higher,docs/superpowers/logs/rc-refgs-fd-p2-lite-final-main-summary-2026-06-01.csv,True,absolute per-scene metric from final main summary; included as base/rc variants for ablation comparison
shiny_blender_synthetic,train,ball,base,reflective_ssim,0.9923985570669174,higher,docs/superpowers/logs/rc-refgs-fd-p2-lite-final-main-summary-2026-06-01.csv,True,absolute per-scene metric from final main summary; included as base/rc variants for ablation comparison
shiny_blender_synthetic,train,ball,base,reflective_lpips,0.0228039968013763,lower,docs/superpowers/logs/rc-refgs-fd-p2-lite-final-main-summary-2026-06-01.csv,True,absolute per-scene metric from final main summary; included as base/rc variants for ablation comparison
shiny_blender_synthetic,train,ball,base,valid_pair_count,10.0,count,docs/superpowers/logs/rc-refgs-fd-p2-lite-main-table-2026-05-29.csv,True,pair-count metric from earlier main consistency table; included as base/rc variants for ablation comparison
shiny_blender_synthetic,train,ball,rc,mean_reflection_consistency,0.1663990885019302,lower,docs/superpowers/logs/rc-refgs-fd-p2-lite-final-main-summary-2026-06-01.csv,True,absolute per-scene metric from final main summary; included as base/rc variants for ablation comparison
shiny_blender_synthetic,train,ball,rc,reflective_region_psnr,38.0914852142334,higher,docs/superpowers/logs/rc-refgs-fd-p2-lite-final-main-summary-2026-06-01.csv,True,absolute per-scene metric from final main summary; included as base/rc variants for ablation comparison
shiny_blender_synthetic,train,ball,rc,full_psnr,40.98823234558105,higher,docs/superpowers/logs/rc-refgs-fd-p2-lite-final-main-summary-2026-06-01.csv,True,absolute per-scene metric from final main summary; included as base/rc variants for ablation comparison
shiny_blender_synthetic,train,ball,rc,full_ssim,0.99187539935112,higher,docs/superpowers/logs/rc-refgs-fd-p2-lite-final-main-summary-2026-06-01.csv,True,absolute per-scene metric from final main summary; included as base/rc variants for ablation comparison
shiny_blender_synthetic,train,ball,rc,full_lpips,0.0314202127419412,lower,docs/superpowers/logs/rc-refgs-fd-p2-lite-final-main-summary-2026-06-01.csv,True,absolute per-scene metric from final main summary; included as base/rc variants for ablation comparison
shiny_blender_synthetic,train,ball,rc,reflective_psnr,41.21255100250245,higher,docs/superpowers/logs/rc-refgs-fd-p2-lite-final-main-summary-2026-06-01.csv,True,absolute per-scene metric from final main summary; included as base/rc variants for ablation comparison
shiny_blender_synthetic,train,ball,rc,reflective_ssim,0.9922647655010224,higher,docs/superpowers/logs/rc-refgs-fd-p2-lite-final-main-summary-2026-06-01.csv,True,absolute per-scene metric from final main summary; included as base/rc variants for ablation comparison
shiny_blender_synthetic,train,ball,rc,reflective_lpips,0.0255917888786643,lower,docs/superpowers/logs/rc-refgs-fd-p2-lite-final-main-summary-2026-06-01.csv,True,absolute per-scene metric from final main summary; included as base/rc variants for ablation comparison
shiny_blender_synthetic,train,ball,rc,valid_pair_count,10.0,count,docs/superpowers/logs/rc-refgs-fd-p2-lite-main-table-2026-05-29.csv,True,pair-count metric from earlier main consistency table; included as base/rc variants for ablation comparison
shiny_blender_synthetic,train,ball,wo_ref,mean_reflection_consistency,0.1700018443167209,lower,docs/superpowers/logs/rc-refgs-fd-p2-lite-complete-metrics-ablation-table-2026-05-29.csv,True,absolute per-scene metric from complete ablation table
shiny_blender_synthetic,train,ball,wo_ref,reflective_region_psnr,37.65805702209472,higher,docs/superpowers/logs/rc-refgs-fd-p2-lite-complete-metrics-ablation-table-2026-05-29.csv,True,absolute per-scene metric from complete ablation table
shiny_blender_synthetic,train,ball,wo_ref,full_psnr,40.64434589385986,higher,docs/superpowers/logs/rc-refgs-fd-p2-lite-complete-metrics-ablation-table-2026-05-29.csv,True,absolute per-scene metric from complete ablation table
shiny_blender_synthetic,train,ball,wo_ref,full_ssim,0.9916635847091676,higher,docs/superpowers/logs/rc-refgs-fd-p2-lite-complete-metrics-ablation-table-2026-05-29.csv,True,absolute per-scene metric from complete ablation table
shiny_blender_synthetic,train,ball,wo_ref,full_lpips,0.0322284650057554,lower,docs/superpowers/logs/rc-refgs-fd-p2-lite-complete-metrics-ablation-table-2026-05-29.csv,True,absolute per-scene metric from complete ablation table
shiny_blender_synthetic,train,ball,wo_ref,reflective_psnr,40.86597549438476,higher,docs/superpowers/logs/rc-refgs-fd-p2-lite-complete-metrics-ablation-table-2026-05-29.csv,True,absolute per-scene metric from complete ablation table
shiny_blender_synthetic,train,ball,wo_ref,reflective_ssim,0.9920967197418212,higher,docs/superpowers/logs/rc-refgs-fd-p2-lite-complete-metrics-ablation-table-2026-05-29.csv,True,absolute per-scene metric from complete ablation table
shiny_blender_synthetic,train,ball,wo_ref,reflective_lpips,0.0256662590336054,lower,docs/superpowers/logs/rc-refgs-fd-p2-lite-complete-metrics-ablation-table-2026-05-29.csv,True,absolute per-scene metric from complete ablation table
shiny_blender_synthetic,train,ball,wo_ref,valid_pair_count,10.0,count,docs/superpowers/logs/rc-refgs-fd-p2-lite-complete-metrics-ablation-table-2026-05-29.csv,True,absolute per-scene metric from complete ablation table
shiny_blender_synthetic,train,ball,wo_ref,num_pairs,10.0,count,docs/superpowers/logs/rc-refgs-fd-p2-lite-complete-metrics-ablation-table-2026-05-29.csv,True,absolute per-scene metric from complete ablation table
shiny_blender_synthetic,train,ball,wo_ref,num_images,100.0,count,docs/superpowers/logs/rc-refgs-fd-p2-lite-complete-metrics-ablation-table-2026-05-29.csv,True,absolute per-scene metric from complete ablation table
shiny_blender_synthetic,train,ball,wo_conf,mean_reflection_consistency,0.1672966547310352,lower,docs/superpowers/logs/rc-refgs-fd-p2-lite-complete-metrics-ablation-table-2026-05-29.csv,True,absolute per-scene metric from complete ablation table
shiny_blender_synthetic,train,ball,wo_conf,reflective_region_psnr,37.18550491333008,higher,docs/superpowers/logs/rc-refgs-fd-p2-lite-complete-metrics-ablation-table-2026-05-29.csv,True,absolute per-scene metric from complete ablation table
shiny_blender_synthetic,train,ball,wo_conf,full_psnr,40.4266792678833,higher,docs/superpowers/logs/rc-refgs-fd-p2-lite-complete-metrics-ablation-table-2026-05-29.csv,True,absolute per-scene metric from complete ablation table
shiny_blender_synthetic,train,ball,wo_conf,full_ssim,0.9917367428541184,higher,docs/superpowers/logs/rc-refgs-fd-p2-lite-complete-metrics-ablation-table-2026-05-29.csv,True,absolute per-scene metric from complete ablation table
shiny_blender_synthetic,train,ball,wo_conf,full_lpips,0.0323078977502882,lower,docs/superpowers/logs/rc-refgs-fd-p2-lite-complete-metrics-ablation-table-2026-05-29.csv,True,absolute per-scene metric from complete ablation table
shiny_blender_synthetic,train,ball,wo_conf,reflective_psnr,40.71862602233887,higher,docs/superpowers/logs/rc-refgs-fd-p2-lite-complete-metrics-ablation-table-2026-05-29.csv,True,absolute per-scene metric from complete ablation table
shiny_blender_synthetic,train,ball,wo_conf,reflective_ssim,0.9925452488660812,higher,docs/superpowers/logs/rc-refgs-fd-p2-lite-complete-metrics-ablation-table-2026-05-29.csv,True,absolute per-scene metric from complete ablation table
shiny_blender_synthetic,train,ball,wo_conf,reflective_lpips,0.0220677410438656,lower,docs/superpowers/logs/rc-refgs-fd-p2-lite-complete-metrics-ablation-table-2026-05-29.csv,True,absolute per-scene metric from complete ablation table
shiny_blender_synthetic,train,ball,wo_conf,valid_pair_count,10.0,count,docs/superpowers/logs/rc-refgs-fd-p2-lite-complete-metrics-ablation-table-2026-05-29.csv,True,absolute per-scene metric from complete ablation table
shiny_blender_synthetic,train,ball,wo_conf,num_pairs,10.0,count,docs/superpowers/logs/rc-refgs-fd-p2-lite-complete-metrics-ablation-table-2026-05-29.csv,True,absolute per-scene metric from complete ablation table
shiny_blender_synthetic,train,ball,wo_conf,num_images,100.0,count,docs/superpowers/logs/rc-refgs-fd-p2-lite-complete-metrics-ablation-table-2026-05-29.csv,True,absolute per-scene metric from complete ablation table
shiny_blender_synthetic,train,ball,rough_only,mean_reflection_consistency,0.169089861959219,lower,docs/superpowers/logs/rc-refgs-fd-p2-lite-complete-metrics-ablation-table-2026-05-29.csv,True,absolute per-scene metric from complete ablation table
shiny_blender_synthetic,train,ball,rough_only,reflective_region_psnr,38.079153060913086,higher,docs/superpowers/logs/rc-refgs-fd-p2-lite-complete-metrics-ablation-table-2026-05-29.csv,True,absolute per-scene metric from complete ablation table
shiny_blender_synthetic,train,ball,rough_only,full_psnr,40.90653297424316,higher,docs/superpowers/logs/rc-refgs-fd-p2-lite-complete-metrics-ablation-table-2026-05-29.csv,True,absolute per-scene metric from complete ablation table
shiny_blender_synthetic,train,ball,rough_only,full_ssim,0.9917780125141143,higher,docs/superpowers/logs/rc-refgs-fd-p2-lite-complete-metrics-ablation-table-2026-05-29.csv,True,absolute per-scene metric from complete ablation table
shiny_blender_synthetic,train,ball,rough_only,full_lpips,0.0320588070526719,lower,docs/superpowers/logs/rc-refgs-fd-p2-lite-complete-metrics-ablation-table-2026-05-29.csv,True,absolute per-scene metric from complete ablation table
shiny_blender_synthetic,train,ball,rough_only,reflective_psnr,41.13626712799072,higher,docs/superpowers/logs/rc-refgs-fd-p2-lite-complete-metrics-ablation-table-2026-05-29.csv,True,absolute per-scene metric from complete ablation table
shiny_blender_synthetic,train,ball,rough_only,reflective_ssim,0.9921992123126984,higher,docs/superpowers/logs/rc-refgs-fd-p2-lite-complete-metrics-ablation-table-2026-05-29.csv,True,absolute per-scene metric from complete ablation table
shiny_blender_synthetic,train,ball,rough_only,reflective_lpips,0.0250911054667085,lower,docs/superpowers/logs/rc-refgs-fd-p2-lite-complete-metrics-ablation-table-2026-05-29.csv,True,absolute per-scene metric from complete ablation table
shiny_blender_synthetic,train,ball,rough_only,valid_pair_count,10.0,count,docs/superpowers/logs/rc-refgs-fd-p2-lite-complete-metrics-ablation-table-2026-05-29.csv,True,absolute per-scene metric from complete ablation table
shiny_blender_synthetic,train,ball,rough_only,num_pairs,10.0,count,docs/superpowers/logs/rc-refgs-fd-p2-lite-complete-metrics-ablation-table-2026-05-29.csv,True,absolute per-scene metric from complete ablation table
shiny_blender_synthetic,train,ball,rough_only,num_images,100.0,count,docs/superpowers/logs/rc-refgs-fd-p2-lite-complete-metrics-ablation-table-2026-05-29.csv,True,absolute per-scene metric from complete ablation table
shiny_blender_synthetic,train,car,base,mean_reflection_consistency,0.3124761778861284,lower,docs/superpowers/logs/rc-refgs-fd-p2-lite-final-main-summary-2026-06-01.csv,True,absolute per-scene metric from final main summary; included as base/rc variants for ablation comparison
shiny_blender_synthetic,train,car,base,reflective_region_psnr,31.03232326507568,higher,docs/superpowers/logs/rc-refgs-fd-p2-lite-final-main-summary-2026-06-01.csv,True,absolute per-scene metric from final main summary; included as base/rc variants for ablation comparison
shiny_blender_synthetic,train,car,base,full_psnr,36.740454483032224,higher,docs/superpowers/logs/rc-refgs-fd-p2-lite-final-main-summary-2026-06-01.csv,True,absolute per-scene metric from final main summary; included as base/rc variants for ablation comparison
shiny_blender_synthetic,train,car,base,full_ssim,0.985656060576439,higher,docs/superpowers/logs/rc-refgs-fd-p2-lite-final-main-summary-2026-06-01.csv,True,absolute per-scene metric from final main summary; included as base/rc variants for ablation comparison
shiny_blender_synthetic,train,car,base,full_lpips,0.0090611342014744,lower,docs/superpowers/logs/rc-refgs-fd-p2-lite-final-main-summary-2026-06-01.csv,True,absolute per-scene metric from final main summary; included as base/rc variants for ablation comparison
shiny_blender_synthetic,train,car,base,reflective_psnr,38.13613090515137,higher,docs/superpowers/logs/rc-refgs-fd-p2-lite-final-main-summary-2026-06-01.csv,True,absolute per-scene metric from final main summary; included as base/rc variants for ablation comparison
shiny_blender_synthetic,train,car,base,reflective_ssim,0.9891319018602373,higher,docs/superpowers/logs/rc-refgs-fd-p2-lite-final-main-summary-2026-06-01.csv,True,absolute per-scene metric from final main summary; included as base/rc variants for ablation comparison
shiny_blender_synthetic,train,car,base,reflective_lpips,0.005930654965341,lower,docs/superpowers/logs/rc-refgs-fd-p2-lite-final-main-summary-2026-06-01.csv,True,absolute per-scene metric from final main summary; included as base/rc variants for ablation comparison
shiny_blender_synthetic,train,car,base,valid_pair_count,10.0,count,docs/superpowers/logs/rc-refgs-fd-p2-lite-main-table-2026-05-29.csv,True,pair-count metric from earlier main consistency table; included as base/rc variants for ablation comparison
shiny_blender_synthetic,train,car,rc,mean_reflection_consistency,0.1426708940416574,lower,docs/superpowers/logs/rc-refgs-fd-p2-lite-final-main-summary-2026-06-01.csv,True,absolute per-scene metric from final main summary; included as base/rc variants for ablation comparison
shiny_blender_synthetic,train,car,rc,reflective_region_psnr,30.994008827209477,higher,docs/superpowers/logs/rc-refgs-fd-p2-lite-final-main-summary-2026-06-01.csv,True,absolute per-scene metric from final main summary; included as base/rc variants for ablation comparison
shiny_blender_synthetic,train,car,rc,full_psnr,36.506158142089845,higher,docs/superpowers/logs/rc-refgs-fd-p2-lite-final-main-summary-2026-06-01.csv,True,absolute per-scene metric from final main summary; included as base/rc variants for ablation comparison
shiny_blender_synthetic,train,car,rc,full_ssim,0.985535243153572,higher,docs/superpowers/logs/rc-refgs-fd-p2-lite-final-main-summary-2026-06-01.csv,True,absolute per-scene metric from final main summary; included as base/rc variants for ablation comparison
shiny_blender_synthetic,train,car,rc,full_lpips,0.0090828548045828,lower,docs/superpowers/logs/rc-refgs-fd-p2-lite-final-main-summary-2026-06-01.csv,True,absolute per-scene metric from final main summary; included as base/rc variants for ablation comparison
shiny_blender_synthetic,train,car,rc,reflective_psnr,37.908733406066894,higher,docs/superpowers/logs/rc-refgs-fd-p2-lite-final-main-summary-2026-06-01.csv,True,absolute per-scene metric from final main summary; included as base/rc variants for ablation comparison
shiny_blender_synthetic,train,car,rc,reflective_ssim,0.9888956397771836,higher,docs/superpowers/logs/rc-refgs-fd-p2-lite-final-main-summary-2026-06-01.csv,True,absolute per-scene metric from final main summary; included as base/rc variants for ablation comparison
shiny_blender_synthetic,train,car,rc,reflective_lpips,0.0063235793309286,lower,docs/superpowers/logs/rc-refgs-fd-p2-lite-final-main-summary-2026-06-01.csv,True,absolute per-scene metric from final main summary; included as base/rc variants for ablation comparison
shiny_blender_synthetic,train,car,rc,valid_pair_count,10.0,count,docs/superpowers/logs/rc-refgs-fd-p2-lite-main-table-2026-05-29.csv,True,pair-count metric from earlier main consistency table; included as base/rc variants for ablation comparison
shiny_blender_synthetic,train,car,wo_ref,mean_reflection_consistency,0.3498593010008335,lower,docs/superpowers/logs/rc-refgs-fd-p2-lite-complete-metrics-ablation-table-2026-05-29.csv,True,absolute per-scene metric from complete ablation table
shiny_blender_synthetic,train,car,wo_ref,reflective_region_psnr,31.029361152648924,higher,docs/superpowers/logs/rc-refgs-fd-p2-lite-complete-metrics-ablation-table-2026-05-29.csv,True,absolute per-scene metric from complete ablation table
shiny_blender_synthetic,train,car,wo_ref,full_psnr,36.85416862487793,higher,docs/superpowers/logs/rc-refgs-fd-p2-lite-complete-metrics-ablation-table-2026-05-29.csv,True,absolute per-scene metric from complete ablation table
shiny_blender_synthetic,train,car,wo_ref,full_ssim,0.9858781731128692,higher,docs/superpowers/logs/rc-refgs-fd-p2-lite-complete-metrics-ablation-table-2026-05-29.csv,True,absolute per-scene metric from complete ablation table
shiny_blender_synthetic,train,car,wo_ref,full_lpips,0.0087959435395896,lower,docs/superpowers/logs/rc-refgs-fd-p2-lite-complete-metrics-ablation-table-2026-05-29.csv,True,absolute per-scene metric from complete ablation table
shiny_blender_synthetic,train,car,wo_ref,reflective_psnr,38.34574028015137,higher,docs/superpowers/logs/rc-refgs-fd-p2-lite-complete-metrics-ablation-table-2026-05-29.csv,True,absolute per-scene metric from complete ablation table
shiny_blender_synthetic,train,car,wo_ref,reflective_ssim,0.989543439745903,higher,docs/superpowers/logs/rc-refgs-fd-p2-lite-complete-metrics-ablation-table-2026-05-29.csv,True,absolute per-scene metric from complete ablation table
shiny_blender_synthetic,train,car,wo_ref,reflective_lpips,0.0056727218278683,lower,docs/superpowers/logs/rc-refgs-fd-p2-lite-complete-metrics-ablation-table-2026-05-29.csv,True,absolute per-scene metric from complete ablation table
shiny_blender_synthetic,train,car,wo_ref,valid_pair_count,10.0,count,docs/superpowers/logs/rc-refgs-fd-p2-lite-complete-metrics-ablation-table-2026-05-29.csv,True,absolute per-scene metric from complete ablation table
shiny_blender_synthetic,train,car,wo_ref,num_pairs,10.0,count,docs/superpowers/logs/rc-refgs-fd-p2-lite-complete-metrics-ablation-table-2026-05-29.csv,True,absolute per-scene metric from complete ablation table
shiny_blender_synthetic,train,car,wo_ref,num_images,100.0,count,docs/superpowers/logs/rc-refgs-fd-p2-lite-complete-metrics-ablation-table-2026-05-29.csv,True,absolute per-scene metric from complete ablation table
shiny_blender_synthetic,train,car,wo_conf,mean_reflection_consistency,0.1872521694749593,lower,docs/superpowers/logs/rc-refgs-fd-p2-lite-complete-metrics-ablation-table-2026-05-29.csv,True,absolute per-scene metric from complete ablation table
shiny_blender_synthetic,train,car,wo_conf,reflective_region_psnr,30.91968936920166,higher,docs/superpowers/logs/rc-refgs-fd-p2-lite-complete-metrics-ablation-table-2026-05-29.csv,True,absolute per-scene metric from complete ablation table
shiny_blender_synthetic,train,car,wo_conf,full_psnr,36.74820766448975,higher,docs/superpowers/logs/rc-refgs-fd-p2-lite-complete-metrics-ablation-table-2026-05-29.csv,True,absolute per-scene metric from complete ablation table
shiny_blender_synthetic,train,car,wo_conf,full_ssim,0.985584386587143,higher,docs/superpowers/logs/rc-refgs-fd-p2-lite-complete-metrics-ablation-table-2026-05-29.csv,True,absolute per-scene metric from complete ablation table
shiny_blender_synthetic,train,car,wo_conf,full_lpips,0.0089572398038581,lower,docs/superpowers/logs/rc-refgs-fd-p2-lite-complete-metrics-ablation-table-2026-05-29.csv,True,absolute per-scene metric from complete ablation table
shiny_blender_synthetic,train,car,wo_conf,reflective_psnr,38.19850826263428,higher,docs/superpowers/logs/rc-refgs-fd-p2-lite-complete-metrics-ablation-table-2026-05-29.csv,True,absolute per-scene metric from complete ablation table
shiny_blender_synthetic,train,car,wo_conf,reflective_ssim,0.989311665892601,higher,docs/superpowers/logs/rc-refgs-fd-p2-lite-complete-metrics-ablation-table-2026-05-29.csv,True,absolute per-scene metric from complete ablation table
shiny_blender_synthetic,train,car,wo_conf,reflective_lpips,0.0056999484379775,lower,docs/superpowers/logs/rc-refgs-fd-p2-lite-complete-metrics-ablation-table-2026-05-29.csv,True,absolute per-scene metric from complete ablation table
shiny_blender_synthetic,train,car,wo_conf,valid_pair_count,10.0,count,docs/superpowers/logs/rc-refgs-fd-p2-lite-complete-metrics-ablation-table-2026-05-29.csv,True,absolute per-scene metric from complete ablation table
shiny_blender_synthetic,train,car,wo_conf,num_pairs,10.0,count,docs/superpowers/logs/rc-refgs-fd-p2-lite-complete-metrics-ablation-table-2026-05-29.csv,True,absolute per-scene metric from complete ablation table
shiny_blender_synthetic,train,car,wo_conf,num_images,100.0,count,docs/superpowers/logs/rc-refgs-fd-p2-lite-complete-metrics-ablation-table-2026-05-29.csv,True,absolute per-scene metric from complete ablation table
shiny_blender_synthetic,train,car,rough_only,mean_reflection_consistency,0.329224394261837,lower,docs/superpowers/logs/rc-refgs-fd-p2-lite-complete-metrics-ablation-table-2026-05-29.csv,True,absolute per-scene metric from complete ablation table
shiny_blender_synthetic,train,car,rough_only,reflective_region_psnr,31.09470157623291,higher,docs/superpowers/logs/rc-refgs-fd-p2-lite-complete-metrics-ablation-table-2026-05-29.csv,True,absolute per-scene metric from complete ablation table
shiny_blender_synthetic,train,car,rough_only,full_psnr,36.83535648345947,higher,docs/superpowers/logs/rc-refgs-fd-p2-lite-complete-metrics-ablation-table-2026-05-29.csv,True,absolute per-scene metric from complete ablation table
shiny_blender_synthetic,train,car,rough_only,full_ssim,0.9856621325016022,higher,docs/superpowers/logs/rc-refgs-fd-p2-lite-complete-metrics-ablation-table-2026-05-29.csv,True,absolute per-scene metric from complete ablation table
shiny_blender_synthetic,train,car,rough_only,full_lpips,0.0089817107003182,lower,docs/superpowers/logs/rc-refgs-fd-p2-lite-complete-metrics-ablation-table-2026-05-29.csv,True,absolute per-scene metric from complete ablation table
shiny_blender_synthetic,train,car,rough_only,reflective_psnr,37.97784103393555,higher,docs/superpowers/logs/rc-refgs-fd-p2-lite-complete-metrics-ablation-table-2026-05-29.csv,True,absolute per-scene metric from complete ablation table
shiny_blender_synthetic,train,car,rough_only,reflective_ssim,0.9888836109638214,higher,docs/superpowers/logs/rc-refgs-fd-p2-lite-complete-metrics-ablation-table-2026-05-29.csv,True,absolute per-scene metric from complete ablation table
shiny_blender_synthetic,train,car,rough_only,reflective_lpips,0.0063340073521248,lower,docs/superpowers/logs/rc-refgs-fd-p2-lite-complete-metrics-ablation-table-2026-05-29.csv,True,absolute per-scene metric from complete ablation table
shiny_blender_synthetic,train,car,rough_only,valid_pair_count,10.0,count,docs/superpowers/logs/rc-refgs-fd-p2-lite-complete-metrics-ablation-table-2026-05-29.csv,True,absolute per-scene metric from complete ablation table
shiny_blender_synthetic,train,car,rough_only,num_pairs,10.0,count,docs/superpowers/logs/rc-refgs-fd-p2-lite-complete-metrics-ablation-table-2026-05-29.csv,True,absolute per-scene metric from complete ablation table
shiny_blender_synthetic,train,car,rough_only,num_images,100.0,count,docs/superpowers/logs/rc-refgs-fd-p2-lite-complete-metrics-ablation-table-2026-05-29.csv,True,absolute per-scene metric from complete ablation table
shiny_blender_synthetic,train,coffee,base,mean_reflection_consistency,0.0538857832551002,lower,docs/superpowers/logs/rc-refgs-fd-p2-lite-final-main-summary-2026-06-01.csv,True,absolute per-scene metric from final main summary; included as base/rc variants for ablation comparison
shiny_blender_synthetic,train,coffee,base,reflective_region_psnr,35.920494079589844,higher,docs/superpowers/logs/rc-refgs-fd-p2-lite-final-main-summary-2026-06-01.csv,True,absolute per-scene metric from final main summary; included as base/rc variants for ablation comparison
shiny_blender_synthetic,train,coffee,base,full_psnr,39.01282356262207,higher,docs/superpowers/logs/rc-refgs-fd-p2-lite-final-main-summary-2026-06-01.csv,True,absolute per-scene metric from final main summary; included as base/rc variants for ablation comparison
shiny_blender_synthetic,train,coffee,base,full_ssim,0.9834073233604432,higher,docs/superpowers/logs/rc-refgs-fd-p2-lite-final-main-summary-2026-06-01.csv,True,absolute per-scene metric from final main summary; included as base/rc variants for ablation comparison
shiny_blender_synthetic,train,coffee,base,full_lpips,0.0344631484150886,lower,docs/superpowers/logs/rc-refgs-fd-p2-lite-final-main-summary-2026-06-01.csv,True,absolute per-scene metric from final main summary; included as base/rc variants for ablation comparison
shiny_blender_synthetic,train,coffee,base,reflective_psnr,42.35140979766846,higher,docs/superpowers/logs/rc-refgs-fd-p2-lite-final-main-summary-2026-06-01.csv,True,absolute per-scene metric from final main summary; included as base/rc variants for ablation comparison
shiny_blender_synthetic,train,coffee,base,reflective_ssim,0.9916090375185012,higher,docs/superpowers/logs/rc-refgs-fd-p2-lite-final-main-summary-2026-06-01.csv,True,absolute per-scene metric from final main summary; included as base/rc variants for ablation comparison
shiny_blender_synthetic,train,coffee,base,reflective_lpips,0.0098210799996741,lower,docs/superpowers/logs/rc-refgs-fd-p2-lite-final-main-summary-2026-06-01.csv,True,absolute per-scene metric from final main summary; included as base/rc variants for ablation comparison
shiny_blender_synthetic,train,coffee,base,valid_pair_count,10.0,count,docs/superpowers/logs/rc-refgs-fd-p2-lite-main-table-2026-05-29.csv,True,pair-count metric from earlier main consistency table; included as base/rc variants for ablation comparison
shiny_blender_synthetic,train,coffee,rc,mean_reflection_consistency,0.0222299552522599,lower,docs/superpowers/logs/rc-refgs-fd-p2-lite-final-main-summary-2026-06-01.csv,True,absolute per-scene metric from final main summary; included as base/rc variants for ablation comparison
shiny_blender_synthetic,train,coffee,rc,reflective_region_psnr,35.814023399353026,higher,docs/superpowers/logs/rc-refgs-fd-p2-lite-final-main-summary-2026-06-01.csv,True,absolute per-scene metric from final main summary; included as base/rc variants for ablation comparison
shiny_blender_synthetic,train,coffee,rc,full_psnr,38.845851249694825,higher,docs/superpowers/logs/rc-refgs-fd-p2-lite-final-main-summary-2026-06-01.csv,True,absolute per-scene metric from final main summary; included as base/rc variants for ablation comparison
shiny_blender_synthetic,train,coffee,rc,full_ssim,0.9832272011041642,higher,docs/superpowers/logs/rc-refgs-fd-p2-lite-final-main-summary-2026-06-01.csv,True,absolute per-scene metric from final main summary; included as base/rc variants for ablation comparison
shiny_blender_synthetic,train,coffee,rc,full_lpips,0.0353838243335485,lower,docs/superpowers/logs/rc-refgs-fd-p2-lite-final-main-summary-2026-06-01.csv,True,absolute per-scene metric from final main summary; included as base/rc variants for ablation comparison
shiny_blender_synthetic,train,coffee,rc,reflective_psnr,41.19879467010498,higher,docs/superpowers/logs/rc-refgs-fd-p2-lite-final-main-summary-2026-06-01.csv,True,absolute per-scene metric from final main summary; included as base/rc variants for ablation comparison
shiny_blender_synthetic,train,coffee,rc,reflective_ssim,0.9904482960700988,higher,docs/superpowers/logs/rc-refgs-fd-p2-lite-final-main-summary-2026-06-01.csv,True,absolute per-scene metric from final main summary; included as base/rc variants for ablation comparison
shiny_blender_synthetic,train,coffee,rc,reflective_lpips,0.0110690743150189,lower,docs/superpowers/logs/rc-refgs-fd-p2-lite-final-main-summary-2026-06-01.csv,True,absolute per-scene metric from final main summary; included as base/rc variants for ablation comparison
shiny_blender_synthetic,train,coffee,rc,valid_pair_count,10.0,count,docs/superpowers/logs/rc-refgs-fd-p2-lite-main-table-2026-05-29.csv,True,pair-count metric from earlier main consistency table; included as base/rc variants for ablation comparison
shiny_blender_synthetic,train,coffee,wo_ref,mean_reflection_consistency,0.0507707157172262,lower,docs/superpowers/logs/rc-refgs-fd-p2-lite-complete-metrics-ablation-table-2026-05-29.csv,True,absolute per-scene metric from complete ablation table
shiny_blender_synthetic,train,coffee,wo_ref,reflective_region_psnr,36.59847717285156,higher,docs/superpowers/logs/rc-refgs-fd-p2-lite-complete-metrics-ablation-table-2026-05-29.csv,True,absolute per-scene metric from complete ablation table
shiny_blender_synthetic,train,coffee,wo_ref,full_psnr,38.89383190155029,higher,docs/superpowers/logs/rc-refgs-fd-p2-lite-complete-metrics-ablation-table-2026-05-29.csv,True,absolute per-scene metric from complete ablation table
shiny_blender_synthetic,train,coffee,wo_ref,full_ssim,0.9832212567329408,higher,docs/superpowers/logs/rc-refgs-fd-p2-lite-complete-metrics-ablation-table-2026-05-29.csv,True,absolute per-scene metric from complete ablation table
shiny_blender_synthetic,train,coffee,wo_ref,full_lpips,0.0347800683043897,lower,docs/superpowers/logs/rc-refgs-fd-p2-lite-complete-metrics-ablation-table-2026-05-29.csv,True,absolute per-scene metric from complete ablation table
shiny_blender_synthetic,train,coffee,wo_ref,reflective_psnr,42.65813148498536,higher,docs/superpowers/logs/rc-refgs-fd-p2-lite-complete-metrics-ablation-table-2026-05-29.csv,True,absolute per-scene metric from complete ablation table
shiny_blender_synthetic,train,coffee,wo_ref,reflective_ssim,0.9913387393951416,higher,docs/superpowers/logs/rc-refgs-fd-p2-lite-complete-metrics-ablation-table-2026-05-29.csv,True,absolute per-scene metric from complete ablation table
shiny_blender_synthetic,train,coffee,wo_ref,reflective_lpips,0.0100726486323401,lower,docs/superpowers/logs/rc-refgs-fd-p2-lite-complete-metrics-ablation-table-2026-05-29.csv,True,absolute per-scene metric from complete ablation table
shiny_blender_synthetic,train,coffee,wo_ref,valid_pair_count,10.0,count,docs/superpowers/logs/rc-refgs-fd-p2-lite-complete-metrics-ablation-table-2026-05-29.csv,True,absolute per-scene metric from complete ablation table
shiny_blender_synthetic,train,coffee,wo_ref,num_pairs,10.0,count,docs/superpowers/logs/rc-refgs-fd-p2-lite-complete-metrics-ablation-table-2026-05-29.csv,True,absolute per-scene metric from complete ablation table
shiny_blender_synthetic,train,coffee,wo_ref,num_images,100.0,count,docs/superpowers/logs/rc-refgs-fd-p2-lite-complete-metrics-ablation-table-2026-05-29.csv,True,absolute per-scene metric from complete ablation table
shiny_blender_synthetic,train,coffee,wo_conf,mean_reflection_consistency,0.0284632290247827,lower,docs/superpowers/logs/rc-refgs-fd-p2-lite-complete-metrics-ablation-table-2026-05-29.csv,True,absolute per-scene metric from complete ablation table
shiny_blender_synthetic,train,coffee,wo_conf,reflective_region_psnr,36.55188903808594,higher,docs/superpowers/logs/rc-refgs-fd-p2-lite-complete-metrics-ablation-table-2026-05-29.csv,True,absolute per-scene metric from complete ablation table
shiny_blender_synthetic,train,coffee,wo_conf,full_psnr,39.01072010040284,higher,docs/superpowers/logs/rc-refgs-fd-p2-lite-complete-metrics-ablation-table-2026-05-29.csv,True,absolute per-scene metric from complete ablation table
shiny_blender_synthetic,train,coffee,wo_conf,full_ssim,0.9833093690872192,higher,docs/superpowers/logs/rc-refgs-fd-p2-lite-complete-metrics-ablation-table-2026-05-29.csv,True,absolute per-scene metric from complete ablation table
shiny_blender_synthetic,train,coffee,wo_conf,full_lpips,0.0345479083806276,lower,docs/superpowers/logs/rc-refgs-fd-p2-lite-complete-metrics-ablation-table-2026-05-29.csv,True,absolute per-scene metric from complete ablation table
shiny_blender_synthetic,train,coffee,wo_conf,reflective_psnr,42.57434902191162,higher,docs/superpowers/logs/rc-refgs-fd-p2-lite-complete-metrics-ablation-table-2026-05-29.csv,True,absolute per-scene metric from complete ablation table
shiny_blender_synthetic,train,coffee,wo_conf,reflective_ssim,0.9913648015260696,higher,docs/superpowers/logs/rc-refgs-fd-p2-lite-complete-metrics-ablation-table-2026-05-29.csv,True,absolute per-scene metric from complete ablation table
shiny_blender_synthetic,train,coffee,wo_conf,reflective_lpips,0.0100301041221246,lower,docs/superpowers/logs/rc-refgs-fd-p2-lite-complete-metrics-ablation-table-2026-05-29.csv,True,absolute per-scene metric from complete ablation table
shiny_blender_synthetic,train,coffee,wo_conf,valid_pair_count,10.0,count,docs/superpowers/logs/rc-refgs-fd-p2-lite-complete-metrics-ablation-table-2026-05-29.csv,True,absolute per-scene metric from complete ablation table
shiny_blender_synthetic,train,coffee,wo_conf,num_pairs,10.0,count,docs/superpowers/logs/rc-refgs-fd-p2-lite-complete-metrics-ablation-table-2026-05-29.csv,True,absolute per-scene metric from complete ablation table
shiny_blender_synthetic,train,coffee,wo_conf,num_images,100.0,count,docs/superpowers/logs/rc-refgs-fd-p2-lite-complete-metrics-ablation-table-2026-05-29.csv,True,absolute per-scene metric from complete ablation table
shiny_blender_synthetic,train,coffee,rough_only,mean_reflection_consistency,0.0530368885025382,lower,docs/superpowers/logs/rc-refgs-fd-p2-lite-complete-metrics-ablation-table-2026-05-29.csv,True,absolute per-scene metric from complete ablation table
shiny_blender_synthetic,train,coffee,rough_only,reflective_region_psnr,35.97505683898926,higher,docs/superpowers/logs/rc-refgs-fd-p2-lite-complete-metrics-ablation-table-2026-05-29.csv,True,absolute per-scene metric from complete ablation table
shiny_blender_synthetic,train,coffee,rough_only,full_psnr,39.12667953491211,higher,docs/superpowers/logs/rc-refgs-fd-p2-lite-complete-metrics-ablation-table-2026-05-29.csv,True,absolute per-scene metric from complete ablation table
shiny_blender_synthetic,train,coffee,rough_only,full_ssim,0.9836577814817428,higher,docs/superpowers/logs/rc-refgs-fd-p2-lite-complete-metrics-ablation-table-2026-05-29.csv,True,absolute per-scene metric from complete ablation table
shiny_blender_synthetic,train,coffee,rough_only,full_lpips,0.0340741444937884,lower,docs/superpowers/logs/rc-refgs-fd-p2-lite-complete-metrics-ablation-table-2026-05-29.csv,True,absolute per-scene metric from complete ablation table
shiny_blender_synthetic,train,coffee,rough_only,reflective_psnr,42.25932460784912,higher,docs/superpowers/logs/rc-refgs-fd-p2-lite-complete-metrics-ablation-table-2026-05-29.csv,True,absolute per-scene metric from complete ablation table
shiny_blender_synthetic,train,coffee,rough_only,reflective_ssim,0.991818020939827,higher,docs/superpowers/logs/rc-refgs-fd-p2-lite-complete-metrics-ablation-table-2026-05-29.csv,True,absolute per-scene metric from complete ablation table
shiny_blender_synthetic,train,coffee,rough_only,reflective_lpips,0.0093772396724671,lower,docs/superpowers/logs/rc-refgs-fd-p2-lite-complete-metrics-ablation-table-2026-05-29.csv,True,absolute per-scene metric from complete ablation table
shiny_blender_synthetic,train,coffee,rough_only,valid_pair_count,10.0,count,docs/superpowers/logs/rc-refgs-fd-p2-lite-complete-metrics-ablation-table-2026-05-29.csv,True,absolute per-scene metric from complete ablation table
shiny_blender_synthetic,train,coffee,rough_only,num_pairs,10.0,count,docs/superpowers/logs/rc-refgs-fd-p2-lite-complete-metrics-ablation-table-2026-05-29.csv,True,absolute per-scene metric from complete ablation table
shiny_blender_synthetic,train,coffee,rough_only,num_images,100.0,count,docs/superpowers/logs/rc-refgs-fd-p2-lite-complete-metrics-ablation-table-2026-05-29.csv,True,absolute per-scene metric from complete ablation table
shiny_blender_synthetic,train,helmet,base,mean_reflection_consistency,0.6405774474143981,lower,docs/superpowers/logs/rc-refgs-fd-p2-lite-final-main-summary-2026-06-01.csv,True,absolute per-scene metric from final main summary; included as base/rc variants for ablation comparison
shiny_blender_synthetic,train,helmet,base,reflective_region_psnr,36.69405632019043,higher,docs/superpowers/logs/rc-refgs-fd-p2-lite-final-main-summary-2026-06-01.csv,True,absolute per-scene metric from final main summary; included as base/rc variants for ablation comparison
shiny_blender_synthetic,train,helmet,base,full_psnr,40.14170768737793,higher,docs/superpowers/logs/rc-refgs-fd-p2-lite-final-main-summary-2026-06-01.csv,True,absolute per-scene metric from final main summary; included as base/rc variants for ablation comparison
shiny_blender_synthetic,train,helmet,base,full_ssim,0.9934892982244492,higher,docs/superpowers/logs/rc-refgs-fd-p2-lite-final-main-summary-2026-06-01.csv,True,absolute per-scene metric from final main summary; included as base/rc variants for ablation comparison
shiny_blender_synthetic,train,helmet,base,full_lpips,0.0063313777325674,lower,docs/superpowers/logs/rc-refgs-fd-p2-lite-final-main-summary-2026-06-01.csv,True,absolute per-scene metric from final main summary; included as base/rc variants for ablation comparison
shiny_blender_synthetic,train,helmet,base,reflective_psnr,40.846081199646,higher,docs/superpowers/logs/rc-refgs-fd-p2-lite-final-main-summary-2026-06-01.csv,True,absolute per-scene metric from final main summary; included as base/rc variants for ablation comparison
shiny_blender_synthetic,train,helmet,base,reflective_ssim,0.9941075021028518,higher,docs/superpowers/logs/rc-refgs-fd-p2-lite-final-main-summary-2026-06-01.csv,True,absolute per-scene metric from final main summary; included as base/rc variants for ablation comparison
shiny_blender_synthetic,train,helmet,base,reflective_lpips,0.0049971154029481,lower,docs/superpowers/logs/rc-refgs-fd-p2-lite-final-main-summary-2026-06-01.csv,True,absolute per-scene metric from final main summary; included as base/rc variants for ablation comparison
shiny_blender_synthetic,train,helmet,base,valid_pair_count,10.0,count,docs/superpowers/logs/rc-refgs-fd-p2-lite-main-table-2026-05-29.csv,True,pair-count metric from earlier main consistency table; included as base/rc variants for ablation comparison
shiny_blender_synthetic,train,helmet,rc,mean_reflection_consistency,0.0895418930798769,lower,docs/superpowers/logs/rc-refgs-fd-p2-lite-final-main-summary-2026-06-01.csv,True,absolute per-scene metric from final main summary; included as base/rc variants for ablation comparison
shiny_blender_synthetic,train,helmet,rc,reflective_region_psnr,36.785546112060544,higher,docs/superpowers/logs/rc-refgs-fd-p2-lite-final-main-summary-2026-06-01.csv,True,absolute per-scene metric from final main summary; included as base/rc variants for ablation comparison
shiny_blender_synthetic,train,helmet,rc,full_psnr,40.051305541992186,higher,docs/superpowers/logs/rc-refgs-fd-p2-lite-final-main-summary-2026-06-01.csv,True,absolute per-scene metric from final main summary; included as base/rc variants for ablation comparison
shiny_blender_synthetic,train,helmet,rc,full_ssim,0.9932921969890596,higher,docs/superpowers/logs/rc-refgs-fd-p2-lite-final-main-summary-2026-06-01.csv,True,absolute per-scene metric from final main summary; included as base/rc variants for ablation comparison
shiny_blender_synthetic,train,helmet,rc,full_lpips,0.0064590676967054,lower,docs/superpowers/logs/rc-refgs-fd-p2-lite-final-main-summary-2026-06-01.csv,True,absolute per-scene metric from final main summary; included as base/rc variants for ablation comparison
shiny_blender_synthetic,train,helmet,rc,reflective_psnr,40.7701453781128,higher,docs/superpowers/logs/rc-refgs-fd-p2-lite-final-main-summary-2026-06-01.csv,True,absolute per-scene metric from final main summary; included as base/rc variants for ablation comparison
shiny_blender_synthetic,train,helmet,rc,reflective_ssim,0.993927591443062,higher,docs/superpowers/logs/rc-refgs-fd-p2-lite-final-main-summary-2026-06-01.csv,True,absolute per-scene metric from final main summary; included as base/rc variants for ablation comparison
shiny_blender_synthetic,train,helmet,rc,reflective_lpips,0.0051138574187643,lower,docs/superpowers/logs/rc-refgs-fd-p2-lite-final-main-summary-2026-06-01.csv,True,absolute per-scene metric from final main summary; included as base/rc variants for ablation comparison
shiny_blender_synthetic,train,helmet,rc,valid_pair_count,10.0,count,docs/superpowers/logs/rc-refgs-fd-p2-lite-main-table-2026-05-29.csv,True,pair-count metric from earlier main consistency table; included as base/rc variants for ablation comparison
shiny_blender_synthetic,train,helmet,wo_ref,mean_reflection_consistency,0.3578144133090973,lower,docs/superpowers/logs/rc-refgs-fd-p2-lite-complete-metrics-ablation-table-2026-05-29.csv,True,absolute per-scene metric from complete ablation table
shiny_blender_synthetic,train,helmet,wo_ref,reflective_region_psnr,37.10995674133301,higher,docs/superpowers/logs/rc-refgs-fd-p2-lite-complete-metrics-ablation-table-2026-05-29.csv,True,absolute per-scene metric from complete ablation table
shiny_blender_synthetic,train,helmet,wo_ref,full_psnr,40.08034572601319,higher,docs/superpowers/logs/rc-refgs-fd-p2-lite-complete-metrics-ablation-table-2026-05-29.csv,True,absolute per-scene metric from complete ablation table
shiny_blender_synthetic,train,helmet,wo_ref,full_ssim,0.99345099568367,higher,docs/superpowers/logs/rc-refgs-fd-p2-lite-complete-metrics-ablation-table-2026-05-29.csv,True,absolute per-scene metric from complete ablation table
shiny_blender_synthetic,train,helmet,wo_ref,full_lpips,0.0064006493985652,lower,docs/superpowers/logs/rc-refgs-fd-p2-lite-complete-metrics-ablation-table-2026-05-29.csv,True,absolute per-scene metric from complete ablation table
shiny_blender_synthetic,train,helmet,wo_ref,reflective_psnr,40.83029758453369,higher,docs/superpowers/logs/rc-refgs-fd-p2-lite-complete-metrics-ablation-table-2026-05-29.csv,True,absolute per-scene metric from complete ablation table
shiny_blender_synthetic,train,helmet,wo_ref,reflective_ssim,0.994104980826378,higher,docs/superpowers/logs/rc-refgs-fd-p2-lite-complete-metrics-ablation-table-2026-05-29.csv,True,absolute per-scene metric from complete ablation table
shiny_blender_synthetic,train,helmet,wo_ref,reflective_lpips,0.0050172709720209,lower,docs/superpowers/logs/rc-refgs-fd-p2-lite-complete-metrics-ablation-table-2026-05-29.csv,True,absolute per-scene metric from complete ablation table
shiny_blender_synthetic,train,helmet,wo_ref,valid_pair_count,10.0,count,docs/superpowers/logs/rc-refgs-fd-p2-lite-complete-metrics-ablation-table-2026-05-29.csv,True,absolute per-scene metric from complete ablation table
shiny_blender_synthetic,train,helmet,wo_ref,num_pairs,10.0,count,docs/superpowers/logs/rc-refgs-fd-p2-lite-complete-metrics-ablation-table-2026-05-29.csv,True,absolute per-scene metric from complete ablation table
shiny_blender_synthetic,train,helmet,wo_ref,num_images,100.0,count,docs/superpowers/logs/rc-refgs-fd-p2-lite-complete-metrics-ablation-table-2026-05-29.csv,True,absolute per-scene metric from complete ablation table
shiny_blender_synthetic,train,helmet,wo_conf,mean_reflection_consistency,0.0956112124025821,lower,docs/superpowers/logs/rc-refgs-fd-p2-lite-complete-metrics-ablation-table-2026-05-29.csv,True,absolute per-scene metric from complete ablation table
shiny_blender_synthetic,train,helmet,wo_conf,reflective_region_psnr,37.15206108093262,higher,docs/superpowers/logs/rc-refgs-fd-p2-lite-complete-metrics-ablation-table-2026-05-29.csv,True,absolute per-scene metric from complete ablation table
shiny_blender_synthetic,train,helmet,wo_conf,full_psnr,40.16455848693848,higher,docs/superpowers/logs/rc-refgs-fd-p2-lite-complete-metrics-ablation-table-2026-05-29.csv,True,absolute per-scene metric from complete ablation table
shiny_blender_synthetic,train,helmet,wo_conf,full_ssim,0.9934597831964492,higher,docs/superpowers/logs/rc-refgs-fd-p2-lite-complete-metrics-ablation-table-2026-05-29.csv,True,absolute per-scene metric from complete ablation table
shiny_blender_synthetic,train,helmet,wo_conf,full_lpips,0.0064877544273622,lower,docs/superpowers/logs/rc-refgs-fd-p2-lite-complete-metrics-ablation-table-2026-05-29.csv,True,absolute per-scene metric from complete ablation table
shiny_blender_synthetic,train,helmet,wo_conf,reflective_psnr,40.93510696411133,higher,docs/superpowers/logs/rc-refgs-fd-p2-lite-complete-metrics-ablation-table-2026-05-29.csv,True,absolute per-scene metric from complete ablation table
shiny_blender_synthetic,train,helmet,wo_conf,reflective_ssim,0.9941192424297332,higher,docs/superpowers/logs/rc-refgs-fd-p2-lite-complete-metrics-ablation-table-2026-05-29.csv,True,absolute per-scene metric from complete ablation table
shiny_blender_synthetic,train,helmet,wo_conf,reflective_lpips,0.0050817839382216,lower,docs/superpowers/logs/rc-refgs-fd-p2-lite-complete-metrics-ablation-table-2026-05-29.csv,True,absolute per-scene metric from complete ablation table
shiny_blender_synthetic,train,helmet,wo_conf,valid_pair_count,10.0,count,docs/superpowers/logs/rc-refgs-fd-p2-lite-complete-metrics-ablation-table-2026-05-29.csv,True,absolute per-scene metric from complete ablation table
shiny_blender_synthetic,train,helmet,wo_conf,num_pairs,10.0,count,docs/superpowers/logs/rc-refgs-fd-p2-lite-complete-metrics-ablation-table-2026-05-29.csv,True,absolute per-scene metric from complete ablation table
shiny_blender_synthetic,train,helmet,wo_conf,num_images,100.0,count,docs/superpowers/logs/rc-refgs-fd-p2-lite-complete-metrics-ablation-table-2026-05-29.csv,True,absolute per-scene metric from complete ablation table
shiny_blender_synthetic,train,helmet,rough_only,mean_reflection_consistency,0.3079697206616402,lower,docs/superpowers/logs/rc-refgs-fd-p2-lite-complete-metrics-ablation-table-2026-05-29.csv,True,absolute per-scene metric from complete ablation table
shiny_blender_synthetic,train,helmet,rough_only,reflective_region_psnr,36.85917778015137,higher,docs/superpowers/logs/rc-refgs-fd-p2-lite-complete-metrics-ablation-table-2026-05-29.csv,True,absolute per-scene metric from complete ablation table
shiny_blender_synthetic,train,helmet,rough_only,full_psnr,40.15184597015381,higher,docs/superpowers/logs/rc-refgs-fd-p2-lite-complete-metrics-ablation-table-2026-05-29.csv,True,absolute per-scene metric from complete ablation table
shiny_blender_synthetic,train,helmet,rough_only,full_ssim,0.9934530931711196,higher,docs/superpowers/logs/rc-refgs-fd-p2-lite-complete-metrics-ablation-table-2026-05-29.csv,True,absolute per-scene metric from complete ablation table
shiny_blender_synthetic,train,helmet,rough_only,full_lpips,0.0065242734644562,lower,docs/superpowers/logs/rc-refgs-fd-p2-lite-complete-metrics-ablation-table-2026-05-29.csv,True,absolute per-scene metric from complete ablation table
shiny_blender_synthetic,train,helmet,rough_only,reflective_psnr,40.91071655273438,higher,docs/superpowers/logs/rc-refgs-fd-p2-lite-complete-metrics-ablation-table-2026-05-29.csv,True,absolute per-scene metric from complete ablation table
shiny_blender_synthetic,train,helmet,rough_only,reflective_ssim,0.994114094376564,higher,docs/superpowers/logs/rc-refgs-fd-p2-lite-complete-metrics-ablation-table-2026-05-29.csv,True,absolute per-scene metric from complete ablation table
shiny_blender_synthetic,train,helmet,rough_only,reflective_lpips,0.0051385109871625,lower,docs/superpowers/logs/rc-refgs-fd-p2-lite-complete-metrics-ablation-table-2026-05-29.csv,True,absolute per-scene metric from complete ablation table
shiny_blender_synthetic,train,helmet,rough_only,valid_pair_count,10.0,count,docs/superpowers/logs/rc-refgs-fd-p2-lite-complete-metrics-ablation-table-2026-05-29.csv,True,absolute per-scene metric from complete ablation table
shiny_blender_synthetic,train,helmet,rough_only,num_pairs,10.0,count,docs/superpowers/logs/rc-refgs-fd-p2-lite-complete-metrics-ablation-table-2026-05-29.csv,True,absolute per-scene metric from complete ablation table
shiny_blender_synthetic,train,helmet,rough_only,num_images,100.0,count,docs/superpowers/logs/rc-refgs-fd-p2-lite-complete-metrics-ablation-table-2026-05-29.csv,True,absolute per-scene metric from complete ablation table
shiny_blender_synthetic,train,teapot,base,mean_reflection_consistency,0.0217622350435704,lower,docs/superpowers/logs/rc-refgs-fd-p2-lite-final-main-summary-2026-06-01.csv,True,absolute per-scene metric from final main summary; included as base/rc variants for ablation comparison
shiny_blender_synthetic,train,teapot,base,reflective_region_psnr,39.03930854797363,higher,docs/superpowers/logs/rc-refgs-fd-p2-lite-final-main-summary-2026-06-01.csv,True,absolute per-scene metric from final main summary; included as base/rc variants for ablation comparison
shiny_blender_synthetic,train,teapot,base,full_psnr,49.087399368286135,higher,docs/superpowers/logs/rc-refgs-fd-p2-lite-final-main-summary-2026-06-01.csv,True,absolute per-scene metric from final main summary; included as base/rc variants for ablation comparison
shiny_blender_synthetic,train,teapot,base,full_ssim,0.998963303565979,higher,docs/superpowers/logs/rc-refgs-fd-p2-lite-final-main-summary-2026-06-01.csv,True,absolute per-scene metric from final main summary; included as base/rc variants for ablation comparison
shiny_blender_synthetic,train,teapot,base,full_lpips,0.0016857076023006,lower,docs/superpowers/logs/rc-refgs-fd-p2-lite-final-main-summary-2026-06-01.csv,True,absolute per-scene metric from final main summary; included as base/rc variants for ablation comparison
shiny_blender_synthetic,train,teapot,base,reflective_psnr,50.34840847015381,higher,docs/superpowers/logs/rc-refgs-fd-p2-lite-final-main-summary-2026-06-01.csv,True,absolute per-scene metric from final main summary; included as base/rc variants for ablation comparison
shiny_blender_synthetic,train,teapot,base,reflective_ssim,0.9993279641866684,higher,docs/superpowers/logs/rc-refgs-fd-p2-lite-final-main-summary-2026-06-01.csv,True,absolute per-scene metric from final main summary; included as base/rc variants for ablation comparison
shiny_blender_synthetic,train,teapot,base,reflective_lpips,0.0007178935914998,lower,docs/superpowers/logs/rc-refgs-fd-p2-lite-final-main-summary-2026-06-01.csv,True,absolute per-scene metric from final main summary; included as base/rc variants for ablation comparison
shiny_blender_synthetic,train,teapot,base,valid_pair_count,10.0,count,docs/superpowers/logs/rc-refgs-fd-p2-lite-main-table-2026-05-29.csv,True,pair-count metric from earlier main consistency table; included as base/rc variants for ablation comparison
shiny_blender_synthetic,train,teapot,rc,mean_reflection_consistency,0.0124828554224222,lower,docs/superpowers/logs/rc-refgs-fd-p2-lite-final-main-summary-2026-06-01.csv,True,absolute per-scene metric from final main summary; included as base/rc variants for ablation comparison
shiny_blender_synthetic,train,teapot,rc,reflective_region_psnr,39.777783966064455,higher,docs/superpowers/logs/rc-refgs-fd-p2-lite-final-main-summary-2026-06-01.csv,True,absolute per-scene metric from final main summary; included as base/rc variants for ablation comparison
shiny_blender_synthetic,train,teapot,rc,full_psnr,49.77710113525391,higher,docs/superpowers/logs/rc-refgs-fd-p2-lite-final-main-summary-2026-06-01.csv,True,absolute per-scene metric from final main summary; included as base/rc variants for ablation comparison
shiny_blender_synthetic,train,teapot,rc,full_ssim,0.999070611000061,higher,docs/superpowers/logs/rc-refgs-fd-p2-lite-final-main-summary-2026-06-01.csv,True,absolute per-scene metric from final main summary; included as base/rc variants for ablation comparison
shiny_blender_synthetic,train,teapot,rc,full_lpips,0.0014377997926203,lower,docs/superpowers/logs/rc-refgs-fd-p2-lite-final-main-summary-2026-06-01.csv,True,absolute per-scene metric from final main summary; included as base/rc variants for ablation comparison
shiny_blender_synthetic,train,teapot,rc,reflective_psnr,51.13564716339111,higher,docs/superpowers/logs/rc-refgs-fd-p2-lite-final-main-summary-2026-06-01.csv,True,absolute per-scene metric from final main summary; included as base/rc variants for ablation comparison
shiny_blender_synthetic,train,teapot,rc,reflective_ssim,0.9994064688682556,higher,docs/superpowers/logs/rc-refgs-fd-p2-lite-final-main-summary-2026-06-01.csv,True,absolute per-scene metric from final main summary; included as base/rc variants for ablation comparison
shiny_blender_synthetic,train,teapot,rc,reflective_lpips,0.0006102736102184,lower,docs/superpowers/logs/rc-refgs-fd-p2-lite-final-main-summary-2026-06-01.csv,True,absolute per-scene metric from final main summary; included as base/rc variants for ablation comparison
shiny_blender_synthetic,train,teapot,rc,valid_pair_count,10.0,count,docs/superpowers/logs/rc-refgs-fd-p2-lite-main-table-2026-05-29.csv,True,pair-count metric from earlier main consistency table; included as base/rc variants for ablation comparison
shiny_blender_synthetic,train,teapot,wo_ref,mean_reflection_consistency,0.0219285699538886,lower,docs/superpowers/logs/rc-refgs-fd-p2-lite-complete-metrics-ablation-table-2026-05-29.csv,True,absolute per-scene metric from complete ablation table
shiny_blender_synthetic,train,teapot,wo_ref,reflective_region_psnr,39.366471481323245,higher,docs/superpowers/logs/rc-refgs-fd-p2-lite-complete-metrics-ablation-table-2026-05-29.csv,True,absolute per-scene metric from complete ablation table
shiny_blender_synthetic,train,teapot,wo_ref,full_psnr,49.5283540725708,higher,docs/superpowers/logs/rc-refgs-fd-p2-lite-complete-metrics-ablation-table-2026-05-29.csv,True,absolute per-scene metric from complete ablation table
shiny_blender_synthetic,train,teapot,wo_ref,full_ssim,0.9990234237909316,higher,docs/superpowers/logs/rc-refgs-fd-p2-lite-complete-metrics-ablation-table-2026-05-29.csv,True,absolute per-scene metric from complete ablation table
shiny_blender_synthetic,train,teapot,wo_ref,full_lpips,0.0015530376712558,lower,docs/superpowers/logs/rc-refgs-fd-p2-lite-complete-metrics-ablation-table-2026-05-29.csv,True,absolute per-scene metric from complete ablation table
shiny_blender_synthetic,train,teapot,wo_ref,reflective_psnr,50.78903415679932,higher,docs/superpowers/logs/rc-refgs-fd-p2-lite-complete-metrics-ablation-table-2026-05-29.csv,True,absolute per-scene metric from complete ablation table
shiny_blender_synthetic,train,teapot,wo_ref,reflective_ssim,0.999377063512802,higher,docs/superpowers/logs/rc-refgs-fd-p2-lite-complete-metrics-ablation-table-2026-05-29.csv,True,absolute per-scene metric from complete ablation table
shiny_blender_synthetic,train,teapot,wo_ref,reflective_lpips,0.0006547610781854,lower,docs/superpowers/logs/rc-refgs-fd-p2-lite-complete-metrics-ablation-table-2026-05-29.csv,True,absolute per-scene metric from complete ablation table
shiny_blender_synthetic,train,teapot,wo_ref,valid_pair_count,10.0,count,docs/superpowers/logs/rc-refgs-fd-p2-lite-complete-metrics-ablation-table-2026-05-29.csv,True,absolute per-scene metric from complete ablation table
shiny_blender_synthetic,train,teapot,wo_ref,num_pairs,10.0,count,docs/superpowers/logs/rc-refgs-fd-p2-lite-complete-metrics-ablation-table-2026-05-29.csv,True,absolute per-scene metric from complete ablation table
shiny_blender_synthetic,train,teapot,wo_ref,num_images,100.0,count,docs/superpowers/logs/rc-refgs-fd-p2-lite-complete-metrics-ablation-table-2026-05-29.csv,True,absolute per-scene metric from complete ablation table
shiny_blender_synthetic,train,teapot,wo_conf,mean_reflection_consistency,0.0160822139121592,lower,docs/superpowers/logs/rc-refgs-fd-p2-lite-complete-metrics-ablation-table-2026-05-29.csv,True,absolute per-scene metric from complete ablation table
shiny_blender_synthetic,train,teapot,wo_conf,reflective_region_psnr,38.9260555267334,higher,docs/superpowers/logs/rc-refgs-fd-p2-lite-complete-metrics-ablation-table-2026-05-29.csv,True,absolute per-scene metric from complete ablation table
shiny_blender_synthetic,train,teapot,wo_conf,full_psnr,49.347146110534666,higher,docs/superpowers/logs/rc-refgs-fd-p2-lite-complete-metrics-ablation-table-2026-05-29.csv,True,absolute per-scene metric from complete ablation table
shiny_blender_synthetic,train,teapot,wo_conf,full_ssim,0.9990009480714798,higher,docs/superpowers/logs/rc-refgs-fd-p2-lite-complete-metrics-ablation-table-2026-05-29.csv,True,absolute per-scene metric from complete ablation table
shiny_blender_synthetic,train,teapot,wo_conf,full_lpips,0.001625773118576,lower,docs/superpowers/logs/rc-refgs-fd-p2-lite-complete-metrics-ablation-table-2026-05-29.csv,True,absolute per-scene metric from complete ablation table
shiny_blender_synthetic,train,teapot,wo_conf,reflective_psnr,50.628013076782224,higher,docs/superpowers/logs/rc-refgs-fd-p2-lite-complete-metrics-ablation-table-2026-05-29.csv,True,absolute per-scene metric from complete ablation table
shiny_blender_synthetic,train,teapot,wo_conf,reflective_ssim,0.999374794960022,higher,docs/superpowers/logs/rc-refgs-fd-p2-lite-complete-metrics-ablation-table-2026-05-29.csv,True,absolute per-scene metric from complete ablation table
shiny_blender_synthetic,train,teapot,wo_conf,reflective_lpips,0.0006586430838797,lower,docs/superpowers/logs/rc-refgs-fd-p2-lite-complete-metrics-ablation-table-2026-05-29.csv,True,absolute per-scene metric from complete ablation table
shiny_blender_synthetic,train,teapot,wo_conf,valid_pair_count,10.0,count,docs/superpowers/logs/rc-refgs-fd-p2-lite-complete-metrics-ablation-table-2026-05-29.csv,True,absolute per-scene metric from complete ablation table
shiny_blender_synthetic,train,teapot,wo_conf,num_pairs,10.0,count,docs/superpowers/logs/rc-refgs-fd-p2-lite-complete-metrics-ablation-table-2026-05-29.csv,True,absolute per-scene metric from complete ablation table
shiny_blender_synthetic,train,teapot,wo_conf,num_images,100.0,count,docs/superpowers/logs/rc-refgs-fd-p2-lite-complete-metrics-ablation-table-2026-05-29.csv,True,absolute per-scene metric from complete ablation table
shiny_blender_synthetic,train,teapot,rough_only,mean_reflection_consistency,0.0220735813025385,lower,docs/superpowers/logs/rc-refgs-fd-p2-lite-complete-metrics-ablation-table-2026-05-29.csv,True,absolute per-scene metric from complete ablation table
shiny_blender_synthetic,train,teapot,rough_only,reflective_region_psnr,38.82027359008789,higher,docs/superpowers/logs/rc-refgs-fd-p2-lite-complete-metrics-ablation-table-2026-05-29.csv,True,absolute per-scene metric from complete ablation table
shiny_blender_synthetic,train,teapot,rough_only,full_psnr,49.03115406036377,higher,docs/superpowers/logs/rc-refgs-fd-p2-lite-complete-metrics-ablation-table-2026-05-29.csv,True,absolute per-scene metric from complete ablation table
shiny_blender_synthetic,train,teapot,rough_only,full_ssim,0.9989748108386992,higher,docs/superpowers/logs/rc-refgs-fd-p2-lite-complete-metrics-ablation-table-2026-05-29.csv,True,absolute per-scene metric from complete ablation table
shiny_blender_synthetic,train,teapot,rough_only,full_lpips,0.0016511587979039,lower,docs/superpowers/logs/rc-refgs-fd-p2-lite-complete-metrics-ablation-table-2026-05-29.csv,True,absolute per-scene metric from complete ablation table
shiny_blender_synthetic,train,teapot,rough_only,reflective_psnr,50.06737133026123,higher,docs/superpowers/logs/rc-refgs-fd-p2-lite-complete-metrics-ablation-table-2026-05-29.csv,True,absolute per-scene metric from complete ablation table
shiny_blender_synthetic,train,teapot,rough_only,reflective_ssim,0.9993851572275162,higher,docs/superpowers/logs/rc-refgs-fd-p2-lite-complete-metrics-ablation-table-2026-05-29.csv,True,absolute per-scene metric from complete ablation table
shiny_blender_synthetic,train,teapot,rough_only,reflective_lpips,0.0005814892670605,lower,docs/superpowers/logs/rc-refgs-fd-p2-lite-complete-metrics-ablation-table-2026-05-29.csv,True,absolute per-scene metric from complete ablation table
shiny_blender_synthetic,train,teapot,rough_only,valid_pair_count,10.0,count,docs/superpowers/logs/rc-refgs-fd-p2-lite-complete-metrics-ablation-table-2026-05-29.csv,True,absolute per-scene metric from complete ablation table
shiny_blender_synthetic,train,teapot,rough_only,num_pairs,10.0,count,docs/superpowers/logs/rc-refgs-fd-p2-lite-complete-metrics-ablation-table-2026-05-29.csv,True,absolute per-scene metric from complete ablation table
shiny_blender_synthetic,train,teapot,rough_only,num_images,100.0,count,docs/superpowers/logs/rc-refgs-fd-p2-lite-complete-metrics-ablation-table-2026-05-29.csv,True,absolute per-scene metric from complete ablation table
shiny_blender_synthetic,train,toaster,base,mean_reflection_consistency,0.278150674700737,lower,docs/superpowers/logs/rc-refgs-fd-p2-lite-final-main-summary-2026-06-01.csv,True,absolute per-scene metric from final main summary; included as base/rc variants for ablation comparison
shiny_blender_synthetic,train,toaster,base,reflective_region_psnr,31.09833469390869,higher,docs/superpowers/logs/rc-refgs-fd-p2-lite-final-main-summary-2026-06-01.csv,True,absolute per-scene metric from final main summary; included as base/rc variants for ablation comparison
shiny_blender_synthetic,train,toaster,base,full_psnr,33.75893051147461,higher,docs/superpowers/logs/rc-refgs-fd-p2-lite-final-main-summary-2026-06-01.csv,True,absolute per-scene metric from final main summary; included as base/rc variants for ablation comparison
shiny_blender_synthetic,train,toaster,base,full_ssim,0.9781747549772264,higher,docs/superpowers/logs/rc-refgs-fd-p2-lite-final-main-summary-2026-06-01.csv,True,absolute per-scene metric from final main summary; included as base/rc variants for ablation comparison
shiny_blender_synthetic,train,toaster,base,full_lpips,0.0240752092283219,lower,docs/superpowers/logs/rc-refgs-fd-p2-lite-final-main-summary-2026-06-01.csv,True,absolute per-scene metric from final main summary; included as base/rc variants for ablation comparison
shiny_blender_synthetic,train,toaster,base,reflective_psnr,35.976572589874266,higher,docs/superpowers/logs/rc-refgs-fd-p2-lite-final-main-summary-2026-06-01.csv,True,absolute per-scene metric from final main summary; included as base/rc variants for ablation comparison
shiny_blender_synthetic,train,toaster,base,reflective_ssim,0.9911238890886308,higher,docs/superpowers/logs/rc-refgs-fd-p2-lite-final-main-summary-2026-06-01.csv,True,absolute per-scene metric from final main summary; included as base/rc variants for ablation comparison
shiny_blender_synthetic,train,toaster,base,reflective_lpips,0.0120208596438169,lower,docs/superpowers/logs/rc-refgs-fd-p2-lite-final-main-summary-2026-06-01.csv,True,absolute per-scene metric from final main summary; included as base/rc variants for ablation comparison
shiny_blender_synthetic,train,toaster,base,valid_pair_count,10.0,count,docs/superpowers/logs/rc-refgs-fd-p2-lite-main-table-2026-05-29.csv,True,pair-count metric from earlier main consistency table; included as base/rc variants for ablation comparison
shiny_blender_synthetic,train,toaster,rc,mean_reflection_consistency,0.162093286216259,lower,docs/superpowers/logs/rc-refgs-fd-p2-lite-final-main-summary-2026-06-01.csv,True,absolute per-scene metric from final main summary; included as base/rc variants for ablation comparison
shiny_blender_synthetic,train,toaster,rc,reflective_region_psnr,31.214613723754884,higher,docs/superpowers/logs/rc-refgs-fd-p2-lite-final-main-summary-2026-06-01.csv,True,absolute per-scene metric from final main summary; included as base/rc variants for ablation comparison
shiny_blender_synthetic,train,toaster,rc,full_psnr,33.81546375274658,higher,docs/superpowers/logs/rc-refgs-fd-p2-lite-final-main-summary-2026-06-01.csv,True,absolute per-scene metric from final main summary; included as base/rc variants for ablation comparison
shiny_blender_synthetic,train,toaster,rc,full_ssim,0.9781374567747116,higher,docs/superpowers/logs/rc-refgs-fd-p2-lite-final-main-summary-2026-06-01.csv,True,absolute per-scene metric from final main summary; included as base/rc variants for ablation comparison
shiny_blender_synthetic,train,toaster,rc,full_lpips,0.0245723131392151,lower,docs/superpowers/logs/rc-refgs-fd-p2-lite-final-main-summary-2026-06-01.csv,True,absolute per-scene metric from final main summary; included as base/rc variants for ablation comparison
shiny_blender_synthetic,train,toaster,rc,reflective_psnr,36.20748571395874,higher,docs/superpowers/logs/rc-refgs-fd-p2-lite-final-main-summary-2026-06-01.csv,True,absolute per-scene metric from final main summary; included as base/rc variants for ablation comparison
shiny_blender_synthetic,train,toaster,rc,reflective_ssim,0.9914644241333008,higher,docs/superpowers/logs/rc-refgs-fd-p2-lite-final-main-summary-2026-06-01.csv,True,absolute per-scene metric from final main summary; included as base/rc variants for ablation comparison
shiny_blender_synthetic,train,toaster,rc,reflective_lpips,0.0117870551627129,lower,docs/superpowers/logs/rc-refgs-fd-p2-lite-final-main-summary-2026-06-01.csv,True,absolute per-scene metric from final main summary; included as base/rc variants for ablation comparison
shiny_blender_synthetic,train,toaster,rc,valid_pair_count,10.0,count,docs/superpowers/logs/rc-refgs-fd-p2-lite-main-table-2026-05-29.csv,True,pair-count metric from earlier main consistency table; included as base/rc variants for ablation comparison
shiny_blender_synthetic,train,toaster,wo_ref,mean_reflection_consistency,0.3204560697078705,lower,docs/superpowers/logs/rc-refgs-fd-p2-lite-complete-metrics-ablation-table-2026-05-29.csv,True,absolute per-scene metric from complete ablation table
shiny_blender_synthetic,train,toaster,wo_ref,reflective_region_psnr,31.24959201812744,higher,docs/superpowers/logs/rc-refgs-fd-p2-lite-complete-metrics-ablation-table-2026-05-29.csv,True,absolute per-scene metric from complete ablation table
shiny_blender_synthetic,train,toaster,wo_ref,full_psnr,33.84375856399536,higher,docs/superpowers/logs/rc-refgs-fd-p2-lite-complete-metrics-ablation-table-2026-05-29.csv,True,absolute per-scene metric from complete ablation table
shiny_blender_synthetic,train,toaster,wo_ref,full_ssim,0.9780819725990296,higher,docs/superpowers/logs/rc-refgs-fd-p2-lite-complete-metrics-ablation-table-2026-05-29.csv,True,absolute per-scene metric from complete ablation table
shiny_blender_synthetic,train,toaster,wo_ref,full_lpips,0.0244769062846899,lower,docs/superpowers/logs/rc-refgs-fd-p2-lite-complete-metrics-ablation-table-2026-05-29.csv,True,absolute per-scene metric from complete ablation table
shiny_blender_synthetic,train,toaster,wo_ref,reflective_psnr,36.12780712127685,higher,docs/superpowers/logs/rc-refgs-fd-p2-lite-complete-metrics-ablation-table-2026-05-29.csv,True,absolute per-scene metric from complete ablation table
shiny_blender_synthetic,train,toaster,wo_ref,reflective_ssim,0.9911269927024842,higher,docs/superpowers/logs/rc-refgs-fd-p2-lite-complete-metrics-ablation-table-2026-05-29.csv,True,absolute per-scene metric from complete ablation table
shiny_blender_synthetic,train,toaster,wo_ref,reflective_lpips,0.0122704723943024,lower,docs/superpowers/logs/rc-refgs-fd-p2-lite-complete-metrics-ablation-table-2026-05-29.csv,True,absolute per-scene metric from complete ablation table
shiny_blender_synthetic,train,toaster,wo_ref,valid_pair_count,10.0,count,docs/superpowers/logs/rc-refgs-fd-p2-lite-complete-metrics-ablation-table-2026-05-29.csv,True,absolute per-scene metric from complete ablation table
shiny_blender_synthetic,train,toaster,wo_ref,num_pairs,10.0,count,docs/superpowers/logs/rc-refgs-fd-p2-lite-complete-metrics-ablation-table-2026-05-29.csv,True,absolute per-scene metric from complete ablation table
shiny_blender_synthetic,train,toaster,wo_ref,num_images,100.0,count,docs/superpowers/logs/rc-refgs-fd-p2-lite-complete-metrics-ablation-table-2026-05-29.csv,True,absolute per-scene metric from complete ablation table
shiny_blender_synthetic,train,toaster,wo_conf,mean_reflection_consistency,0.1619801864027977,lower,docs/superpowers/logs/rc-refgs-fd-p2-lite-complete-metrics-ablation-table-2026-05-29.csv,True,absolute per-scene metric from complete ablation table
shiny_blender_synthetic,train,toaster,wo_conf,reflective_region_psnr,30.84795398712158,higher,docs/superpowers/logs/rc-refgs-fd-p2-lite-complete-metrics-ablation-table-2026-05-29.csv,True,absolute per-scene metric from complete ablation table
shiny_blender_synthetic,train,toaster,wo_conf,full_psnr,33.765475807189944,higher,docs/superpowers/logs/rc-refgs-fd-p2-lite-complete-metrics-ablation-table-2026-05-29.csv,True,absolute per-scene metric from complete ablation table
shiny_blender_synthetic,train,toaster,wo_conf,full_ssim,0.9779509127140044,higher,docs/superpowers/logs/rc-refgs-fd-p2-lite-complete-metrics-ablation-table-2026-05-29.csv,True,absolute per-scene metric from complete ablation table
shiny_blender_synthetic,train,toaster,wo_conf,full_lpips,0.0246473284903913,lower,docs/superpowers/logs/rc-refgs-fd-p2-lite-complete-metrics-ablation-table-2026-05-29.csv,True,absolute per-scene metric from complete ablation table
shiny_blender_synthetic,train,toaster,wo_conf,reflective_psnr,35.93707513809204,higher,docs/superpowers/logs/rc-refgs-fd-p2-lite-complete-metrics-ablation-table-2026-05-29.csv,True,absolute per-scene metric from complete ablation table
shiny_blender_synthetic,train,toaster,wo_conf,reflective_ssim,0.9910556900501252,higher,docs/superpowers/logs/rc-refgs-fd-p2-lite-complete-metrics-ablation-table-2026-05-29.csv,True,absolute per-scene metric from complete ablation table
shiny_blender_synthetic,train,toaster,wo_conf,reflective_lpips,0.0122245711460709,lower,docs/superpowers/logs/rc-refgs-fd-p2-lite-complete-metrics-ablation-table-2026-05-29.csv,True,absolute per-scene metric from complete ablation table
shiny_blender_synthetic,train,toaster,wo_conf,valid_pair_count,10.0,count,docs/superpowers/logs/rc-refgs-fd-p2-lite-complete-metrics-ablation-table-2026-05-29.csv,True,absolute per-scene metric from complete ablation table
shiny_blender_synthetic,train,toaster,wo_conf,num_pairs,10.0,count,docs/superpowers/logs/rc-refgs-fd-p2-lite-complete-metrics-ablation-table-2026-05-29.csv,True,absolute per-scene metric from complete ablation table
shiny_blender_synthetic,train,toaster,wo_conf,num_images,100.0,count,docs/superpowers/logs/rc-refgs-fd-p2-lite-complete-metrics-ablation-table-2026-05-29.csv,True,absolute per-scene metric from complete ablation table
shiny_blender_synthetic,train,toaster,rough_only,mean_reflection_consistency,0.2777551025152206,lower,docs/superpowers/logs/rc-refgs-fd-p2-lite-complete-metrics-ablation-table-2026-05-29.csv,True,absolute per-scene metric from complete ablation table
shiny_blender_synthetic,train,toaster,rough_only,reflective_region_psnr,31.0521598815918,higher,docs/superpowers/logs/rc-refgs-fd-p2-lite-complete-metrics-ablation-table-2026-05-29.csv,True,absolute per-scene metric from complete ablation table
shiny_blender_synthetic,train,toaster,rough_only,full_psnr,33.7249150466919,higher,docs/superpowers/logs/rc-refgs-fd-p2-lite-complete-metrics-ablation-table-2026-05-29.csv,True,absolute per-scene metric from complete ablation table
shiny_blender_synthetic,train,toaster,rough_only,full_ssim,0.9779911643266678,higher,docs/superpowers/logs/rc-refgs-fd-p2-lite-complete-metrics-ablation-table-2026-05-29.csv,True,absolute per-scene metric from complete ablation table
shiny_blender_synthetic,train,toaster,rough_only,full_lpips,0.0246456513553857,lower,docs/superpowers/logs/rc-refgs-fd-p2-lite-complete-metrics-ablation-table-2026-05-29.csv,True,absolute per-scene metric from complete ablation table
shiny_blender_synthetic,train,toaster,rough_only,reflective_psnr,35.83319200515747,higher,docs/superpowers/logs/rc-refgs-fd-p2-lite-complete-metrics-ablation-table-2026-05-29.csv,True,absolute per-scene metric from complete ablation table
shiny_blender_synthetic,train,toaster,rough_only,reflective_ssim,0.9909725689888,higher,docs/superpowers/logs/rc-refgs-fd-p2-lite-complete-metrics-ablation-table-2026-05-29.csv,True,absolute per-scene metric from complete ablation table
shiny_blender_synthetic,train,toaster,rough_only,reflective_lpips,0.0121964410226792,lower,docs/superpowers/logs/rc-refgs-fd-p2-lite-complete-metrics-ablation-table-2026-05-29.csv,True,absolute per-scene metric from complete ablation table
shiny_blender_synthetic,train,toaster,rough_only,valid_pair_count,10.0,count,docs/superpowers/logs/rc-refgs-fd-p2-lite-complete-metrics-ablation-table-2026-05-29.csv,True,absolute per-scene metric from complete ablation table
shiny_blender_synthetic,train,toaster,rough_only,num_pairs,10.0,count,docs/superpowers/logs/rc-refgs-fd-p2-lite-complete-metrics-ablation-table-2026-05-29.csv,True,absolute per-scene metric from complete ablation table
shiny_blender_synthetic,train,toaster,rough_only,num_images,100.0,count,docs/superpowers/logs/rc-refgs-fd-p2-lite-complete-metrics-ablation-table-2026-05-29.csv,True,absolute per-scene metric from complete ablation table
shiny_blender_synthetic,test,ball,base,mean_reflection_consistency,0.0495509508997201,lower,docs/superpowers/logs/rc-refgs-fd-p2-lite-final-main-summary-2026-06-01.csv,True,absolute per-scene metric from final main summary; included as base/rc variants for ablation comparison
shiny_blender_synthetic,test,ball,base,reflective_region_psnr,32.91583442687988,higher,docs/superpowers/logs/rc-refgs-fd-p2-lite-final-main-summary-2026-06-01.csv,True,absolute per-scene metric from final main summary; included as base/rc variants for ablation comparison
shiny_blender_synthetic,test,ball,base,full_psnr,38.510990924835205,higher,docs/superpowers/logs/rc-refgs-fd-p2-lite-final-main-summary-2026-06-01.csv,True,absolute per-scene metric from final main summary; included as base/rc variants for ablation comparison
shiny_blender_synthetic,test,ball,base,full_ssim,0.987964893579483,higher,docs/superpowers/logs/rc-refgs-fd-p2-lite-final-main-summary-2026-06-01.csv,True,absolute per-scene metric from final main summary; included as base/rc variants for ablation comparison
shiny_blender_synthetic,test,ball,base,full_lpips,0.0366052108351141,lower,docs/superpowers/logs/rc-refgs-fd-p2-lite-final-main-summary-2026-06-01.csv,True,absolute per-scene metric from final main summary; included as base/rc variants for ablation comparison
shiny_blender_synthetic,test,ball,base,reflective_psnr,38.670911960601806,higher,docs/superpowers/logs/rc-refgs-fd-p2-lite-final-main-summary-2026-06-01.csv,True,absolute per-scene metric from final main summary; included as base/rc variants for ablation comparison
shiny_blender_synthetic,test,ball,base,reflective_ssim,0.9886962255835532,higher,docs/superpowers/logs/rc-refgs-fd-p2-lite-final-main-summary-2026-06-01.csv,True,absolute per-scene metric from final main summary; included as base/rc variants for ablation comparison
shiny_blender_synthetic,test,ball,base,reflective_lpips,0.0266809061681851,lower,docs/superpowers/logs/rc-refgs-fd-p2-lite-final-main-summary-2026-06-01.csv,True,absolute per-scene metric from final main summary; included as base/rc variants for ablation comparison
shiny_blender_synthetic,test,ball,base,valid_pair_count,10.0,count,docs/superpowers/logs/rc-refgs-fd-p2-lite-main-table-2026-05-29.csv,True,pair-count metric from earlier main consistency table; included as base/rc variants for ablation comparison
shiny_blender_synthetic,test,ball,rc,mean_reflection_consistency,0.0481533735990524,lower,docs/superpowers/logs/rc-refgs-fd-p2-lite-final-main-summary-2026-06-01.csv,True,absolute per-scene metric from final main summary; included as base/rc variants for ablation comparison
shiny_blender_synthetic,test,ball,rc,reflective_region_psnr,32.86421661376953,higher,docs/superpowers/logs/rc-refgs-fd-p2-lite-final-main-summary-2026-06-01.csv,True,absolute per-scene metric from final main summary; included as base/rc variants for ablation comparison
shiny_blender_synthetic,test,ball,rc,full_psnr,38.56738069534302,higher,docs/superpowers/logs/rc-refgs-fd-p2-lite-final-main-summary-2026-06-01.csv,True,absolute per-scene metric from final main summary; included as base/rc variants for ablation comparison
shiny_blender_synthetic,test,ball,rc,full_ssim,0.9880351668596268,higher,docs/superpowers/logs/rc-refgs-fd-p2-lite-final-main-summary-2026-06-01.csv,True,absolute per-scene metric from final main summary; included as base/rc variants for ablation comparison
shiny_blender_synthetic,test,ball,rc,full_lpips,0.0363157899118959,lower,docs/superpowers/logs/rc-refgs-fd-p2-lite-final-main-summary-2026-06-01.csv,True,absolute per-scene metric from final main summary; included as base/rc variants for ablation comparison
shiny_blender_synthetic,test,ball,rc,reflective_psnr,38.69281721115112,higher,docs/superpowers/logs/rc-refgs-fd-p2-lite-final-main-summary-2026-06-01.csv,True,absolute per-scene metric from final main summary; included as base/rc variants for ablation comparison
shiny_blender_synthetic,test,ball,rc,reflective_ssim,0.9884553492069243,higher,docs/superpowers/logs/rc-refgs-fd-p2-lite-final-main-summary-2026-06-01.csv,True,absolute per-scene metric from final main summary; included as base/rc variants for ablation comparison
shiny_blender_synthetic,test,ball,rc,reflective_lpips,0.0309876635763794,lower,docs/superpowers/logs/rc-refgs-fd-p2-lite-final-main-summary-2026-06-01.csv,True,absolute per-scene metric from final main summary; included as base/rc variants for ablation comparison
shiny_blender_synthetic,test,ball,rc,valid_pair_count,10.0,count,docs/superpowers/logs/rc-refgs-fd-p2-lite-main-table-2026-05-29.csv,True,pair-count metric from earlier main consistency table; included as base/rc variants for ablation comparison
shiny_blender_synthetic,test,ball,wo_ref,mean_reflection_consistency,0.0485579725354909,lower,docs/superpowers/logs/rc-refgs-fd-p2-lite-complete-metrics-ablation-table-2026-05-29.csv,True,absolute per-scene metric from complete ablation table
shiny_blender_synthetic,test,ball,wo_ref,reflective_region_psnr,32.37107181549072,higher,docs/superpowers/logs/rc-refgs-fd-p2-lite-complete-metrics-ablation-table-2026-05-29.csv,True,absolute per-scene metric from complete ablation table
shiny_blender_synthetic,test,ball,wo_ref,full_psnr,38.31283218383789,higher,docs/superpowers/logs/rc-refgs-fd-p2-lite-complete-metrics-ablation-table-2026-05-29.csv,True,absolute per-scene metric from complete ablation table
shiny_blender_synthetic,test,ball,wo_ref,full_ssim,0.9878258275985716,higher,docs/superpowers/logs/rc-refgs-fd-p2-lite-complete-metrics-ablation-table-2026-05-29.csv,True,absolute per-scene metric from complete ablation table
shiny_blender_synthetic,test,ball,wo_ref,full_lpips,0.0366775471530854,lower,docs/superpowers/logs/rc-refgs-fd-p2-lite-complete-metrics-ablation-table-2026-05-29.csv,True,absolute per-scene metric from complete ablation table
shiny_blender_synthetic,test,ball,wo_ref,reflective_psnr,38.439133434295655,higher,docs/superpowers/logs/rc-refgs-fd-p2-lite-complete-metrics-ablation-table-2026-05-29.csv,True,absolute per-scene metric from complete ablation table
shiny_blender_synthetic,test,ball,wo_ref,reflective_ssim,0.9882521271705628,higher,docs/superpowers/logs/rc-refgs-fd-p2-lite-complete-metrics-ablation-table-2026-05-29.csv,True,absolute per-scene metric from complete ablation table
shiny_blender_synthetic,test,ball,wo_ref,reflective_lpips,0.0306451641861349,lower,docs/superpowers/logs/rc-refgs-fd-p2-lite-complete-metrics-ablation-table-2026-05-29.csv,True,absolute per-scene metric from complete ablation table
shiny_blender_synthetic,test,ball,wo_ref,valid_pair_count,10.0,count,docs/superpowers/logs/rc-refgs-fd-p2-lite-complete-metrics-ablation-table-2026-05-29.csv,True,absolute per-scene metric from complete ablation table
shiny_blender_synthetic,test,ball,wo_ref,num_pairs,10.0,count,docs/superpowers/logs/rc-refgs-fd-p2-lite-complete-metrics-ablation-table-2026-05-29.csv,True,absolute per-scene metric from complete ablation table
shiny_blender_synthetic,test,ball,wo_ref,num_images,200.0,count,docs/superpowers/logs/rc-refgs-fd-p2-lite-complete-metrics-ablation-table-2026-05-29.csv,True,absolute per-scene metric from complete ablation table
shiny_blender_synthetic,test,ball,wo_conf,mean_reflection_consistency,0.0471486095339059,lower,docs/superpowers/logs/rc-refgs-fd-p2-lite-complete-metrics-ablation-table-2026-05-29.csv,True,absolute per-scene metric from complete ablation table
shiny_blender_synthetic,test,ball,wo_conf,reflective_region_psnr,33.35659484863281,higher,docs/superpowers/logs/rc-refgs-fd-p2-lite-complete-metrics-ablation-table-2026-05-29.csv,True,absolute per-scene metric from complete ablation table
shiny_blender_synthetic,test,ball,wo_conf,full_psnr,38.35246768951416,higher,docs/superpowers/logs/rc-refgs-fd-p2-lite-complete-metrics-ablation-table-2026-05-29.csv,True,absolute per-scene metric from complete ablation table
shiny_blender_synthetic,test,ball,wo_conf,full_ssim,0.988108543753624,higher,docs/superpowers/logs/rc-refgs-fd-p2-lite-complete-metrics-ablation-table-2026-05-29.csv,True,absolute per-scene metric from complete ablation table
shiny_blender_synthetic,test,ball,wo_conf,full_lpips,0.036764082275331,lower,docs/superpowers/logs/rc-refgs-fd-p2-lite-complete-metrics-ablation-table-2026-05-29.csv,True,absolute per-scene metric from complete ablation table
shiny_blender_synthetic,test,ball,wo_conf,reflective_psnr,38.53511009216309,higher,docs/superpowers/logs/rc-refgs-fd-p2-lite-complete-metrics-ablation-table-2026-05-29.csv,True,absolute per-scene metric from complete ablation table
shiny_blender_synthetic,test,ball,wo_conf,reflective_ssim,0.989069338142872,higher,docs/superpowers/logs/rc-refgs-fd-p2-lite-complete-metrics-ablation-table-2026-05-29.csv,True,absolute per-scene metric from complete ablation table
shiny_blender_synthetic,test,ball,wo_conf,reflective_lpips,0.0253172619128599,lower,docs/superpowers/logs/rc-refgs-fd-p2-lite-complete-metrics-ablation-table-2026-05-29.csv,True,absolute per-scene metric from complete ablation table
shiny_blender_synthetic,test,ball,wo_conf,valid_pair_count,10.0,count,docs/superpowers/logs/rc-refgs-fd-p2-lite-complete-metrics-ablation-table-2026-05-29.csv,True,absolute per-scene metric from complete ablation table
shiny_blender_synthetic,test,ball,wo_conf,num_pairs,10.0,count,docs/superpowers/logs/rc-refgs-fd-p2-lite-complete-metrics-ablation-table-2026-05-29.csv,True,absolute per-scene metric from complete ablation table
shiny_blender_synthetic,test,ball,wo_conf,num_images,200.0,count,docs/superpowers/logs/rc-refgs-fd-p2-lite-complete-metrics-ablation-table-2026-05-29.csv,True,absolute per-scene metric from complete ablation table
shiny_blender_synthetic,test,ball,rough_only,mean_reflection_consistency,0.0486237172037363,lower,docs/superpowers/logs/rc-refgs-fd-p2-lite-complete-metrics-ablation-table-2026-05-29.csv,True,absolute per-scene metric from complete ablation table
shiny_blender_synthetic,test,ball,rough_only,reflective_region_psnr,34.015917205810545,higher,docs/superpowers/logs/rc-refgs-fd-p2-lite-complete-metrics-ablation-table-2026-05-29.csv,True,absolute per-scene metric from complete ablation table
shiny_blender_synthetic,test,ball,rough_only,full_psnr,38.56359674453736,higher,docs/superpowers/logs/rc-refgs-fd-p2-lite-complete-metrics-ablation-table-2026-05-29.csv,True,absolute per-scene metric from complete ablation table
shiny_blender_synthetic,test,ball,rough_only,full_ssim,0.9880595237016678,higher,docs/superpowers/logs/rc-refgs-fd-p2-lite-complete-metrics-ablation-table-2026-05-29.csv,True,absolute per-scene metric from complete ablation table
shiny_blender_synthetic,test,ball,rough_only,full_lpips,0.0365031374059617,lower,docs/superpowers/logs/rc-refgs-fd-p2-lite-complete-metrics-ablation-table-2026-05-29.csv,True,absolute per-scene metric from complete ablation table
shiny_blender_synthetic,test,ball,rough_only,reflective_psnr,38.69833808898926,higher,docs/superpowers/logs/rc-refgs-fd-p2-lite-complete-metrics-ablation-table-2026-05-29.csv,True,absolute per-scene metric from complete ablation table
shiny_blender_synthetic,test,ball,rough_only,reflective_ssim,0.9885399156808852,higher,docs/superpowers/logs/rc-refgs-fd-p2-lite-complete-metrics-ablation-table-2026-05-29.csv,True,absolute per-scene metric from complete ablation table
shiny_blender_synthetic,test,ball,rough_only,reflective_lpips,0.0291259030345827,lower,docs/superpowers/logs/rc-refgs-fd-p2-lite-complete-metrics-ablation-table-2026-05-29.csv,True,absolute per-scene metric from complete ablation table
shiny_blender_synthetic,test,ball,rough_only,valid_pair_count,10.0,count,docs/superpowers/logs/rc-refgs-fd-p2-lite-complete-metrics-ablation-table-2026-05-29.csv,True,absolute per-scene metric from complete ablation table
shiny_blender_synthetic,test,ball,rough_only,num_pairs,10.0,count,docs/superpowers/logs/rc-refgs-fd-p2-lite-complete-metrics-ablation-table-2026-05-29.csv,True,absolute per-scene metric from complete ablation table
shiny_blender_synthetic,test,ball,rough_only,num_images,200.0,count,docs/superpowers/logs/rc-refgs-fd-p2-lite-complete-metrics-ablation-table-2026-05-29.csv,True,absolute per-scene metric from complete ablation table
shiny_blender_synthetic,test,car,base,mean_reflection_consistency,0.0860734429210424,lower,docs/superpowers/logs/rc-refgs-fd-p2-lite-final-main-summary-2026-06-01.csv,True,absolute per-scene metric from final main summary; included as base/rc variants for ablation comparison
shiny_blender_synthetic,test,car,base,reflective_region_psnr,27.51102466583252,higher,docs/superpowers/logs/rc-refgs-fd-p2-lite-final-main-summary-2026-06-01.csv,True,absolute per-scene metric from final main summary; included as base/rc variants for ablation comparison
shiny_blender_synthetic,test,car,base,full_psnr,31.46817236900329,higher,docs/superpowers/logs/rc-refgs-fd-p2-lite-final-main-summary-2026-06-01.csv,True,absolute per-scene metric from final main summary; included as base/rc variants for ablation comparison
shiny_blender_synthetic,test,car,base,full_ssim,0.967081052660942,higher,docs/superpowers/logs/rc-refgs-fd-p2-lite-final-main-summary-2026-06-01.csv,True,absolute per-scene metric from final main summary; included as base/rc variants for ablation comparison
shiny_blender_synthetic,test,car,base,full_lpips,0.0188420040858909,lower,docs/superpowers/logs/rc-refgs-fd-p2-lite-final-main-summary-2026-06-01.csv,True,absolute per-scene metric from final main summary; included as base/rc variants for ablation comparison
shiny_blender_synthetic,test,car,base,reflective_psnr,32.816805353164675,higher,docs/superpowers/logs/rc-refgs-fd-p2-lite-final-main-summary-2026-06-01.csv,True,absolute per-scene metric from final main summary; included as base/rc variants for ablation comparison
shiny_blender_synthetic,test,car,base,reflective_ssim,0.9758946678042412,higher,docs/superpowers/logs/rc-refgs-fd-p2-lite-final-main-summary-2026-06-01.csv,True,absolute per-scene metric from final main summary; included as base/rc variants for ablation comparison
shiny_blender_synthetic,test,car,base,reflective_lpips,0.0131234041810967,lower,docs/superpowers/logs/rc-refgs-fd-p2-lite-final-main-summary-2026-06-01.csv,True,absolute per-scene metric from final main summary; included as base/rc variants for ablation comparison
shiny_blender_synthetic,test,car,base,valid_pair_count,10.0,count,docs/superpowers/logs/rc-refgs-fd-p2-lite-main-table-2026-05-29.csv,True,pair-count metric from earlier main consistency table; included as base/rc variants for ablation comparison
shiny_blender_synthetic,test,car,rc,mean_reflection_consistency,0.0482423964887857,lower,docs/superpowers/logs/rc-refgs-fd-p2-lite-final-main-summary-2026-06-01.csv,True,absolute per-scene metric from final main summary; included as base/rc variants for ablation comparison
shiny_blender_synthetic,test,car,rc,reflective_region_psnr,27.844405364990237,higher,docs/superpowers/logs/rc-refgs-fd-p2-lite-final-main-summary-2026-06-01.csv,True,absolute per-scene metric from final main summary; included as base/rc variants for ablation comparison
shiny_blender_synthetic,test,car,rc,full_psnr,31.449704580307007,higher,docs/superpowers/logs/rc-refgs-fd-p2-lite-final-main-summary-2026-06-01.csv,True,absolute per-scene metric from final main summary; included as base/rc variants for ablation comparison
shiny_blender_synthetic,test,car,rc,full_ssim,0.9674327671527864,higher,docs/superpowers/logs/rc-refgs-fd-p2-lite-final-main-summary-2026-06-01.csv,True,absolute per-scene metric from final main summary; included as base/rc variants for ablation comparison
shiny_blender_synthetic,test,car,rc,full_lpips,0.018566444418393,lower,docs/superpowers/logs/rc-refgs-fd-p2-lite-final-main-summary-2026-06-01.csv,True,absolute per-scene metric from final main summary; included as base/rc variants for ablation comparison
shiny_blender_synthetic,test,car,rc,reflective_psnr,32.916545209884646,higher,docs/superpowers/logs/rc-refgs-fd-p2-lite-final-main-summary-2026-06-01.csv,True,absolute per-scene metric from final main summary; included as base/rc variants for ablation comparison
shiny_blender_synthetic,test,car,rc,reflective_ssim,0.9761832144856452,higher,docs/superpowers/logs/rc-refgs-fd-p2-lite-final-main-summary-2026-06-01.csv,True,absolute per-scene metric from final main summary; included as base/rc variants for ablation comparison
shiny_blender_synthetic,test,car,rc,reflective_lpips,0.0138054104242473,lower,docs/superpowers/logs/rc-refgs-fd-p2-lite-final-main-summary-2026-06-01.csv,True,absolute per-scene metric from final main summary; included as base/rc variants for ablation comparison
shiny_blender_synthetic,test,car,rc,valid_pair_count,10.0,count,docs/superpowers/logs/rc-refgs-fd-p2-lite-main-table-2026-05-29.csv,True,pair-count metric from earlier main consistency table; included as base/rc variants for ablation comparison
shiny_blender_synthetic,test,car,wo_ref,mean_reflection_consistency,0.0875024583190679,lower,docs/superpowers/logs/rc-refgs-fd-p2-lite-complete-metrics-ablation-table-2026-05-29.csv,True,absolute per-scene metric from complete ablation table
shiny_blender_synthetic,test,car,wo_ref,reflective_region_psnr,27.554748153686525,higher,docs/superpowers/logs/rc-refgs-fd-p2-lite-complete-metrics-ablation-table-2026-05-29.csv,True,absolute per-scene metric from complete ablation table
shiny_blender_synthetic,test,car,wo_ref,full_psnr,31.58259790420532,higher,docs/superpowers/logs/rc-refgs-fd-p2-lite-complete-metrics-ablation-table-2026-05-29.csv,True,absolute per-scene metric from complete ablation table
shiny_blender_synthetic,test,car,wo_ref,full_ssim,0.9674293464422226,higher,docs/superpowers/logs/rc-refgs-fd-p2-lite-complete-metrics-ablation-table-2026-05-29.csv,True,absolute per-scene metric from complete ablation table
shiny_blender_synthetic,test,car,wo_ref,full_lpips,0.0185138156684115,lower,docs/superpowers/logs/rc-refgs-fd-p2-lite-complete-metrics-ablation-table-2026-05-29.csv,True,absolute per-scene metric from complete ablation table
shiny_blender_synthetic,test,car,wo_ref,reflective_psnr,33.09063928604126,higher,docs/superpowers/logs/rc-refgs-fd-p2-lite-complete-metrics-ablation-table-2026-05-29.csv,True,absolute per-scene metric from complete ablation table
shiny_blender_synthetic,test,car,wo_ref,reflective_ssim,0.9769742891192436,higher,docs/superpowers/logs/rc-refgs-fd-p2-lite-complete-metrics-ablation-table-2026-05-29.csv,True,absolute per-scene metric from complete ablation table
shiny_blender_synthetic,test,car,wo_ref,reflective_lpips,0.0127500054589472,lower,docs/superpowers/logs/rc-refgs-fd-p2-lite-complete-metrics-ablation-table-2026-05-29.csv,True,absolute per-scene metric from complete ablation table
shiny_blender_synthetic,test,car,wo_ref,valid_pair_count,10.0,count,docs/superpowers/logs/rc-refgs-fd-p2-lite-complete-metrics-ablation-table-2026-05-29.csv,True,absolute per-scene metric from complete ablation table
shiny_blender_synthetic,test,car,wo_ref,num_pairs,10.0,count,docs/superpowers/logs/rc-refgs-fd-p2-lite-complete-metrics-ablation-table-2026-05-29.csv,True,absolute per-scene metric from complete ablation table
shiny_blender_synthetic,test,car,wo_ref,num_images,200.0,count,docs/superpowers/logs/rc-refgs-fd-p2-lite-complete-metrics-ablation-table-2026-05-29.csv,True,absolute per-scene metric from complete ablation table
shiny_blender_synthetic,test,car,wo_conf,mean_reflection_consistency,0.0709311157464981,lower,docs/superpowers/logs/rc-refgs-fd-p2-lite-complete-metrics-ablation-table-2026-05-29.csv,True,absolute per-scene metric from complete ablation table
shiny_blender_synthetic,test,car,wo_conf,reflective_region_psnr,27.5822566986084,higher,docs/superpowers/logs/rc-refgs-fd-p2-lite-complete-metrics-ablation-table-2026-05-29.csv,True,absolute per-scene metric from complete ablation table
shiny_blender_synthetic,test,car,wo_conf,full_psnr,31.541541261672972,higher,docs/superpowers/logs/rc-refgs-fd-p2-lite-complete-metrics-ablation-table-2026-05-29.csv,True,absolute per-scene metric from complete ablation table
shiny_blender_synthetic,test,car,wo_conf,full_ssim,0.967037899196148,higher,docs/superpowers/logs/rc-refgs-fd-p2-lite-complete-metrics-ablation-table-2026-05-29.csv,True,absolute per-scene metric from complete ablation table
shiny_blender_synthetic,test,car,wo_conf,full_lpips,0.0187422158336266,lower,docs/superpowers/logs/rc-refgs-fd-p2-lite-complete-metrics-ablation-table-2026-05-29.csv,True,absolute per-scene metric from complete ablation table
shiny_blender_synthetic,test,car,wo_conf,reflective_psnr,32.98028678894043,higher,docs/superpowers/logs/rc-refgs-fd-p2-lite-complete-metrics-ablation-table-2026-05-29.csv,True,absolute per-scene metric from complete ablation table
shiny_blender_synthetic,test,car,wo_conf,reflective_ssim,0.9764485362172128,higher,docs/superpowers/logs/rc-refgs-fd-p2-lite-complete-metrics-ablation-table-2026-05-29.csv,True,absolute per-scene metric from complete ablation table
shiny_blender_synthetic,test,car,wo_conf,reflective_lpips,0.0128800659556873,lower,docs/superpowers/logs/rc-refgs-fd-p2-lite-complete-metrics-ablation-table-2026-05-29.csv,True,absolute per-scene metric from complete ablation table
shiny_blender_synthetic,test,car,wo_conf,valid_pair_count,10.0,count,docs/superpowers/logs/rc-refgs-fd-p2-lite-complete-metrics-ablation-table-2026-05-29.csv,True,absolute per-scene metric from complete ablation table
shiny_blender_synthetic,test,car,wo_conf,num_pairs,10.0,count,docs/superpowers/logs/rc-refgs-fd-p2-lite-complete-metrics-ablation-table-2026-05-29.csv,True,absolute per-scene metric from complete ablation table
shiny_blender_synthetic,test,car,wo_conf,num_images,200.0,count,docs/superpowers/logs/rc-refgs-fd-p2-lite-complete-metrics-ablation-table-2026-05-29.csv,True,absolute per-scene metric from complete ablation table
shiny_blender_synthetic,test,car,rough_only,mean_reflection_consistency,0.0896367944777011,lower,docs/superpowers/logs/rc-refgs-fd-p2-lite-complete-metrics-ablation-table-2026-05-29.csv,True,absolute per-scene metric from complete ablation table
shiny_blender_synthetic,test,car,rough_only,reflective_region_psnr,27.827952575683597,higher,docs/superpowers/logs/rc-refgs-fd-p2-lite-complete-metrics-ablation-table-2026-05-29.csv,True,absolute per-scene metric from complete ablation table
shiny_blender_synthetic,test,car,rough_only,full_psnr,31.557480535507203,higher,docs/superpowers/logs/rc-refgs-fd-p2-lite-complete-metrics-ablation-table-2026-05-29.csv,True,absolute per-scene metric from complete ablation table
shiny_blender_synthetic,test,car,rough_only,full_ssim,0.967195815742016,higher,docs/superpowers/logs/rc-refgs-fd-p2-lite-complete-metrics-ablation-table-2026-05-29.csv,True,absolute per-scene metric from complete ablation table
shiny_blender_synthetic,test,car,rough_only,full_lpips,0.0187261709244921,lower,docs/superpowers/logs/rc-refgs-fd-p2-lite-complete-metrics-ablation-table-2026-05-29.csv,True,absolute per-scene metric from complete ablation table
shiny_blender_synthetic,test,car,rough_only,reflective_psnr,32.61608051300049,higher,docs/superpowers/logs/rc-refgs-fd-p2-lite-complete-metrics-ablation-table-2026-05-29.csv,True,absolute per-scene metric from complete ablation table
shiny_blender_synthetic,test,car,rough_only,reflective_ssim,0.9751848185062408,higher,docs/superpowers/logs/rc-refgs-fd-p2-lite-complete-metrics-ablation-table-2026-05-29.csv,True,absolute per-scene metric from complete ablation table
shiny_blender_synthetic,test,car,rough_only,reflective_lpips,0.0141695288335904,lower,docs/superpowers/logs/rc-refgs-fd-p2-lite-complete-metrics-ablation-table-2026-05-29.csv,True,absolute per-scene metric from complete ablation table
shiny_blender_synthetic,test,car,rough_only,valid_pair_count,10.0,count,docs/superpowers/logs/rc-refgs-fd-p2-lite-complete-metrics-ablation-table-2026-05-29.csv,True,absolute per-scene metric from complete ablation table
shiny_blender_synthetic,test,car,rough_only,num_pairs,10.0,count,docs/superpowers/logs/rc-refgs-fd-p2-lite-complete-metrics-ablation-table-2026-05-29.csv,True,absolute per-scene metric from complete ablation table
shiny_blender_synthetic,test,car,rough_only,num_images,200.0,count,docs/superpowers/logs/rc-refgs-fd-p2-lite-complete-metrics-ablation-table-2026-05-29.csv,True,absolute per-scene metric from complete ablation table
shiny_blender_synthetic,test,coffee,base,mean_reflection_consistency,0.0069127775728702,lower,docs/superpowers/logs/rc-refgs-fd-p2-lite-final-main-summary-2026-06-01.csv,True,absolute per-scene metric from final main summary; included as base/rc variants for ablation comparison
shiny_blender_synthetic,test,coffee,base,reflective_region_psnr,29.41759090423584,higher,docs/superpowers/logs/rc-refgs-fd-p2-lite-final-main-summary-2026-06-01.csv,True,absolute per-scene metric from final main summary; included as base/rc variants for ablation comparison
shiny_blender_synthetic,test,coffee,base,full_psnr,34.61283143043518,higher,docs/superpowers/logs/rc-refgs-fd-p2-lite-final-main-summary-2026-06-01.csv,True,absolute per-scene metric from final main summary; included as base/rc variants for ablation comparison
shiny_blender_synthetic,test,coffee,base,full_ssim,0.9741970217227937,higher,docs/superpowers/logs/rc-refgs-fd-p2-lite-final-main-summary-2026-06-01.csv,True,absolute per-scene metric from final main summary; included as base/rc variants for ablation comparison
shiny_blender_synthetic,test,coffee,base,full_lpips,0.0460944677796214,lower,docs/superpowers/logs/rc-refgs-fd-p2-lite-final-main-summary-2026-06-01.csv,True,absolute per-scene metric from final main summary; included as base/rc variants for ablation comparison
shiny_blender_synthetic,test,coffee,base,reflective_psnr,37.00081950187683,higher,docs/superpowers/logs/rc-refgs-fd-p2-lite-final-main-summary-2026-06-01.csv,True,absolute per-scene metric from final main summary; included as base/rc variants for ablation comparison
shiny_blender_synthetic,test,coffee,base,reflective_ssim,0.9853902697563172,higher,docs/superpowers/logs/rc-refgs-fd-p2-lite-final-main-summary-2026-06-01.csv,True,absolute per-scene metric from final main summary; included as base/rc variants for ablation comparison
shiny_blender_synthetic,test,coffee,base,reflective_lpips,0.0134853238495998,lower,docs/superpowers/logs/rc-refgs-fd-p2-lite-final-main-summary-2026-06-01.csv,True,absolute per-scene metric from final main summary; included as base/rc variants for ablation comparison
shiny_blender_synthetic,test,coffee,base,valid_pair_count,10.0,count,docs/superpowers/logs/rc-refgs-fd-p2-lite-main-table-2026-05-29.csv,True,pair-count metric from earlier main consistency table; included as base/rc variants for ablation comparison
shiny_blender_synthetic,test,coffee,rc,mean_reflection_consistency,0.0092514680698513,lower,docs/superpowers/logs/rc-refgs-fd-p2-lite-final-main-summary-2026-06-01.csv,True,absolute per-scene metric from final main summary; included as base/rc variants for ablation comparison
shiny_blender_synthetic,test,coffee,rc,reflective_region_psnr,28.612015342712404,higher,docs/superpowers/logs/rc-refgs-fd-p2-lite-final-main-summary-2026-06-01.csv,True,absolute per-scene metric from final main summary; included as base/rc variants for ablation comparison
shiny_blender_synthetic,test,coffee,rc,full_psnr,34.87388124465942,higher,docs/superpowers/logs/rc-refgs-fd-p2-lite-final-main-summary-2026-06-01.csv,True,absolute per-scene metric from final main summary; included as base/rc variants for ablation comparison
shiny_blender_synthetic,test,coffee,rc,full_ssim,0.9749140587449072,higher,docs/superpowers/logs/rc-refgs-fd-p2-lite-final-main-summary-2026-06-01.csv,True,absolute per-scene metric from final main summary; included as base/rc variants for ablation comparison
shiny_blender_synthetic,test,coffee,rc,full_lpips,0.0458372793998569,lower,docs/superpowers/logs/rc-refgs-fd-p2-lite-final-main-summary-2026-06-01.csv,True,absolute per-scene metric from final main summary; included as base/rc variants for ablation comparison
shiny_blender_synthetic,test,coffee,rc,reflective_psnr,36.74956224441528,higher,docs/superpowers/logs/rc-refgs-fd-p2-lite-final-main-summary-2026-06-01.csv,True,absolute per-scene metric from final main summary; included as base/rc variants for ablation comparison
shiny_blender_synthetic,test,coffee,rc,reflective_ssim,0.9842551305890084,higher,docs/superpowers/logs/rc-refgs-fd-p2-lite-final-main-summary-2026-06-01.csv,True,absolute per-scene metric from final main summary; included as base/rc variants for ablation comparison
shiny_blender_synthetic,test,coffee,rc,reflective_lpips,0.0143551868409849,lower,docs/superpowers/logs/rc-refgs-fd-p2-lite-final-main-summary-2026-06-01.csv,True,absolute per-scene metric from final main summary; included as base/rc variants for ablation comparison
shiny_blender_synthetic,test,coffee,rc,valid_pair_count,10.0,count,docs/superpowers/logs/rc-refgs-fd-p2-lite-main-table-2026-05-29.csv,True,pair-count metric from earlier main consistency table; included as base/rc variants for ablation comparison
shiny_blender_synthetic,test,coffee,wo_ref,mean_reflection_consistency,0.0074028920382261,lower,docs/superpowers/logs/rc-refgs-fd-p2-lite-complete-metrics-ablation-table-2026-05-29.csv,True,absolute per-scene metric from complete ablation table
shiny_blender_synthetic,test,coffee,wo_ref,reflective_region_psnr,30.352484893798827,higher,docs/superpowers/logs/rc-refgs-fd-p2-lite-complete-metrics-ablation-table-2026-05-29.csv,True,absolute per-scene metric from complete ablation table
shiny_blender_synthetic,test,coffee,wo_ref,full_psnr,34.538765602111816,higher,docs/superpowers/logs/rc-refgs-fd-p2-lite-complete-metrics-ablation-table-2026-05-29.csv,True,absolute per-scene metric from complete ablation table
shiny_blender_synthetic,test,coffee,wo_ref,full_ssim,0.974239036142826,higher,docs/superpowers/logs/rc-refgs-fd-p2-lite-complete-metrics-ablation-table-2026-05-29.csv,True,absolute per-scene metric from complete ablation table
shiny_blender_synthetic,test,coffee,wo_ref,full_lpips,0.04688316706568,lower,docs/superpowers/logs/rc-refgs-fd-p2-lite-complete-metrics-ablation-table-2026-05-29.csv,True,absolute per-scene metric from complete ablation table
shiny_blender_synthetic,test,coffee,wo_ref,reflective_psnr,37.21630874633789,higher,docs/superpowers/logs/rc-refgs-fd-p2-lite-complete-metrics-ablation-table-2026-05-29.csv,True,absolute per-scene metric from complete ablation table
shiny_blender_synthetic,test,coffee,wo_ref,reflective_ssim,0.9850527361035348,higher,docs/superpowers/logs/rc-refgs-fd-p2-lite-complete-metrics-ablation-table-2026-05-29.csv,True,absolute per-scene metric from complete ablation table
shiny_blender_synthetic,test,coffee,wo_ref,reflective_lpips,0.0140531189343892,lower,docs/superpowers/logs/rc-refgs-fd-p2-lite-complete-metrics-ablation-table-2026-05-29.csv,True,absolute per-scene metric from complete ablation table
shiny_blender_synthetic,test,coffee,wo_ref,valid_pair_count,10.0,count,docs/superpowers/logs/rc-refgs-fd-p2-lite-complete-metrics-ablation-table-2026-05-29.csv,True,absolute per-scene metric from complete ablation table
shiny_blender_synthetic,test,coffee,wo_ref,num_pairs,10.0,count,docs/superpowers/logs/rc-refgs-fd-p2-lite-complete-metrics-ablation-table-2026-05-29.csv,True,absolute per-scene metric from complete ablation table
shiny_blender_synthetic,test,coffee,wo_ref,num_images,200.0,count,docs/superpowers/logs/rc-refgs-fd-p2-lite-complete-metrics-ablation-table-2026-05-29.csv,True,absolute per-scene metric from complete ablation table
shiny_blender_synthetic,test,coffee,wo_conf,mean_reflection_consistency,0.0063940855674445,lower,docs/superpowers/logs/rc-refgs-fd-p2-lite-complete-metrics-ablation-table-2026-05-29.csv,True,absolute per-scene metric from complete ablation table
shiny_blender_synthetic,test,coffee,wo_conf,reflective_region_psnr,30.762211036682128,higher,docs/superpowers/logs/rc-refgs-fd-p2-lite-complete-metrics-ablation-table-2026-05-29.csv,True,absolute per-scene metric from complete ablation table
shiny_blender_synthetic,test,coffee,wo_conf,full_psnr,34.82175147056579,higher,docs/superpowers/logs/rc-refgs-fd-p2-lite-complete-metrics-ablation-table-2026-05-29.csv,True,absolute per-scene metric from complete ablation table
shiny_blender_synthetic,test,coffee,wo_conf,full_ssim,0.97482027053833,higher,docs/superpowers/logs/rc-refgs-fd-p2-lite-complete-metrics-ablation-table-2026-05-29.csv,True,absolute per-scene metric from complete ablation table
shiny_blender_synthetic,test,coffee,wo_conf,full_lpips,0.0458341726940125,lower,docs/superpowers/logs/rc-refgs-fd-p2-lite-complete-metrics-ablation-table-2026-05-29.csv,True,absolute per-scene metric from complete ablation table
shiny_blender_synthetic,test,coffee,wo_conf,reflective_psnr,37.38252042770386,higher,docs/superpowers/logs/rc-refgs-fd-p2-lite-complete-metrics-ablation-table-2026-05-29.csv,True,absolute per-scene metric from complete ablation table
shiny_blender_synthetic,test,coffee,wo_conf,reflective_ssim,0.9856696113944052,higher,docs/superpowers/logs/rc-refgs-fd-p2-lite-complete-metrics-ablation-table-2026-05-29.csv,True,absolute per-scene metric from complete ablation table
shiny_blender_synthetic,test,coffee,wo_conf,reflective_lpips,0.0131575775751844,lower,docs/superpowers/logs/rc-refgs-fd-p2-lite-complete-metrics-ablation-table-2026-05-29.csv,True,absolute per-scene metric from complete ablation table
shiny_blender_synthetic,test,coffee,wo_conf,valid_pair_count,10.0,count,docs/superpowers/logs/rc-refgs-fd-p2-lite-complete-metrics-ablation-table-2026-05-29.csv,True,absolute per-scene metric from complete ablation table
shiny_blender_synthetic,test,coffee,wo_conf,num_pairs,10.0,count,docs/superpowers/logs/rc-refgs-fd-p2-lite-complete-metrics-ablation-table-2026-05-29.csv,True,absolute per-scene metric from complete ablation table
shiny_blender_synthetic,test,coffee,wo_conf,num_images,200.0,count,docs/superpowers/logs/rc-refgs-fd-p2-lite-complete-metrics-ablation-table-2026-05-29.csv,True,absolute per-scene metric from complete ablation table
shiny_blender_synthetic,test,coffee,rough_only,mean_reflection_consistency,0.007932955538854,lower,docs/superpowers/logs/rc-refgs-fd-p2-lite-complete-metrics-ablation-table-2026-05-29.csv,True,absolute per-scene metric from complete ablation table
shiny_blender_synthetic,test,coffee,rough_only,reflective_region_psnr,30.968200302124025,higher,docs/superpowers/logs/rc-refgs-fd-p2-lite-complete-metrics-ablation-table-2026-05-29.csv,True,absolute per-scene metric from complete ablation table
shiny_blender_synthetic,test,coffee,rough_only,full_psnr,34.57540648460388,higher,docs/superpowers/logs/rc-refgs-fd-p2-lite-complete-metrics-ablation-table-2026-05-29.csv,True,absolute per-scene metric from complete ablation table
shiny_blender_synthetic,test,coffee,rough_only,full_ssim,0.9745379665493964,higher,docs/superpowers/logs/rc-refgs-fd-p2-lite-complete-metrics-ablation-table-2026-05-29.csv,True,absolute per-scene metric from complete ablation table
shiny_blender_synthetic,test,coffee,rough_only,full_lpips,0.0461195198725909,lower,docs/superpowers/logs/rc-refgs-fd-p2-lite-complete-metrics-ablation-table-2026-05-29.csv,True,absolute per-scene metric from complete ablation table
shiny_blender_synthetic,test,coffee,rough_only,reflective_psnr,36.68429746627808,higher,docs/superpowers/logs/rc-refgs-fd-p2-lite-complete-metrics-ablation-table-2026-05-29.csv,True,absolute per-scene metric from complete ablation table
shiny_blender_synthetic,test,coffee,rough_only,reflective_ssim,0.9852867868542672,higher,docs/superpowers/logs/rc-refgs-fd-p2-lite-complete-metrics-ablation-table-2026-05-29.csv,True,absolute per-scene metric from complete ablation table
shiny_blender_synthetic,test,coffee,rough_only,reflective_lpips,0.0137482392368838,lower,docs/superpowers/logs/rc-refgs-fd-p2-lite-complete-metrics-ablation-table-2026-05-29.csv,True,absolute per-scene metric from complete ablation table
shiny_blender_synthetic,test,coffee,rough_only,valid_pair_count,10.0,count,docs/superpowers/logs/rc-refgs-fd-p2-lite-complete-metrics-ablation-table-2026-05-29.csv,True,absolute per-scene metric from complete ablation table
shiny_blender_synthetic,test,coffee,rough_only,num_pairs,10.0,count,docs/superpowers/logs/rc-refgs-fd-p2-lite-complete-metrics-ablation-table-2026-05-29.csv,True,absolute per-scene metric from complete ablation table
shiny_blender_synthetic,test,coffee,rough_only,num_images,200.0,count,docs/superpowers/logs/rc-refgs-fd-p2-lite-complete-metrics-ablation-table-2026-05-29.csv,True,absolute per-scene metric from complete ablation table
shiny_blender_synthetic,test,helmet,base,mean_reflection_consistency,0.2168389335274696,lower,docs/superpowers/logs/rc-refgs-fd-p2-lite-final-main-summary-2026-06-01.csv,True,absolute per-scene metric from final main summary; included as base/rc variants for ablation comparison
shiny_blender_synthetic,test,helmet,base,reflective_region_psnr,35.91402015686035,higher,docs/superpowers/logs/rc-refgs-fd-p2-lite-final-main-summary-2026-06-01.csv,True,absolute per-scene metric from final main summary; included as base/rc variants for ablation comparison
shiny_blender_synthetic,test,helmet,base,full_psnr,35.8392297744751,higher,docs/superpowers/logs/rc-refgs-fd-p2-lite-final-main-summary-2026-06-01.csv,True,absolute per-scene metric from final main summary; included as base/rc variants for ablation comparison
shiny_blender_synthetic,test,helmet,base,full_ssim,0.9850164332985878,higher,docs/superpowers/logs/rc-refgs-fd-p2-lite-final-main-summary-2026-06-01.csv,True,absolute per-scene metric from final main summary; included as base/rc variants for ablation comparison
shiny_blender_synthetic,test,helmet,base,full_lpips,0.014634082862176,lower,docs/superpowers/logs/rc-refgs-fd-p2-lite-final-main-summary-2026-06-01.csv,True,absolute per-scene metric from final main summary; included as base/rc variants for ablation comparison
shiny_blender_synthetic,test,helmet,base,reflective_psnr,36.46292031288147,higher,docs/superpowers/logs/rc-refgs-fd-p2-lite-final-main-summary-2026-06-01.csv,True,absolute per-scene metric from final main summary; included as base/rc variants for ablation comparison
shiny_blender_synthetic,test,helmet,base,reflective_ssim,0.9869083300232888,higher,docs/superpowers/logs/rc-refgs-fd-p2-lite-final-main-summary-2026-06-01.csv,True,absolute per-scene metric from final main summary; included as base/rc variants for ablation comparison
shiny_blender_synthetic,test,helmet,base,reflective_lpips,0.0113525103149004,lower,docs/superpowers/logs/rc-refgs-fd-p2-lite-final-main-summary-2026-06-01.csv,True,absolute per-scene metric from final main summary; included as base/rc variants for ablation comparison
shiny_blender_synthetic,test,helmet,base,valid_pair_count,10.0,count,docs/superpowers/logs/rc-refgs-fd-p2-lite-main-table-2026-05-29.csv,True,pair-count metric from earlier main consistency table; included as base/rc variants for ablation comparison
shiny_blender_synthetic,test,helmet,rc,mean_reflection_consistency,0.0359569136053323,lower,docs/superpowers/logs/rc-refgs-fd-p2-lite-final-main-summary-2026-06-01.csv,True,absolute per-scene metric from final main summary; included as base/rc variants for ablation comparison
shiny_blender_synthetic,test,helmet,rc,reflective_region_psnr,35.57592620849609,higher,docs/superpowers/logs/rc-refgs-fd-p2-lite-final-main-summary-2026-06-01.csv,True,absolute per-scene metric from final main summary; included as base/rc variants for ablation comparison
shiny_blender_synthetic,test,helmet,rc,full_psnr,35.91236875534057,higher,docs/superpowers/logs/rc-refgs-fd-p2-lite-final-main-summary-2026-06-01.csv,True,absolute per-scene metric from final main summary; included as base/rc variants for ablation comparison
shiny_blender_synthetic,test,helmet,rc,full_ssim,0.9850048306584358,higher,docs/superpowers/logs/rc-refgs-fd-p2-lite-final-main-summary-2026-06-01.csv,True,absolute per-scene metric from final main summary; included as base/rc variants for ablation comparison
shiny_blender_synthetic,test,helmet,rc,full_lpips,0.014668049220927,lower,docs/superpowers/logs/rc-refgs-fd-p2-lite-final-main-summary-2026-06-01.csv,True,absolute per-scene metric from final main summary; included as base/rc variants for ablation comparison
shiny_blender_synthetic,test,helmet,rc,reflective_psnr,36.55509870529175,higher,docs/superpowers/logs/rc-refgs-fd-p2-lite-final-main-summary-2026-06-01.csv,True,absolute per-scene metric from final main summary; included as base/rc variants for ablation comparison
shiny_blender_synthetic,test,helmet,rc,reflective_ssim,0.9869203695654868,higher,docs/superpowers/logs/rc-refgs-fd-p2-lite-final-main-summary-2026-06-01.csv,True,absolute per-scene metric from final main summary; included as base/rc variants for ablation comparison
shiny_blender_synthetic,test,helmet,rc,reflective_lpips,0.0113222172972746,lower,docs/superpowers/logs/rc-refgs-fd-p2-lite-final-main-summary-2026-06-01.csv,True,absolute per-scene metric from final main summary; included as base/rc variants for ablation comparison
shiny_blender_synthetic,test,helmet,rc,valid_pair_count,10.0,count,docs/superpowers/logs/rc-refgs-fd-p2-lite-main-table-2026-05-29.csv,True,pair-count metric from earlier main consistency table; included as base/rc variants for ablation comparison
shiny_blender_synthetic,test,helmet,wo_ref,mean_reflection_consistency,0.1689216241240501,lower,docs/superpowers/logs/rc-refgs-fd-p2-lite-complete-metrics-ablation-table-2026-05-29.csv,True,absolute per-scene metric from complete ablation table
shiny_blender_synthetic,test,helmet,wo_ref,reflective_region_psnr,35.8431396484375,higher,docs/superpowers/logs/rc-refgs-fd-p2-lite-complete-metrics-ablation-table-2026-05-29.csv,True,absolute per-scene metric from complete ablation table
shiny_blender_synthetic,test,helmet,wo_ref,full_psnr,35.72310401916504,higher,docs/superpowers/logs/rc-refgs-fd-p2-lite-complete-metrics-ablation-table-2026-05-29.csv,True,absolute per-scene metric from complete ablation table
shiny_blender_synthetic,test,helmet,wo_ref,full_ssim,0.9851257902383804,higher,docs/superpowers/logs/rc-refgs-fd-p2-lite-complete-metrics-ablation-table-2026-05-29.csv,True,absolute per-scene metric from complete ablation table
shiny_blender_synthetic,test,helmet,wo_ref,full_lpips,0.0146890003303997,lower,docs/superpowers/logs/rc-refgs-fd-p2-lite-complete-metrics-ablation-table-2026-05-29.csv,True,absolute per-scene metric from complete ablation table
shiny_blender_synthetic,test,helmet,wo_ref,reflective_psnr,36.36951149940491,higher,docs/superpowers/logs/rc-refgs-fd-p2-lite-complete-metrics-ablation-table-2026-05-29.csv,True,absolute per-scene metric from complete ablation table
shiny_blender_synthetic,test,helmet,wo_ref,reflective_ssim,0.9870846459269524,higher,docs/superpowers/logs/rc-refgs-fd-p2-lite-complete-metrics-ablation-table-2026-05-29.csv,True,absolute per-scene metric from complete ablation table
shiny_blender_synthetic,test,helmet,wo_ref,reflective_lpips,0.0112676450028084,lower,docs/superpowers/logs/rc-refgs-fd-p2-lite-complete-metrics-ablation-table-2026-05-29.csv,True,absolute per-scene metric from complete ablation table
shiny_blender_synthetic,test,helmet,wo_ref,valid_pair_count,10.0,count,docs/superpowers/logs/rc-refgs-fd-p2-lite-complete-metrics-ablation-table-2026-05-29.csv,True,absolute per-scene metric from complete ablation table
shiny_blender_synthetic,test,helmet,wo_ref,num_pairs,10.0,count,docs/superpowers/logs/rc-refgs-fd-p2-lite-complete-metrics-ablation-table-2026-05-29.csv,True,absolute per-scene metric from complete ablation table
shiny_blender_synthetic,test,helmet,wo_ref,num_images,200.0,count,docs/superpowers/logs/rc-refgs-fd-p2-lite-complete-metrics-ablation-table-2026-05-29.csv,True,absolute per-scene metric from complete ablation table
shiny_blender_synthetic,test,helmet,wo_conf,mean_reflection_consistency,0.0363847307860851,lower,docs/superpowers/logs/rc-refgs-fd-p2-lite-complete-metrics-ablation-table-2026-05-29.csv,True,absolute per-scene metric from complete ablation table
shiny_blender_synthetic,test,helmet,wo_conf,reflective_region_psnr,36.1205493927002,higher,docs/superpowers/logs/rc-refgs-fd-p2-lite-complete-metrics-ablation-table-2026-05-29.csv,True,absolute per-scene metric from complete ablation table
shiny_blender_synthetic,test,helmet,wo_conf,full_psnr,35.9322752571106,higher,docs/superpowers/logs/rc-refgs-fd-p2-lite-complete-metrics-ablation-table-2026-05-29.csv,True,absolute per-scene metric from complete ablation table
shiny_blender_synthetic,test,helmet,wo_conf,full_ssim,0.9853404074907304,higher,docs/superpowers/logs/rc-refgs-fd-p2-lite-complete-metrics-ablation-table-2026-05-29.csv,True,absolute per-scene metric from complete ablation table
shiny_blender_synthetic,test,helmet,wo_conf,full_lpips,0.0146492218622006,lower,docs/superpowers/logs/rc-refgs-fd-p2-lite-complete-metrics-ablation-table-2026-05-29.csv,True,absolute per-scene metric from complete ablation table
shiny_blender_synthetic,test,helmet,wo_conf,reflective_psnr,36.57219030380249,higher,docs/superpowers/logs/rc-refgs-fd-p2-lite-complete-metrics-ablation-table-2026-05-29.csv,True,absolute per-scene metric from complete ablation table
shiny_blender_synthetic,test,helmet,wo_conf,reflective_ssim,0.987289719581604,higher,docs/superpowers/logs/rc-refgs-fd-p2-lite-complete-metrics-ablation-table-2026-05-29.csv,True,absolute per-scene metric from complete ablation table
shiny_blender_synthetic,test,helmet,wo_conf,reflective_lpips,0.0112373662670142,lower,docs/superpowers/logs/rc-refgs-fd-p2-lite-complete-metrics-ablation-table-2026-05-29.csv,True,absolute per-scene metric from complete ablation table
shiny_blender_synthetic,test,helmet,wo_conf,valid_pair_count,10.0,count,docs/superpowers/logs/rc-refgs-fd-p2-lite-complete-metrics-ablation-table-2026-05-29.csv,True,absolute per-scene metric from complete ablation table
shiny_blender_synthetic,test,helmet,wo_conf,num_pairs,10.0,count,docs/superpowers/logs/rc-refgs-fd-p2-lite-complete-metrics-ablation-table-2026-05-29.csv,True,absolute per-scene metric from complete ablation table
shiny_blender_synthetic,test,helmet,wo_conf,num_images,200.0,count,docs/superpowers/logs/rc-refgs-fd-p2-lite-complete-metrics-ablation-table-2026-05-29.csv,True,absolute per-scene metric from complete ablation table
shiny_blender_synthetic,test,helmet,rough_only,mean_reflection_consistency,0.1554280206561088,lower,docs/superpowers/logs/rc-refgs-fd-p2-lite-complete-metrics-ablation-table-2026-05-29.csv,True,absolute per-scene metric from complete ablation table
shiny_blender_synthetic,test,helmet,rough_only,reflective_region_psnr,36.006968307495114,higher,docs/superpowers/logs/rc-refgs-fd-p2-lite-complete-metrics-ablation-table-2026-05-29.csv,True,absolute per-scene metric from complete ablation table
shiny_blender_synthetic,test,helmet,rough_only,full_psnr,35.84266832351685,higher,docs/superpowers/logs/rc-refgs-fd-p2-lite-complete-metrics-ablation-table-2026-05-29.csv,True,absolute per-scene metric from complete ablation table
shiny_blender_synthetic,test,helmet,rough_only,full_ssim,0.9853764662146568,higher,docs/superpowers/logs/rc-refgs-fd-p2-lite-complete-metrics-ablation-table-2026-05-29.csv,True,absolute per-scene metric from complete ablation table
shiny_blender_synthetic,test,helmet,rough_only,full_lpips,0.0144674034882336,lower,docs/superpowers/logs/rc-refgs-fd-p2-lite-complete-metrics-ablation-table-2026-05-29.csv,True,absolute per-scene metric from complete ablation table
shiny_blender_synthetic,test,helmet,rough_only,reflective_psnr,36.49383394241333,higher,docs/superpowers/logs/rc-refgs-fd-p2-lite-complete-metrics-ablation-table-2026-05-29.csv,True,absolute per-scene metric from complete ablation table
shiny_blender_synthetic,test,helmet,rough_only,reflective_ssim,0.9873621127009392,higher,docs/superpowers/logs/rc-refgs-fd-p2-lite-complete-metrics-ablation-table-2026-05-29.csv,True,absolute per-scene metric from complete ablation table
shiny_blender_synthetic,test,helmet,rough_only,reflective_lpips,0.0111152664059773,lower,docs/superpowers/logs/rc-refgs-fd-p2-lite-complete-metrics-ablation-table-2026-05-29.csv,True,absolute per-scene metric from complete ablation table
shiny_blender_synthetic,test,helmet,rough_only,valid_pair_count,10.0,count,docs/superpowers/logs/rc-refgs-fd-p2-lite-complete-metrics-ablation-table-2026-05-29.csv,True,absolute per-scene metric from complete ablation table
shiny_blender_synthetic,test,helmet,rough_only,num_pairs,10.0,count,docs/superpowers/logs/rc-refgs-fd-p2-lite-complete-metrics-ablation-table-2026-05-29.csv,True,absolute per-scene metric from complete ablation table
shiny_blender_synthetic,test,helmet,rough_only,num_images,200.0,count,docs/superpowers/logs/rc-refgs-fd-p2-lite-complete-metrics-ablation-table-2026-05-29.csv,True,absolute per-scene metric from complete ablation table
shiny_blender_synthetic,test,teapot,base,mean_reflection_consistency,0.0038960183504968,lower,docs/superpowers/logs/rc-refgs-fd-p2-lite-final-main-summary-2026-06-01.csv,True,absolute per-scene metric from final main summary; included as base/rc variants for ablation comparison
shiny_blender_synthetic,test,teapot,base,reflective_region_psnr,39.41321983337402,higher,docs/superpowers/logs/rc-refgs-fd-p2-lite-final-main-summary-2026-06-01.csv,True,absolute per-scene metric from final main summary; included as base/rc variants for ablation comparison
shiny_blender_synthetic,test,teapot,base,full_psnr,46.16682685852051,higher,docs/superpowers/logs/rc-refgs-fd-p2-lite-final-main-summary-2026-06-01.csv,True,absolute per-scene metric from final main summary; included as base/rc variants for ablation comparison
shiny_blender_synthetic,test,teapot,base,full_ssim,0.9975094693899156,higher,docs/superpowers/logs/rc-refgs-fd-p2-lite-final-main-summary-2026-06-01.csv,True,absolute per-scene metric from final main summary; included as base/rc variants for ablation comparison
shiny_blender_synthetic,test,teapot,base,full_lpips,0.0034660034548141,lower,docs/superpowers/logs/rc-refgs-fd-p2-lite-final-main-summary-2026-06-01.csv,True,absolute per-scene metric from final main summary; included as base/rc variants for ablation comparison
shiny_blender_synthetic,test,teapot,base,reflective_psnr,47.423567085266114,higher,docs/superpowers/logs/rc-refgs-fd-p2-lite-final-main-summary-2026-06-01.csv,True,absolute per-scene metric from final main summary; included as base/rc variants for ablation comparison
shiny_blender_synthetic,test,teapot,base,reflective_ssim,0.9985236877202988,higher,docs/superpowers/logs/rc-refgs-fd-p2-lite-final-main-summary-2026-06-01.csv,True,absolute per-scene metric from final main summary; included as base/rc variants for ablation comparison
shiny_blender_synthetic,test,teapot,base,reflective_lpips,0.0013740400169626,lower,docs/superpowers/logs/rc-refgs-fd-p2-lite-final-main-summary-2026-06-01.csv,True,absolute per-scene metric from final main summary; included as base/rc variants for ablation comparison
shiny_blender_synthetic,test,teapot,base,valid_pair_count,10.0,count,docs/superpowers/logs/rc-refgs-fd-p2-lite-main-table-2026-05-29.csv,True,pair-count metric from earlier main consistency table; included as base/rc variants for ablation comparison
shiny_blender_synthetic,test,teapot,rc,mean_reflection_consistency,0.0026982672978192,lower,docs/superpowers/logs/rc-refgs-fd-p2-lite-final-main-summary-2026-06-01.csv,True,absolute per-scene metric from final main summary; included as base/rc variants for ablation comparison
shiny_blender_synthetic,test,teapot,rc,reflective_region_psnr,39.78558082580567,higher,docs/superpowers/logs/rc-refgs-fd-p2-lite-final-main-summary-2026-06-01.csv,True,absolute per-scene metric from final main summary; included as base/rc variants for ablation comparison
shiny_blender_synthetic,test,teapot,rc,full_psnr,46.420437297821046,higher,docs/superpowers/logs/rc-refgs-fd-p2-lite-final-main-summary-2026-06-01.csv,True,absolute per-scene metric from final main summary; included as base/rc variants for ablation comparison
shiny_blender_synthetic,test,teapot,rc,full_ssim,0.9976196816563606,higher,docs/superpowers/logs/rc-refgs-fd-p2-lite-final-main-summary-2026-06-01.csv,True,absolute per-scene metric from final main summary; included as base/rc variants for ablation comparison
shiny_blender_synthetic,test,teapot,rc,full_lpips,0.003229380918492,lower,docs/superpowers/logs/rc-refgs-fd-p2-lite-final-main-summary-2026-06-01.csv,True,absolute per-scene metric from final main summary; included as base/rc variants for ablation comparison
shiny_blender_synthetic,test,teapot,rc,reflective_psnr,47.71374229431152,higher,docs/superpowers/logs/rc-refgs-fd-p2-lite-final-main-summary-2026-06-01.csv,True,absolute per-scene metric from final main summary; included as base/rc variants for ablation comparison
shiny_blender_synthetic,test,teapot,rc,reflective_ssim,0.9985905739665032,higher,docs/superpowers/logs/rc-refgs-fd-p2-lite-final-main-summary-2026-06-01.csv,True,absolute per-scene metric from final main summary; included as base/rc variants for ablation comparison
shiny_blender_synthetic,test,teapot,rc,reflective_lpips,0.001337305807101,lower,docs/superpowers/logs/rc-refgs-fd-p2-lite-final-main-summary-2026-06-01.csv,True,absolute per-scene metric from final main summary; included as base/rc variants for ablation comparison
shiny_blender_synthetic,test,teapot,rc,valid_pair_count,10.0,count,docs/superpowers/logs/rc-refgs-fd-p2-lite-main-table-2026-05-29.csv,True,pair-count metric from earlier main consistency table; included as base/rc variants for ablation comparison
shiny_blender_synthetic,test,teapot,wo_ref,mean_reflection_consistency,0.0042457673233002,lower,docs/superpowers/logs/rc-refgs-fd-p2-lite-complete-metrics-ablation-table-2026-05-29.csv,True,absolute per-scene metric from complete ablation table
shiny_blender_synthetic,test,teapot,wo_ref,reflective_region_psnr,39.846435928344725,higher,docs/superpowers/logs/rc-refgs-fd-p2-lite-complete-metrics-ablation-table-2026-05-29.csv,True,absolute per-scene metric from complete ablation table
shiny_blender_synthetic,test,teapot,wo_ref,full_psnr,46.38084032058716,higher,docs/superpowers/logs/rc-refgs-fd-p2-lite-complete-metrics-ablation-table-2026-05-29.csv,True,absolute per-scene metric from complete ablation table
shiny_blender_synthetic,test,teapot,wo_ref,full_ssim,0.9975651583075524,higher,docs/superpowers/logs/rc-refgs-fd-p2-lite-complete-metrics-ablation-table-2026-05-29.csv,True,absolute per-scene metric from complete ablation table
shiny_blender_synthetic,test,teapot,wo_ref,full_lpips,0.0032931741609354,lower,docs/superpowers/logs/rc-refgs-fd-p2-lite-complete-metrics-ablation-table-2026-05-29.csv,True,absolute per-scene metric from complete ablation table
shiny_blender_synthetic,test,teapot,wo_ref,reflective_psnr,47.63656396865845,higher,docs/superpowers/logs/rc-refgs-fd-p2-lite-complete-metrics-ablation-table-2026-05-29.csv,True,absolute per-scene metric from complete ablation table
shiny_blender_synthetic,test,teapot,wo_ref,reflective_ssim,0.998547584414482,higher,docs/superpowers/logs/rc-refgs-fd-p2-lite-complete-metrics-ablation-table-2026-05-29.csv,True,absolute per-scene metric from complete ablation table
shiny_blender_synthetic,test,teapot,wo_ref,reflective_lpips,0.0013358622857776,lower,docs/superpowers/logs/rc-refgs-fd-p2-lite-complete-metrics-ablation-table-2026-05-29.csv,True,absolute per-scene metric from complete ablation table
shiny_blender_synthetic,test,teapot,wo_ref,valid_pair_count,10.0,count,docs/superpowers/logs/rc-refgs-fd-p2-lite-complete-metrics-ablation-table-2026-05-29.csv,True,absolute per-scene metric from complete ablation table
shiny_blender_synthetic,test,teapot,wo_ref,num_pairs,10.0,count,docs/superpowers/logs/rc-refgs-fd-p2-lite-complete-metrics-ablation-table-2026-05-29.csv,True,absolute per-scene metric from complete ablation table
shiny_blender_synthetic,test,teapot,wo_ref,num_images,200.0,count,docs/superpowers/logs/rc-refgs-fd-p2-lite-complete-metrics-ablation-table-2026-05-29.csv,True,absolute per-scene metric from complete ablation table
shiny_blender_synthetic,test,teapot,wo_conf,mean_reflection_consistency,0.0038279443979263,lower,docs/superpowers/logs/rc-refgs-fd-p2-lite-complete-metrics-ablation-table-2026-05-29.csv,True,absolute per-scene metric from complete ablation table
shiny_blender_synthetic,test,teapot,wo_conf,reflective_region_psnr,39.253265380859375,higher,docs/superpowers/logs/rc-refgs-fd-p2-lite-complete-metrics-ablation-table-2026-05-29.csv,True,absolute per-scene metric from complete ablation table
shiny_blender_synthetic,test,teapot,wo_conf,full_psnr,46.29697006225586,higher,docs/superpowers/logs/rc-refgs-fd-p2-lite-complete-metrics-ablation-table-2026-05-29.csv,True,absolute per-scene metric from complete ablation table
shiny_blender_synthetic,test,teapot,wo_conf,full_ssim,0.9975512826442718,higher,docs/superpowers/logs/rc-refgs-fd-p2-lite-complete-metrics-ablation-table-2026-05-29.csv,True,absolute per-scene metric from complete ablation table
shiny_blender_synthetic,test,teapot,wo_conf,full_lpips,0.0033843434703885,lower,docs/superpowers/logs/rc-refgs-fd-p2-lite-complete-metrics-ablation-table-2026-05-29.csv,True,absolute per-scene metric from complete ablation table
shiny_blender_synthetic,test,teapot,wo_conf,reflective_psnr,47.63831825256348,higher,docs/superpowers/logs/rc-refgs-fd-p2-lite-complete-metrics-ablation-table-2026-05-29.csv,True,absolute per-scene metric from complete ablation table
shiny_blender_synthetic,test,teapot,wo_conf,reflective_ssim,0.998628890812397,higher,docs/superpowers/logs/rc-refgs-fd-p2-lite-complete-metrics-ablation-table-2026-05-29.csv,True,absolute per-scene metric from complete ablation table
shiny_blender_synthetic,test,teapot,wo_conf,reflective_lpips,0.0013113412530219,lower,docs/superpowers/logs/rc-refgs-fd-p2-lite-complete-metrics-ablation-table-2026-05-29.csv,True,absolute per-scene metric from complete ablation table
shiny_blender_synthetic,test,teapot,wo_conf,valid_pair_count,10.0,count,docs/superpowers/logs/rc-refgs-fd-p2-lite-complete-metrics-ablation-table-2026-05-29.csv,True,absolute per-scene metric from complete ablation table
shiny_blender_synthetic,test,teapot,wo_conf,num_pairs,10.0,count,docs/superpowers/logs/rc-refgs-fd-p2-lite-complete-metrics-ablation-table-2026-05-29.csv,True,absolute per-scene metric from complete ablation table
shiny_blender_synthetic,test,teapot,wo_conf,num_images,200.0,count,docs/superpowers/logs/rc-refgs-fd-p2-lite-complete-metrics-ablation-table-2026-05-29.csv,True,absolute per-scene metric from complete ablation table
shiny_blender_synthetic,test,teapot,rough_only,mean_reflection_consistency,0.0039735382888466,lower,docs/superpowers/logs/rc-refgs-fd-p2-lite-complete-metrics-ablation-table-2026-05-29.csv,True,absolute per-scene metric from complete ablation table
shiny_blender_synthetic,test,teapot,rough_only,reflective_region_psnr,39.31751365661621,higher,docs/superpowers/logs/rc-refgs-fd-p2-lite-complete-metrics-ablation-table-2026-05-29.csv,True,absolute per-scene metric from complete ablation table
shiny_blender_synthetic,test,teapot,rough_only,full_psnr,46.19289987564087,higher,docs/superpowers/logs/rc-refgs-fd-p2-lite-complete-metrics-ablation-table-2026-05-29.csv,True,absolute per-scene metric from complete ablation table
shiny_blender_synthetic,test,teapot,rough_only,full_ssim,0.9975529009103776,higher,docs/superpowers/logs/rc-refgs-fd-p2-lite-complete-metrics-ablation-table-2026-05-29.csv,True,absolute per-scene metric from complete ablation table
shiny_blender_synthetic,test,teapot,rough_only,full_lpips,0.0033447947711101,lower,docs/superpowers/logs/rc-refgs-fd-p2-lite-complete-metrics-ablation-table-2026-05-29.csv,True,absolute per-scene metric from complete ablation table
shiny_blender_synthetic,test,teapot,rough_only,reflective_psnr,47.279160861969,higher,docs/superpowers/logs/rc-refgs-fd-p2-lite-complete-metrics-ablation-table-2026-05-29.csv,True,absolute per-scene metric from complete ablation table
shiny_blender_synthetic,test,teapot,rough_only,reflective_ssim,0.9986021715402604,higher,docs/superpowers/logs/rc-refgs-fd-p2-lite-complete-metrics-ablation-table-2026-05-29.csv,True,absolute per-scene metric from complete ablation table
shiny_blender_synthetic,test,teapot,rough_only,reflective_lpips,0.0011491330778517,lower,docs/superpowers/logs/rc-refgs-fd-p2-lite-complete-metrics-ablation-table-2026-05-29.csv,True,absolute per-scene metric from complete ablation table
shiny_blender_synthetic,test,teapot,rough_only,valid_pair_count,10.0,count,docs/superpowers/logs/rc-refgs-fd-p2-lite-complete-metrics-ablation-table-2026-05-29.csv,True,absolute per-scene metric from complete ablation table
shiny_blender_synthetic,test,teapot,rough_only,num_pairs,10.0,count,docs/superpowers/logs/rc-refgs-fd-p2-lite-complete-metrics-ablation-table-2026-05-29.csv,True,absolute per-scene metric from complete ablation table
shiny_blender_synthetic,test,teapot,rough_only,num_images,200.0,count,docs/superpowers/logs/rc-refgs-fd-p2-lite-complete-metrics-ablation-table-2026-05-29.csv,True,absolute per-scene metric from complete ablation table
shiny_blender_synthetic,test,toaster,base,mean_reflection_consistency,0.1054574780166149,lower,docs/superpowers/logs/rc-refgs-fd-p2-lite-final-main-summary-2026-06-01.csv,True,absolute per-scene metric from final main summary; included as base/rc variants for ablation comparison
shiny_blender_synthetic,test,toaster,base,reflective_region_psnr,22.386799240112303,higher,docs/superpowers/logs/rc-refgs-fd-p2-lite-final-main-summary-2026-06-01.csv,True,absolute per-scene metric from final main summary; included as base/rc variants for ablation comparison
shiny_blender_synthetic,test,toaster,base,full_psnr,27.33903795242309,higher,docs/superpowers/logs/rc-refgs-fd-p2-lite-final-main-summary-2026-06-01.csv,True,absolute per-scene metric from final main summary; included as base/rc variants for ablation comparison
shiny_blender_synthetic,test,toaster,base,full_ssim,0.9499877572059632,higher,docs/superpowers/logs/rc-refgs-fd-p2-lite-final-main-summary-2026-06-01.csv,True,absolute per-scene metric from final main summary; included as base/rc variants for ablation comparison
shiny_blender_synthetic,test,toaster,base,full_lpips,0.0569001308642327,lower,docs/superpowers/logs/rc-refgs-fd-p2-lite-final-main-summary-2026-06-01.csv,True,absolute per-scene metric from final main summary; included as base/rc variants for ablation comparison
shiny_blender_synthetic,test,toaster,base,reflective_psnr,28.69510087013245,higher,docs/superpowers/logs/rc-refgs-fd-p2-lite-final-main-summary-2026-06-01.csv,True,absolute per-scene metric from final main summary; included as base/rc variants for ablation comparison
shiny_blender_synthetic,test,toaster,base,reflective_ssim,0.970665411055088,higher,docs/superpowers/logs/rc-refgs-fd-p2-lite-final-main-summary-2026-06-01.csv,True,absolute per-scene metric from final main summary; included as base/rc variants for ablation comparison
shiny_blender_synthetic,test,toaster,base,reflective_lpips,0.0377001940226182,lower,docs/superpowers/logs/rc-refgs-fd-p2-lite-final-main-summary-2026-06-01.csv,True,absolute per-scene metric from final main summary; included as base/rc variants for ablation comparison
shiny_blender_synthetic,test,toaster,base,valid_pair_count,10.0,count,docs/superpowers/logs/rc-refgs-fd-p2-lite-main-table-2026-05-29.csv,True,pair-count metric from earlier main consistency table; included as base/rc variants for ablation comparison
shiny_blender_synthetic,test,toaster,rc,mean_reflection_consistency,0.0572132058441638,lower,docs/superpowers/logs/rc-refgs-fd-p2-lite-final-main-summary-2026-06-01.csv,True,absolute per-scene metric from final main summary; included as base/rc variants for ablation comparison
shiny_blender_synthetic,test,toaster,rc,reflective_region_psnr,22.110078430175783,higher,docs/superpowers/logs/rc-refgs-fd-p2-lite-final-main-summary-2026-06-01.csv,True,absolute per-scene metric from final main summary; included as base/rc variants for ablation comparison
shiny_blender_synthetic,test,toaster,rc,full_psnr,27.163185234069825,higher,docs/superpowers/logs/rc-refgs-fd-p2-lite-final-main-summary-2026-06-01.csv,True,absolute per-scene metric from final main summary; included as base/rc variants for ablation comparison
shiny_blender_synthetic,test,toaster,rc,full_ssim,0.9491659086942672,higher,docs/superpowers/logs/rc-refgs-fd-p2-lite-final-main-summary-2026-06-01.csv,True,absolute per-scene metric from final main summary; included as base/rc variants for ablation comparison
shiny_blender_synthetic,test,toaster,rc,full_lpips,0.0584307136479765,lower,docs/superpowers/logs/rc-refgs-fd-p2-lite-final-main-summary-2026-06-01.csv,True,absolute per-scene metric from final main summary; included as base/rc variants for ablation comparison
shiny_blender_synthetic,test,toaster,rc,reflective_psnr,28.54051815032959,higher,docs/superpowers/logs/rc-refgs-fd-p2-lite-final-main-summary-2026-06-01.csv,True,absolute per-scene metric from final main summary; included as base/rc variants for ablation comparison
shiny_blender_synthetic,test,toaster,rc,reflective_ssim,0.9706967735290528,higher,docs/superpowers/logs/rc-refgs-fd-p2-lite-final-main-summary-2026-06-01.csv,True,absolute per-scene metric from final main summary; included as base/rc variants for ablation comparison
shiny_blender_synthetic,test,toaster,rc,reflective_lpips,0.0377627966739237,lower,docs/superpowers/logs/rc-refgs-fd-p2-lite-final-main-summary-2026-06-01.csv,True,absolute per-scene metric from final main summary; included as base/rc variants for ablation comparison
shiny_blender_synthetic,test,toaster,rc,valid_pair_count,10.0,count,docs/superpowers/logs/rc-refgs-fd-p2-lite-main-table-2026-05-29.csv,True,pair-count metric from earlier main consistency table; included as base/rc variants for ablation comparison
shiny_blender_synthetic,test,toaster,wo_ref,mean_reflection_consistency,0.1361053086817264,lower,docs/superpowers/logs/rc-refgs-fd-p2-lite-complete-metrics-ablation-table-2026-05-29.csv,True,absolute per-scene metric from complete ablation table
shiny_blender_synthetic,test,toaster,wo_ref,reflective_region_psnr,22.40520915985108,higher,docs/superpowers/logs/rc-refgs-fd-p2-lite-complete-metrics-ablation-table-2026-05-29.csv,True,absolute per-scene metric from complete ablation table
shiny_blender_synthetic,test,toaster,wo_ref,full_psnr,27.315858478546144,higher,docs/superpowers/logs/rc-refgs-fd-p2-lite-complete-metrics-ablation-table-2026-05-29.csv,True,absolute per-scene metric from complete ablation table
shiny_blender_synthetic,test,toaster,wo_ref,full_ssim,0.9500480517745018,higher,docs/superpowers/logs/rc-refgs-fd-p2-lite-complete-metrics-ablation-table-2026-05-29.csv,True,absolute per-scene metric from complete ablation table
shiny_blender_synthetic,test,toaster,wo_ref,full_lpips,0.0571282803080976,lower,docs/superpowers/logs/rc-refgs-fd-p2-lite-complete-metrics-ablation-table-2026-05-29.csv,True,absolute per-scene metric from complete ablation table
shiny_blender_synthetic,test,toaster,wo_ref,reflective_psnr,28.57568362236023,higher,docs/superpowers/logs/rc-refgs-fd-p2-lite-complete-metrics-ablation-table-2026-05-29.csv,True,absolute per-scene metric from complete ablation table
shiny_blender_synthetic,test,toaster,wo_ref,reflective_ssim,0.9706491005420684,higher,docs/superpowers/logs/rc-refgs-fd-p2-lite-complete-metrics-ablation-table-2026-05-29.csv,True,absolute per-scene metric from complete ablation table
shiny_blender_synthetic,test,toaster,wo_ref,reflective_lpips,0.0376972170826047,lower,docs/superpowers/logs/rc-refgs-fd-p2-lite-complete-metrics-ablation-table-2026-05-29.csv,True,absolute per-scene metric from complete ablation table
shiny_blender_synthetic,test,toaster,wo_ref,valid_pair_count,10.0,count,docs/superpowers/logs/rc-refgs-fd-p2-lite-complete-metrics-ablation-table-2026-05-29.csv,True,absolute per-scene metric from complete ablation table
shiny_blender_synthetic,test,toaster,wo_ref,num_pairs,10.0,count,docs/superpowers/logs/rc-refgs-fd-p2-lite-complete-metrics-ablation-table-2026-05-29.csv,True,absolute per-scene metric from complete ablation table
shiny_blender_synthetic,test,toaster,wo_ref,num_images,200.0,count,docs/superpowers/logs/rc-refgs-fd-p2-lite-complete-metrics-ablation-table-2026-05-29.csv,True,absolute per-scene metric from complete ablation table
shiny_blender_synthetic,test,toaster,wo_conf,mean_reflection_consistency,0.0671816974878311,lower,docs/superpowers/logs/rc-refgs-fd-p2-lite-complete-metrics-ablation-table-2026-05-29.csv,True,absolute per-scene metric from complete ablation table
shiny_blender_synthetic,test,toaster,wo_conf,reflective_region_psnr,21.731643295288087,higher,docs/superpowers/logs/rc-refgs-fd-p2-lite-complete-metrics-ablation-table-2026-05-29.csv,True,absolute per-scene metric from complete ablation table
shiny_blender_synthetic,test,toaster,wo_conf,full_psnr,26.95472375869751,higher,docs/superpowers/logs/rc-refgs-fd-p2-lite-complete-metrics-ablation-table-2026-05-29.csv,True,absolute per-scene metric from complete ablation table
shiny_blender_synthetic,test,toaster,wo_conf,full_ssim,0.9486081233620643,higher,docs/superpowers/logs/rc-refgs-fd-p2-lite-complete-metrics-ablation-table-2026-05-29.csv,True,absolute per-scene metric from complete ablation table
shiny_blender_synthetic,test,toaster,wo_conf,full_lpips,0.0590239151380956,lower,docs/superpowers/logs/rc-refgs-fd-p2-lite-complete-metrics-ablation-table-2026-05-29.csv,True,absolute per-scene metric from complete ablation table
shiny_blender_synthetic,test,toaster,wo_conf,reflective_psnr,28.13719407081604,higher,docs/superpowers/logs/rc-refgs-fd-p2-lite-complete-metrics-ablation-table-2026-05-29.csv,True,absolute per-scene metric from complete ablation table
shiny_blender_synthetic,test,toaster,wo_conf,reflective_ssim,0.969327735900879,higher,docs/superpowers/logs/rc-refgs-fd-p2-lite-complete-metrics-ablation-table-2026-05-29.csv,True,absolute per-scene metric from complete ablation table
shiny_blender_synthetic,test,toaster,wo_conf,reflective_lpips,0.0391170453559607,lower,docs/superpowers/logs/rc-refgs-fd-p2-lite-complete-metrics-ablation-table-2026-05-29.csv,True,absolute per-scene metric from complete ablation table
shiny_blender_synthetic,test,toaster,wo_conf,valid_pair_count,10.0,count,docs/superpowers/logs/rc-refgs-fd-p2-lite-complete-metrics-ablation-table-2026-05-29.csv,True,absolute per-scene metric from complete ablation table
shiny_blender_synthetic,test,toaster,wo_conf,num_pairs,10.0,count,docs/superpowers/logs/rc-refgs-fd-p2-lite-complete-metrics-ablation-table-2026-05-29.csv,True,absolute per-scene metric from complete ablation table
shiny_blender_synthetic,test,toaster,wo_conf,num_images,200.0,count,docs/superpowers/logs/rc-refgs-fd-p2-lite-complete-metrics-ablation-table-2026-05-29.csv,True,absolute per-scene metric from complete ablation table
shiny_blender_synthetic,test,toaster,rough_only,mean_reflection_consistency,0.1118257388472557,lower,docs/superpowers/logs/rc-refgs-fd-p2-lite-complete-metrics-ablation-table-2026-05-29.csv,True,absolute per-scene metric from complete ablation table
shiny_blender_synthetic,test,toaster,rough_only,reflective_region_psnr,21.566389274597167,higher,docs/superpowers/logs/rc-refgs-fd-p2-lite-complete-metrics-ablation-table-2026-05-29.csv,True,absolute per-scene metric from complete ablation table
shiny_blender_synthetic,test,toaster,rough_only,full_psnr,26.967208614349364,higher,docs/superpowers/logs/rc-refgs-fd-p2-lite-complete-metrics-ablation-table-2026-05-29.csv,True,absolute per-scene metric from complete ablation table
shiny_blender_synthetic,test,toaster,rough_only,full_ssim,0.948246913254261,higher,docs/superpowers/logs/rc-refgs-fd-p2-lite-complete-metrics-ablation-table-2026-05-29.csv,True,absolute per-scene metric from complete ablation table
shiny_blender_synthetic,test,toaster,rough_only,full_lpips,0.0592478354461491,lower,docs/superpowers/logs/rc-refgs-fd-p2-lite-complete-metrics-ablation-table-2026-05-29.csv,True,absolute per-scene metric from complete ablation table
shiny_blender_synthetic,test,toaster,rough_only,reflective_psnr,28.116705493927,higher,docs/superpowers/logs/rc-refgs-fd-p2-lite-complete-metrics-ablation-table-2026-05-29.csv,True,absolute per-scene metric from complete ablation table
shiny_blender_synthetic,test,toaster,rough_only,reflective_ssim,0.9689448875188827,higher,docs/superpowers/logs/rc-refgs-fd-p2-lite-complete-metrics-ablation-table-2026-05-29.csv,True,absolute per-scene metric from complete ablation table
shiny_blender_synthetic,test,toaster,rough_only,reflective_lpips,0.0393702985532581,lower,docs/superpowers/logs/rc-refgs-fd-p2-lite-complete-metrics-ablation-table-2026-05-29.csv,True,absolute per-scene metric from complete ablation table
shiny_blender_synthetic,test,toaster,rough_only,valid_pair_count,10.0,count,docs/superpowers/logs/rc-refgs-fd-p2-lite-complete-metrics-ablation-table-2026-05-29.csv,True,absolute per-scene metric from complete ablation table
shiny_blender_synthetic,test,toaster,rough_only,num_pairs,10.0,count,docs/superpowers/logs/rc-refgs-fd-p2-lite-complete-metrics-ablation-table-2026-05-29.csv,True,absolute per-scene metric from complete ablation table
shiny_blender_synthetic,test,toaster,rough_only,num_images,200.0,count,docs/superpowers/logs/rc-refgs-fd-p2-lite-complete-metrics-ablation-table-2026-05-29.csv,True,absolute per-scene metric from complete ablation table
