dataset,split,scene,method,metric,value,metric_direction,source_file,valid_flag,note
glossy_synthetic,train,angel,base,mean_reflection_consistency,0.1161050170660018,lower,docs/superpowers/logs/rc-refgs-fd-p2-lite-final-main-summary-2026-06-01.csv,True,absolute per-scene metric from final main summary
glossy_synthetic,train,angel,base,reflective_region_psnr,25.86960678100586,higher,docs/superpowers/logs/rc-refgs-fd-p2-lite-final-main-summary-2026-06-01.csv,True,absolute per-scene metric from final main summary
glossy_synthetic,train,angel,base,full_psnr,32.8659302847726,higher,docs/superpowers/logs/rc-refgs-fd-p2-lite-final-main-summary-2026-06-01.csv,True,absolute per-scene metric from final main summary
glossy_synthetic,train,angel,base,full_ssim,0.9742000039134708,higher,docs/superpowers/logs/rc-refgs-fd-p2-lite-final-main-summary-2026-06-01.csv,True,absolute per-scene metric from final main summary
glossy_synthetic,train,angel,base,full_lpips,0.0325455718141581,lower,docs/superpowers/logs/rc-refgs-fd-p2-lite-final-main-summary-2026-06-01.csv,True,absolute per-scene metric from final main summary
glossy_synthetic,train,angel,base,reflective_psnr,34.376462493624004,higher,docs/superpowers/logs/rc-refgs-fd-p2-lite-final-main-summary-2026-06-01.csv,True,absolute per-scene metric from final main summary
glossy_synthetic,train,angel,base,reflective_ssim,0.9835989932928768,higher,docs/superpowers/logs/rc-refgs-fd-p2-lite-final-main-summary-2026-06-01.csv,True,absolute per-scene metric from final main summary
glossy_synthetic,train,angel,base,reflective_lpips,0.0160896331570776,lower,docs/superpowers/logs/rc-refgs-fd-p2-lite-final-main-summary-2026-06-01.csv,True,absolute per-scene metric from final main summary
glossy_synthetic,train,angel,base,valid_pair_count,10.0,count,docs/superpowers/logs/rc-refgs-fd-p2-lite-main-table-2026-05-29.csv,True,pair-count metric from earlier main consistency table
glossy_synthetic,train,angel,rc,mean_reflection_consistency,0.0997577019035816,lower,docs/superpowers/logs/rc-refgs-fd-p2-lite-final-main-summary-2026-06-01.csv,True,absolute per-scene metric from final main summary
glossy_synthetic,train,angel,rc,reflective_region_psnr,26.09582443237305,higher,docs/superpowers/logs/rc-refgs-fd-p2-lite-final-main-summary-2026-06-01.csv,True,absolute per-scene metric from final main summary
glossy_synthetic,train,angel,rc,full_psnr,32.80772658756801,higher,docs/superpowers/logs/rc-refgs-fd-p2-lite-final-main-summary-2026-06-01.csv,True,absolute per-scene metric from final main summary
glossy_synthetic,train,angel,rc,full_ssim,0.9744968760226456,higher,docs/superpowers/logs/rc-refgs-fd-p2-lite-final-main-summary-2026-06-01.csv,True,absolute per-scene metric from final main summary
glossy_synthetic,train,angel,rc,full_lpips,0.0324710208057825,lower,docs/superpowers/logs/rc-refgs-fd-p2-lite-final-main-summary-2026-06-01.csv,True,absolute per-scene metric from final main summary
glossy_synthetic,train,angel,rc,reflective_psnr,34.23360657691956,higher,docs/superpowers/logs/rc-refgs-fd-p2-lite-final-main-summary-2026-06-01.csv,True,absolute per-scene metric from final main summary
glossy_synthetic,train,angel,rc,reflective_ssim,0.9837508334645204,higher,docs/superpowers/logs/rc-refgs-fd-p2-lite-final-main-summary-2026-06-01.csv,True,absolute per-scene metric from final main summary
glossy_synthetic,train,angel,rc,reflective_lpips,0.0163719008227677,lower,docs/superpowers/logs/rc-refgs-fd-p2-lite-final-main-summary-2026-06-01.csv,True,absolute per-scene metric from final main summary
glossy_synthetic,train,angel,rc,valid_pair_count,10.0,count,docs/superpowers/logs/rc-refgs-fd-p2-lite-main-table-2026-05-29.csv,True,pair-count metric from earlier main consistency table
glossy_synthetic,train,bell,base,mean_reflection_consistency,0.1478155322372913,lower,docs/superpowers/logs/rc-refgs-fd-p2-lite-final-main-summary-2026-06-01.csv,True,absolute per-scene metric from final main summary
glossy_synthetic,train,bell,base,reflective_region_psnr,28.298690032958984,higher,docs/superpowers/logs/rc-refgs-fd-p2-lite-final-main-summary-2026-06-01.csv,True,absolute per-scene metric from final main summary
glossy_synthetic,train,bell,base,full_psnr,34.258189473833355,higher,docs/superpowers/logs/rc-refgs-fd-p2-lite-final-main-summary-2026-06-01.csv,True,absolute per-scene metric from final main summary
glossy_synthetic,train,bell,base,full_ssim,0.976869246257203,higher,docs/superpowers/logs/rc-refgs-fd-p2-lite-final-main-summary-2026-06-01.csv,True,absolute per-scene metric from final main summary
glossy_synthetic,train,bell,base,full_lpips,0.032542489834928,lower,docs/superpowers/logs/rc-refgs-fd-p2-lite-final-main-summary-2026-06-01.csv,True,absolute per-scene metric from final main summary
glossy_synthetic,train,bell,base,reflective_psnr,34.90486281258719,higher,docs/superpowers/logs/rc-refgs-fd-p2-lite-final-main-summary-2026-06-01.csv,True,absolute per-scene metric from final main summary
glossy_synthetic,train,bell,base,reflective_ssim,0.9790980273059436,higher,docs/superpowers/logs/rc-refgs-fd-p2-lite-final-main-summary-2026-06-01.csv,True,absolute per-scene metric from final main summary
glossy_synthetic,train,bell,base,reflective_lpips,0.0260024357786668,lower,docs/superpowers/logs/rc-refgs-fd-p2-lite-final-main-summary-2026-06-01.csv,True,absolute per-scene metric from final main summary
glossy_synthetic,train,bell,base,valid_pair_count,10.0,count,docs/superpowers/logs/rc-refgs-fd-p2-lite-main-table-2026-05-29.csv,True,pair-count metric from earlier main consistency table
glossy_synthetic,train,bell,rc,mean_reflection_consistency,0.1433430403470993,lower,docs/superpowers/logs/rc-refgs-fd-p2-lite-final-main-summary-2026-06-01.csv,True,absolute per-scene metric from final main summary
glossy_synthetic,train,bell,rc,reflective_region_psnr,28.27375888824463,higher,docs/superpowers/logs/rc-refgs-fd-p2-lite-final-main-summary-2026-06-01.csv,True,absolute per-scene metric from final main summary
glossy_synthetic,train,bell,rc,full_psnr,34.27323712621416,higher,docs/superpowers/logs/rc-refgs-fd-p2-lite-final-main-summary-2026-06-01.csv,True,absolute per-scene metric from final main summary
glossy_synthetic,train,bell,rc,full_ssim,0.9775770684438092,higher,docs/superpowers/logs/rc-refgs-fd-p2-lite-final-main-summary-2026-06-01.csv,True,absolute per-scene metric from final main summary
glossy_synthetic,train,bell,rc,full_lpips,0.0309785973846114,lower,docs/superpowers/logs/rc-refgs-fd-p2-lite-final-main-summary-2026-06-01.csv,True,absolute per-scene metric from final main summary
glossy_synthetic,train,bell,rc,reflective_psnr,34.9207432610648,higher,docs/superpowers/logs/rc-refgs-fd-p2-lite-final-main-summary-2026-06-01.csv,True,absolute per-scene metric from final main summary
glossy_synthetic,train,bell,rc,reflective_ssim,0.9798789471387864,higher,docs/superpowers/logs/rc-refgs-fd-p2-lite-final-main-summary-2026-06-01.csv,True,absolute per-scene metric from final main summary
glossy_synthetic,train,bell,rc,reflective_lpips,0.0244719251890533,lower,docs/superpowers/logs/rc-refgs-fd-p2-lite-final-main-summary-2026-06-01.csv,True,absolute per-scene metric from final main summary
glossy_synthetic,train,bell,rc,valid_pair_count,10.0,count,docs/superpowers/logs/rc-refgs-fd-p2-lite-main-table-2026-05-29.csv,True,pair-count metric from earlier main consistency table
glossy_synthetic,train,cat,base,mean_reflection_consistency,0.1224585108458995,lower,docs/superpowers/logs/rc-refgs-fd-p2-lite-final-main-summary-2026-06-01.csv,True,absolute per-scene metric from final main summary
glossy_synthetic,train,cat,base,reflective_region_psnr,28.26777744293213,higher,docs/superpowers/logs/rc-refgs-fd-p2-lite-final-main-summary-2026-06-01.csv,True,absolute per-scene metric from final main summary
glossy_synthetic,train,cat,base,full_psnr,36.00860548019409,higher,docs/superpowers/logs/rc-refgs-fd-p2-lite-final-main-summary-2026-06-01.csv,True,absolute per-scene metric from final main summary
glossy_synthetic,train,cat,base,full_ssim,0.9855903860713754,higher,docs/superpowers/logs/rc-refgs-fd-p2-lite-final-main-summary-2026-06-01.csv,True,absolute per-scene metric from final main summary
glossy_synthetic,train,cat,base,full_lpips,0.0293366401788911,lower,docs/superpowers/logs/rc-refgs-fd-p2-lite-final-main-summary-2026-06-01.csv,True,absolute per-scene metric from final main summary
glossy_synthetic,train,cat,base,reflective_psnr,36.98094197681972,higher,docs/superpowers/logs/rc-refgs-fd-p2-lite-final-main-summary-2026-06-01.csv,True,absolute per-scene metric from final main summary
glossy_synthetic,train,cat,base,reflective_ssim,0.989677577146462,higher,docs/superpowers/logs/rc-refgs-fd-p2-lite-final-main-summary-2026-06-01.csv,True,absolute per-scene metric from final main summary
glossy_synthetic,train,cat,base,reflective_lpips,0.0180683377298659,lower,docs/superpowers/logs/rc-refgs-fd-p2-lite-final-main-summary-2026-06-01.csv,True,absolute per-scene metric from final main summary
glossy_synthetic,train,cat,base,valid_pair_count,10.0,count,docs/superpowers/logs/rc-refgs-fd-p2-lite-main-table-2026-05-29.csv,True,pair-count metric from earlier main consistency table
glossy_synthetic,train,cat,rc,mean_reflection_consistency,0.1153977930545806,lower,docs/superpowers/logs/rc-refgs-fd-p2-lite-final-main-summary-2026-06-01.csv,True,absolute per-scene metric from final main summary
glossy_synthetic,train,cat,rc,reflective_region_psnr,28.245301818847658,higher,docs/superpowers/logs/rc-refgs-fd-p2-lite-final-main-summary-2026-06-01.csv,True,absolute per-scene metric from final main summary
glossy_synthetic,train,cat,rc,full_psnr,36.03758927753994,higher,docs/superpowers/logs/rc-refgs-fd-p2-lite-final-main-summary-2026-06-01.csv,True,absolute per-scene metric from final main summary
glossy_synthetic,train,cat,rc,full_ssim,0.9857039712369442,higher,docs/superpowers/logs/rc-refgs-fd-p2-lite-final-main-summary-2026-06-01.csv,True,absolute per-scene metric from final main summary
glossy_synthetic,train,cat,rc,full_lpips,0.0291747528826817,lower,docs/superpowers/logs/rc-refgs-fd-p2-lite-final-main-summary-2026-06-01.csv,True,absolute per-scene metric from final main summary
glossy_synthetic,train,cat,rc,reflective_psnr,36.875485352107454,higher,docs/superpowers/logs/rc-refgs-fd-p2-lite-final-main-summary-2026-06-01.csv,True,absolute per-scene metric from final main summary
glossy_synthetic,train,cat,rc,reflective_ssim,0.9890196302107402,higher,docs/superpowers/logs/rc-refgs-fd-p2-lite-final-main-summary-2026-06-01.csv,True,absolute per-scene metric from final main summary
glossy_synthetic,train,cat,rc,reflective_lpips,0.0188038112329585,lower,docs/superpowers/logs/rc-refgs-fd-p2-lite-final-main-summary-2026-06-01.csv,True,absolute per-scene metric from final main summary
glossy_synthetic,train,cat,rc,valid_pair_count,10.0,count,docs/superpowers/logs/rc-refgs-fd-p2-lite-main-table-2026-05-29.csv,True,pair-count metric from earlier main consistency table
glossy_synthetic,train,horse,base,mean_reflection_consistency,0.1993733793497085,lower,docs/superpowers/logs/rc-refgs-fd-p2-lite-final-main-summary-2026-06-01.csv,True,absolute per-scene metric from final main summary
glossy_synthetic,train,horse,base,reflective_region_psnr,24.13563022613525,higher,docs/superpowers/logs/rc-refgs-fd-p2-lite-final-main-summary-2026-06-01.csv,True,absolute per-scene metric from final main summary
glossy_synthetic,train,horse,base,full_psnr,30.47383063180106,higher,docs/superpowers/logs/rc-refgs-fd-p2-lite-final-main-summary-2026-06-01.csv,True,absolute per-scene metric from final main summary
glossy_synthetic,train,horse,base,full_ssim,0.9692279866763523,higher,docs/superpowers/logs/rc-refgs-fd-p2-lite-final-main-summary-2026-06-01.csv,True,absolute per-scene metric from final main summary
glossy_synthetic,train,horse,base,full_lpips,0.0293434990702995,lower,docs/superpowers/logs/rc-refgs-fd-p2-lite-final-main-summary-2026-06-01.csv,True,absolute per-scene metric from final main summary
glossy_synthetic,train,horse,base,reflective_psnr,32.955077852521626,higher,docs/superpowers/logs/rc-refgs-fd-p2-lite-final-main-summary-2026-06-01.csv,True,absolute per-scene metric from final main summary
glossy_synthetic,train,horse,base,reflective_ssim,0.980091870895454,higher,docs/superpowers/logs/rc-refgs-fd-p2-lite-final-main-summary-2026-06-01.csv,True,absolute per-scene metric from final main summary
glossy_synthetic,train,horse,base,reflective_lpips,0.0174163100808592,lower,docs/superpowers/logs/rc-refgs-fd-p2-lite-final-main-summary-2026-06-01.csv,True,absolute per-scene metric from final main summary
glossy_synthetic,train,horse,base,valid_pair_count,10.0,count,docs/superpowers/logs/rc-refgs-fd-p2-lite-main-table-2026-05-29.csv,True,pair-count metric from earlier main consistency table
glossy_synthetic,train,horse,rc,mean_reflection_consistency,0.178480402380228,lower,docs/superpowers/logs/rc-refgs-fd-p2-lite-final-main-summary-2026-06-01.csv,True,absolute per-scene metric from final main summary
glossy_synthetic,train,horse,rc,reflective_region_psnr,24.25545234680176,higher,docs/superpowers/logs/rc-refgs-fd-p2-lite-final-main-summary-2026-06-01.csv,True,absolute per-scene metric from final main summary
glossy_synthetic,train,horse,rc,full_psnr,30.506667528833663,higher,docs/superpowers/logs/rc-refgs-fd-p2-lite-final-main-summary-2026-06-01.csv,True,absolute per-scene metric from final main summary
glossy_synthetic,train,horse,rc,full_ssim,0.969814194632428,higher,docs/superpowers/logs/rc-refgs-fd-p2-lite-final-main-summary-2026-06-01.csv,True,absolute per-scene metric from final main summary
glossy_synthetic,train,horse,rc,full_lpips,0.0291160381498879,lower,docs/superpowers/logs/rc-refgs-fd-p2-lite-final-main-summary-2026-06-01.csv,True,absolute per-scene metric from final main summary
glossy_synthetic,train,horse,rc,reflective_psnr,33.067918624196736,higher,docs/superpowers/logs/rc-refgs-fd-p2-lite-final-main-summary-2026-06-01.csv,True,absolute per-scene metric from final main summary
glossy_synthetic,train,horse,rc,reflective_ssim,0.980128502207143,higher,docs/superpowers/logs/rc-refgs-fd-p2-lite-final-main-summary-2026-06-01.csv,True,absolute per-scene metric from final main summary
glossy_synthetic,train,horse,rc,reflective_lpips,0.0175319924850815,lower,docs/superpowers/logs/rc-refgs-fd-p2-lite-final-main-summary-2026-06-01.csv,True,absolute per-scene metric from final main summary
glossy_synthetic,train,horse,rc,valid_pair_count,10.0,count,docs/superpowers/logs/rc-refgs-fd-p2-lite-main-table-2026-05-29.csv,True,pair-count metric from earlier main consistency table
glossy_synthetic,train,luyu,base,mean_reflection_consistency,0.1188806600868701,lower,docs/superpowers/logs/rc-refgs-fd-p2-lite-final-main-summary-2026-06-01.csv,True,absolute per-scene metric from final main summary
glossy_synthetic,train,luyu,base,reflective_region_psnr,25.514339637756347,higher,docs/superpowers/logs/rc-refgs-fd-p2-lite-final-main-summary-2026-06-01.csv,True,absolute per-scene metric from final main summary
glossy_synthetic,train,luyu,base,full_psnr,32.07533998148782,higher,docs/superpowers/logs/rc-refgs-fd-p2-lite-final-main-summary-2026-06-01.csv,True,absolute per-scene metric from final main summary
glossy_synthetic,train,luyu,base,full_ssim,0.966454624065331,higher,docs/superpowers/logs/rc-refgs-fd-p2-lite-final-main-summary-2026-06-01.csv,True,absolute per-scene metric from final main summary
glossy_synthetic,train,luyu,base,full_lpips,0.0314378451855321,lower,docs/superpowers/logs/rc-refgs-fd-p2-lite-final-main-summary-2026-06-01.csv,True,absolute per-scene metric from final main summary
glossy_synthetic,train,luyu,base,reflective_psnr,33.95423786980765,higher,docs/superpowers/logs/rc-refgs-fd-p2-lite-final-main-summary-2026-06-01.csv,True,absolute per-scene metric from final main summary
glossy_synthetic,train,luyu,base,reflective_ssim,0.9796441426234586,higher,docs/superpowers/logs/rc-refgs-fd-p2-lite-final-main-summary-2026-06-01.csv,True,absolute per-scene metric from final main summary
glossy_synthetic,train,luyu,base,reflective_lpips,0.0195913613008867,lower,docs/superpowers/logs/rc-refgs-fd-p2-lite-final-main-summary-2026-06-01.csv,True,absolute per-scene metric from final main summary
glossy_synthetic,train,luyu,base,valid_pair_count,10.0,count,docs/superpowers/logs/rc-refgs-fd-p2-lite-main-table-2026-05-29.csv,True,pair-count metric from earlier main consistency table
glossy_synthetic,train,luyu,rc,mean_reflection_consistency,0.1100398741662502,lower,docs/superpowers/logs/rc-refgs-fd-p2-lite-final-main-summary-2026-06-01.csv,True,absolute per-scene metric from final main summary
glossy_synthetic,train,luyu,rc,reflective_region_psnr,24.714074897766118,higher,docs/superpowers/logs/rc-refgs-fd-p2-lite-final-main-summary-2026-06-01.csv,True,absolute per-scene metric from final main summary
glossy_synthetic,train,luyu,rc,full_psnr,31.61531347887857,higher,docs/superpowers/logs/rc-refgs-fd-p2-lite-final-main-summary-2026-06-01.csv,True,absolute per-scene metric from final main summary
glossy_synthetic,train,luyu,rc,full_ssim,0.9660793345953737,higher,docs/superpowers/logs/rc-refgs-fd-p2-lite-final-main-summary-2026-06-01.csv,True,absolute per-scene metric from final main summary
glossy_synthetic,train,luyu,rc,full_lpips,0.0326743896751265,lower,docs/superpowers/logs/rc-refgs-fd-p2-lite-final-main-summary-2026-06-01.csv,True,absolute per-scene metric from final main summary
glossy_synthetic,train,luyu,rc,reflective_psnr,33.3053354876382,higher,docs/superpowers/logs/rc-refgs-fd-p2-lite-final-main-summary-2026-06-01.csv,True,absolute per-scene metric from final main summary
glossy_synthetic,train,luyu,rc,reflective_ssim,0.9789685202496392,higher,docs/superpowers/logs/rc-refgs-fd-p2-lite-final-main-summary-2026-06-01.csv,True,absolute per-scene metric from final main summary
glossy_synthetic,train,luyu,rc,reflective_lpips,0.0212975137983448,lower,docs/superpowers/logs/rc-refgs-fd-p2-lite-final-main-summary-2026-06-01.csv,True,absolute per-scene metric from final main summary
glossy_synthetic,train,luyu,rc,valid_pair_count,10.0,count,docs/superpowers/logs/rc-refgs-fd-p2-lite-main-table-2026-05-29.csv,True,pair-count metric from earlier main consistency table
glossy_synthetic,train,potion,base,mean_reflection_consistency,0.0924010790884494,lower,docs/superpowers/logs/rc-refgs-fd-p2-lite-final-main-summary-2026-06-01.csv,True,absolute per-scene metric from final main summary
glossy_synthetic,train,potion,base,reflective_region_psnr,29.079368019104,higher,docs/superpowers/logs/rc-refgs-fd-p2-lite-final-main-summary-2026-06-01.csv,True,absolute per-scene metric from final main summary
glossy_synthetic,train,potion,base,full_psnr,34.99247983523777,higher,docs/superpowers/logs/rc-refgs-fd-p2-lite-final-main-summary-2026-06-01.csv,True,absolute per-scene metric from final main summary
glossy_synthetic,train,potion,base,full_ssim,0.9744603293282644,higher,docs/superpowers/logs/rc-refgs-fd-p2-lite-final-main-summary-2026-06-01.csv,True,absolute per-scene metric from final main summary
glossy_synthetic,train,potion,base,full_lpips,0.0493946124333888,lower,docs/superpowers/logs/rc-refgs-fd-p2-lite-final-main-summary-2026-06-01.csv,True,absolute per-scene metric from final main summary
glossy_synthetic,train,potion,base,reflective_psnr,36.19237075533186,higher,docs/superpowers/logs/rc-refgs-fd-p2-lite-final-main-summary-2026-06-01.csv,True,absolute per-scene metric from final main summary
glossy_synthetic,train,potion,base,reflective_ssim,0.9797775681529728,higher,docs/superpowers/logs/rc-refgs-fd-p2-lite-final-main-summary-2026-06-01.csv,True,absolute per-scene metric from final main summary
glossy_synthetic,train,potion,base,reflective_lpips,0.0328107241408101,lower,docs/superpowers/logs/rc-refgs-fd-p2-lite-final-main-summary-2026-06-01.csv,True,absolute per-scene metric from final main summary
glossy_synthetic,train,potion,base,valid_pair_count,10.0,count,docs/superpowers/logs/rc-refgs-fd-p2-lite-main-table-2026-05-29.csv,True,pair-count metric from earlier main consistency table
glossy_synthetic,train,potion,rc,mean_reflection_consistency,0.0871635764837265,lower,docs/superpowers/logs/rc-refgs-fd-p2-lite-final-main-summary-2026-06-01.csv,True,absolute per-scene metric from final main summary
glossy_synthetic,train,potion,rc,reflective_region_psnr,29.33946208953857,higher,docs/superpowers/logs/rc-refgs-fd-p2-lite-final-main-summary-2026-06-01.csv,True,absolute per-scene metric from final main summary
glossy_synthetic,train,potion,rc,full_psnr,35.19222099440439,higher,docs/superpowers/logs/rc-refgs-fd-p2-lite-final-main-summary-2026-06-01.csv,True,absolute per-scene metric from final main summary
glossy_synthetic,train,potion,rc,full_ssim,0.9750580276761736,higher,docs/superpowers/logs/rc-refgs-fd-p2-lite-final-main-summary-2026-06-01.csv,True,absolute per-scene metric from final main summary
glossy_synthetic,train,potion,rc,full_lpips,0.048408713856978,lower,docs/superpowers/logs/rc-refgs-fd-p2-lite-final-main-summary-2026-06-01.csv,True,absolute per-scene metric from final main summary
glossy_synthetic,train,potion,rc,reflective_psnr,36.31153321266174,higher,docs/superpowers/logs/rc-refgs-fd-p2-lite-final-main-summary-2026-06-01.csv,True,absolute per-scene metric from final main summary
glossy_synthetic,train,potion,rc,reflective_ssim,0.9798827692866324,higher,docs/superpowers/logs/rc-refgs-fd-p2-lite-final-main-summary-2026-06-01.csv,True,absolute per-scene metric from final main summary
glossy_synthetic,train,potion,rc,reflective_lpips,0.0320936947495543,lower,docs/superpowers/logs/rc-refgs-fd-p2-lite-final-main-summary-2026-06-01.csv,True,absolute per-scene metric from final main summary
glossy_synthetic,train,potion,rc,valid_pair_count,10.0,count,docs/superpowers/logs/rc-refgs-fd-p2-lite-main-table-2026-05-29.csv,True,pair-count metric from earlier main consistency table
glossy_synthetic,train,tbell,base,mean_reflection_consistency,0.2808011561632156,lower,docs/superpowers/logs/rc-refgs-fd-p2-lite-final-main-summary-2026-06-01.csv,True,absolute per-scene metric from final main summary
glossy_synthetic,train,tbell,base,reflective_region_psnr,27.632582473754884,higher,docs/superpowers/logs/rc-refgs-fd-p2-lite-final-main-summary-2026-06-01.csv,True,absolute per-scene metric from final main summary
glossy_synthetic,train,tbell,base,full_psnr,33.503919754709514,higher,docs/superpowers/logs/rc-refgs-fd-p2-lite-final-main-summary-2026-06-01.csv,True,absolute per-scene metric from final main summary
glossy_synthetic,train,tbell,base,full_ssim,0.9773495623043604,higher,docs/superpowers/logs/rc-refgs-fd-p2-lite-final-main-summary-2026-06-01.csv,True,absolute per-scene metric from final main summary
glossy_synthetic,train,tbell,base,full_lpips,0.0321990284802658,lower,docs/superpowers/logs/rc-refgs-fd-p2-lite-final-main-summary-2026-06-01.csv,True,absolute per-scene metric from final main summary
glossy_synthetic,train,tbell,base,reflective_psnr,34.00247841221945,higher,docs/superpowers/logs/rc-refgs-fd-p2-lite-final-main-summary-2026-06-01.csv,True,absolute per-scene metric from final main summary
glossy_synthetic,train,tbell,base,reflective_ssim,0.9790906640035766,higher,docs/superpowers/logs/rc-refgs-fd-p2-lite-final-main-summary-2026-06-01.csv,True,absolute per-scene metric from final main summary
glossy_synthetic,train,tbell,base,reflective_lpips,0.0259363891922735,lower,docs/superpowers/logs/rc-refgs-fd-p2-lite-final-main-summary-2026-06-01.csv,True,absolute per-scene metric from final main summary
glossy_synthetic,train,tbell,base,valid_pair_count,10.0,count,docs/superpowers/logs/rc-refgs-fd-p2-lite-main-table-2026-05-29.csv,True,pair-count metric from earlier main consistency table
glossy_synthetic,train,tbell,rc,mean_reflection_consistency,0.2262924328446388,lower,docs/superpowers/logs/rc-refgs-fd-p2-lite-final-main-summary-2026-06-01.csv,True,absolute per-scene metric from final main summary
glossy_synthetic,train,tbell,rc,reflective_region_psnr,27.312349319458008,higher,docs/superpowers/logs/rc-refgs-fd-p2-lite-final-main-summary-2026-06-01.csv,True,absolute per-scene metric from final main summary
glossy_synthetic,train,tbell,rc,full_psnr,33.58587271826608,higher,docs/superpowers/logs/rc-refgs-fd-p2-lite-final-main-summary-2026-06-01.csv,True,absolute per-scene metric from final main summary
glossy_synthetic,train,tbell,rc,full_ssim,0.977724187608276,higher,docs/superpowers/logs/rc-refgs-fd-p2-lite-final-main-summary-2026-06-01.csv,True,absolute per-scene metric from final main summary
glossy_synthetic,train,tbell,rc,full_lpips,0.0312498442695609,lower,docs/superpowers/logs/rc-refgs-fd-p2-lite-final-main-summary-2026-06-01.csv,True,absolute per-scene metric from final main summary
glossy_synthetic,train,tbell,rc,reflective_psnr,33.86807264600481,higher,docs/superpowers/logs/rc-refgs-fd-p2-lite-final-main-summary-2026-06-01.csv,True,absolute per-scene metric from final main summary
glossy_synthetic,train,tbell,rc,reflective_ssim,0.9787795426590102,higher,docs/superpowers/logs/rc-refgs-fd-p2-lite-final-main-summary-2026-06-01.csv,True,absolute per-scene metric from final main summary
glossy_synthetic,train,tbell,rc,reflective_lpips,0.0262398487123261,lower,docs/superpowers/logs/rc-refgs-fd-p2-lite-final-main-summary-2026-06-01.csv,True,absolute per-scene metric from final main summary
glossy_synthetic,train,tbell,rc,valid_pair_count,10.0,count,docs/superpowers/logs/rc-refgs-fd-p2-lite-main-table-2026-05-29.csv,True,pair-count metric from earlier main consistency table
glossy_synthetic,train,teapot,base,mean_reflection_consistency,0.3351043462753296,lower,docs/superpowers/logs/rc-refgs-fd-p2-lite-final-main-summary-2026-06-01.csv,True,absolute per-scene metric from final main summary
glossy_synthetic,train,teapot,base,reflective_region_psnr,23.052289962768555,higher,docs/superpowers/logs/rc-refgs-fd-p2-lite-final-main-summary-2026-06-01.csv,True,absolute per-scene metric from final main summary
glossy_synthetic,train,teapot,base,full_psnr,29.86964590208871,higher,docs/superpowers/logs/rc-refgs-fd-p2-lite-final-main-summary-2026-06-01.csv,True,absolute per-scene metric from final main summary
glossy_synthetic,train,teapot,base,full_ssim,0.9682701075715678,higher,docs/superpowers/logs/rc-refgs-fd-p2-lite-final-main-summary-2026-06-01.csv,True,absolute per-scene metric from final main summary
glossy_synthetic,train,teapot,base,full_lpips,0.0385867910060499,lower,docs/superpowers/logs/rc-refgs-fd-p2-lite-final-main-summary-2026-06-01.csv,True,absolute per-scene metric from final main summary
glossy_synthetic,train,teapot,base,reflective_psnr,30.510475516319275,higher,docs/superpowers/logs/rc-refgs-fd-p2-lite-final-main-summary-2026-06-01.csv,True,absolute per-scene metric from final main summary
glossy_synthetic,train,teapot,base,reflective_ssim,0.9712742785257952,higher,docs/superpowers/logs/rc-refgs-fd-p2-lite-final-main-summary-2026-06-01.csv,True,absolute per-scene metric from final main summary
glossy_synthetic,train,teapot,base,reflective_lpips,0.0329098770328398,lower,docs/superpowers/logs/rc-refgs-fd-p2-lite-final-main-summary-2026-06-01.csv,True,absolute per-scene metric from final main summary
glossy_synthetic,train,teapot,base,valid_pair_count,10.0,count,docs/superpowers/logs/rc-refgs-fd-p2-lite-main-table-2026-05-29.csv,True,pair-count metric from earlier main consistency table
glossy_synthetic,train,teapot,rc,mean_reflection_consistency,0.2942800536751747,lower,docs/superpowers/logs/rc-refgs-fd-p2-lite-final-main-summary-2026-06-01.csv,True,absolute per-scene metric from final main summary
glossy_synthetic,train,teapot,rc,reflective_region_psnr,22.8585039138794,higher,docs/superpowers/logs/rc-refgs-fd-p2-lite-final-main-summary-2026-06-01.csv,True,absolute per-scene metric from final main summary
glossy_synthetic,train,teapot,rc,full_psnr,30.01481435980116,higher,docs/superpowers/logs/rc-refgs-fd-p2-lite-final-main-summary-2026-06-01.csv,True,absolute per-scene metric from final main summary
glossy_synthetic,train,teapot,rc,full_ssim,0.9691854135266372,higher,docs/superpowers/logs/rc-refgs-fd-p2-lite-final-main-summary-2026-06-01.csv,True,absolute per-scene metric from final main summary
glossy_synthetic,train,teapot,rc,full_lpips,0.0383540912797408,lower,docs/superpowers/logs/rc-refgs-fd-p2-lite-final-main-summary-2026-06-01.csv,True,absolute per-scene metric from final main summary
glossy_synthetic,train,teapot,rc,reflective_psnr,30.47585414137159,higher,docs/superpowers/logs/rc-refgs-fd-p2-lite-final-main-summary-2026-06-01.csv,True,absolute per-scene metric from final main summary
glossy_synthetic,train,teapot,rc,reflective_ssim,0.971477758139372,higher,docs/superpowers/logs/rc-refgs-fd-p2-lite-final-main-summary-2026-06-01.csv,True,absolute per-scene metric from final main summary
glossy_synthetic,train,teapot,rc,reflective_lpips,0.0330767084877671,lower,docs/superpowers/logs/rc-refgs-fd-p2-lite-final-main-summary-2026-06-01.csv,True,absolute per-scene metric from final main summary
glossy_synthetic,train,teapot,rc,valid_pair_count,10.0,count,docs/superpowers/logs/rc-refgs-fd-p2-lite-main-table-2026-05-29.csv,True,pair-count metric from earlier main consistency table
glossy_synthetic,test,angel,base,mean_reflection_consistency,0.1224045969545841,lower,docs/superpowers/logs/rc-refgs-fd-p2-lite-final-main-summary-2026-06-01.csv,True,absolute per-scene metric from final main summary
glossy_synthetic,test,angel,base,reflective_region_psnr,22.186219787597658,higher,docs/superpowers/logs/rc-refgs-fd-p2-lite-final-main-summary-2026-06-01.csv,True,absolute per-scene metric from final main summary
glossy_synthetic,test,angel,base,full_psnr,29.736383318901066,higher,docs/superpowers/logs/rc-refgs-fd-p2-lite-final-main-summary-2026-06-01.csv,True,absolute per-scene metric from final main summary
glossy_synthetic,test,angel,base,full_ssim,0.9514805562794209,higher,docs/superpowers/logs/rc-refgs-fd-p2-lite-final-main-summary-2026-06-01.csv,True,absolute per-scene metric from final main summary
glossy_synthetic,test,angel,base,full_lpips,0.0395800936967134,lower,docs/superpowers/logs/rc-refgs-fd-p2-lite-final-main-summary-2026-06-01.csv,True,absolute per-scene metric from final main summary
glossy_synthetic,test,angel,base,reflective_psnr,31.02737820148468,higher,docs/superpowers/logs/rc-refgs-fd-p2-lite-final-main-summary-2026-06-01.csv,True,absolute per-scene metric from final main summary
glossy_synthetic,test,angel,base,reflective_ssim,0.9697593972086906,higher,docs/superpowers/logs/rc-refgs-fd-p2-lite-final-main-summary-2026-06-01.csv,True,absolute per-scene metric from final main summary
glossy_synthetic,test,angel,base,reflective_lpips,0.0227484803763218,lower,docs/superpowers/logs/rc-refgs-fd-p2-lite-final-main-summary-2026-06-01.csv,True,absolute per-scene metric from final main summary
glossy_synthetic,test,angel,base,valid_pair_count,10.0,count,docs/superpowers/logs/rc-refgs-fd-p2-lite-main-table-2026-05-29.csv,True,pair-count metric from earlier main consistency table
glossy_synthetic,test,angel,rc,mean_reflection_consistency,0.1077954076230525,lower,docs/superpowers/logs/rc-refgs-fd-p2-lite-final-main-summary-2026-06-01.csv,True,absolute per-scene metric from final main summary
glossy_synthetic,test,angel,rc,reflective_region_psnr,22.699249267578125,higher,docs/superpowers/logs/rc-refgs-fd-p2-lite-final-main-summary-2026-06-01.csv,True,absolute per-scene metric from final main summary
glossy_synthetic,test,angel,rc,full_psnr,29.881834983825684,higher,docs/superpowers/logs/rc-refgs-fd-p2-lite-final-main-summary-2026-06-01.csv,True,absolute per-scene metric from final main summary
glossy_synthetic,test,angel,rc,full_ssim,0.9524393528699876,higher,docs/superpowers/logs/rc-refgs-fd-p2-lite-final-main-summary-2026-06-01.csv,True,absolute per-scene metric from final main summary
glossy_synthetic,test,angel,rc,full_lpips,0.0393520023208111,lower,docs/superpowers/logs/rc-refgs-fd-p2-lite-final-main-summary-2026-06-01.csv,True,absolute per-scene metric from final main summary
glossy_synthetic,test,angel,rc,reflective_psnr,31.093984007835388,higher,docs/superpowers/logs/rc-refgs-fd-p2-lite-final-main-summary-2026-06-01.csv,True,absolute per-scene metric from final main summary
glossy_synthetic,test,angel,rc,reflective_ssim,0.9696534723043442,higher,docs/superpowers/logs/rc-refgs-fd-p2-lite-final-main-summary-2026-06-01.csv,True,absolute per-scene metric from final main summary
glossy_synthetic,test,angel,rc,reflective_lpips,0.022523145424202,lower,docs/superpowers/logs/rc-refgs-fd-p2-lite-final-main-summary-2026-06-01.csv,True,absolute per-scene metric from final main summary
glossy_synthetic,test,angel,rc,valid_pair_count,10.0,count,docs/superpowers/logs/rc-refgs-fd-p2-lite-main-table-2026-05-29.csv,True,pair-count metric from earlier main consistency table
glossy_synthetic,test,bell,base,mean_reflection_consistency,0.109719630330801,lower,docs/superpowers/logs/rc-refgs-fd-p2-lite-final-main-summary-2026-06-01.csv,True,absolute per-scene metric from final main summary
glossy_synthetic,test,bell,base,reflective_region_psnr,25.546735572814946,higher,docs/superpowers/logs/rc-refgs-fd-p2-lite-final-main-summary-2026-06-01.csv,True,absolute per-scene metric from final main summary
glossy_synthetic,test,bell,base,full_psnr,31.637834668159485,higher,docs/superpowers/logs/rc-refgs-fd-p2-lite-final-main-summary-2026-06-01.csv,True,absolute per-scene metric from final main summary
glossy_synthetic,test,bell,base,full_ssim,0.9630710706114768,higher,docs/superpowers/logs/rc-refgs-fd-p2-lite-final-main-summary-2026-06-01.csv,True,absolute per-scene metric from final main summary
glossy_synthetic,test,bell,base,full_lpips,0.0417090912815183,lower,docs/superpowers/logs/rc-refgs-fd-p2-lite-final-main-summary-2026-06-01.csv,True,absolute per-scene metric from final main summary
glossy_synthetic,test,bell,base,reflective_psnr,32.164868116378784,higher,docs/superpowers/logs/rc-refgs-fd-p2-lite-final-main-summary-2026-06-01.csv,True,absolute per-scene metric from final main summary
glossy_synthetic,test,bell,base,reflective_ssim,0.9666688106954098,higher,docs/superpowers/logs/rc-refgs-fd-p2-lite-final-main-summary-2026-06-01.csv,True,absolute per-scene metric from final main summary
glossy_synthetic,test,bell,base,reflective_lpips,0.0347917609615251,lower,docs/superpowers/logs/rc-refgs-fd-p2-lite-final-main-summary-2026-06-01.csv,True,absolute per-scene metric from final main summary
glossy_synthetic,test,bell,base,valid_pair_count,10.0,count,docs/superpowers/logs/rc-refgs-fd-p2-lite-main-table-2026-05-29.csv,True,pair-count metric from earlier main consistency table
glossy_synthetic,test,bell,rc,mean_reflection_consistency,0.1077431581914424,lower,docs/superpowers/logs/rc-refgs-fd-p2-lite-final-main-summary-2026-06-01.csv,True,absolute per-scene metric from final main summary
glossy_synthetic,test,bell,rc,reflective_region_psnr,25.735924339294435,higher,docs/superpowers/logs/rc-refgs-fd-p2-lite-final-main-summary-2026-06-01.csv,True,absolute per-scene metric from final main summary
glossy_synthetic,test,bell,rc,full_psnr,31.77191960811615,higher,docs/superpowers/logs/rc-refgs-fd-p2-lite-final-main-summary-2026-06-01.csv,True,absolute per-scene metric from final main summary
glossy_synthetic,test,bell,rc,full_ssim,0.964034728705883,higher,docs/superpowers/logs/rc-refgs-fd-p2-lite-final-main-summary-2026-06-01.csv,True,absolute per-scene metric from final main summary
glossy_synthetic,test,bell,rc,full_lpips,0.0390872552525252,lower,docs/superpowers/logs/rc-refgs-fd-p2-lite-final-main-summary-2026-06-01.csv,True,absolute per-scene metric from final main summary
glossy_synthetic,test,bell,rc,reflective_psnr,32.3101943731308,higher,docs/superpowers/logs/rc-refgs-fd-p2-lite-final-main-summary-2026-06-01.csv,True,absolute per-scene metric from final main summary
glossy_synthetic,test,bell,rc,reflective_ssim,0.9678541906177998,higher,docs/superpowers/logs/rc-refgs-fd-p2-lite-final-main-summary-2026-06-01.csv,True,absolute per-scene metric from final main summary
glossy_synthetic,test,bell,rc,reflective_lpips,0.0321149375522509,lower,docs/superpowers/logs/rc-refgs-fd-p2-lite-final-main-summary-2026-06-01.csv,True,absolute per-scene metric from final main summary
glossy_synthetic,test,bell,rc,valid_pair_count,10.0,count,docs/superpowers/logs/rc-refgs-fd-p2-lite-main-table-2026-05-29.csv,True,pair-count metric from earlier main consistency table
glossy_synthetic,test,cat,base,mean_reflection_consistency,0.156605814397335,lower,docs/superpowers/logs/rc-refgs-fd-p2-lite-final-main-summary-2026-06-01.csv,True,absolute per-scene metric from final main summary
glossy_synthetic,test,cat,base,reflective_region_psnr,27.2645055770874,higher,docs/superpowers/logs/rc-refgs-fd-p2-lite-final-main-summary-2026-06-01.csv,True,absolute per-scene metric from final main summary
glossy_synthetic,test,cat,base,full_psnr,33.29552483558655,higher,docs/superpowers/logs/rc-refgs-fd-p2-lite-final-main-summary-2026-06-01.csv,True,absolute per-scene metric from final main summary
glossy_synthetic,test,cat,base,full_ssim,0.974674727767706,higher,docs/superpowers/logs/rc-refgs-fd-p2-lite-final-main-summary-2026-06-01.csv,True,absolute per-scene metric from final main summary
glossy_synthetic,test,cat,base,full_lpips,0.0384301677113398,lower,docs/superpowers/logs/rc-refgs-fd-p2-lite-final-main-summary-2026-06-01.csv,True,absolute per-scene metric from final main summary
glossy_synthetic,test,cat,base,reflective_psnr,34.4962375164032,higher,docs/superpowers/logs/rc-refgs-fd-p2-lite-final-main-summary-2026-06-01.csv,True,absolute per-scene metric from final main summary
glossy_synthetic,test,cat,base,reflective_ssim,0.9824726916849612,higher,docs/superpowers/logs/rc-refgs-fd-p2-lite-final-main-summary-2026-06-01.csv,True,absolute per-scene metric from final main summary
glossy_synthetic,test,cat,base,reflective_lpips,0.0237028880510479,lower,docs/superpowers/logs/rc-refgs-fd-p2-lite-final-main-summary-2026-06-01.csv,True,absolute per-scene metric from final main summary
glossy_synthetic,test,cat,base,valid_pair_count,10.0,count,docs/superpowers/logs/rc-refgs-fd-p2-lite-main-table-2026-05-29.csv,True,pair-count metric from earlier main consistency table
glossy_synthetic,test,cat,rc,mean_reflection_consistency,0.1497700244188308,lower,docs/superpowers/logs/rc-refgs-fd-p2-lite-final-main-summary-2026-06-01.csv,True,absolute per-scene metric from final main summary
glossy_synthetic,test,cat,rc,reflective_region_psnr,26.788152313232423,higher,docs/superpowers/logs/rc-refgs-fd-p2-lite-final-main-summary-2026-06-01.csv,True,absolute per-scene metric from final main summary
glossy_synthetic,test,cat,rc,full_psnr,33.0527685880661,higher,docs/superpowers/logs/rc-refgs-fd-p2-lite-final-main-summary-2026-06-01.csv,True,absolute per-scene metric from final main summary
glossy_synthetic,test,cat,rc,full_ssim,0.974432148039341,higher,docs/superpowers/logs/rc-refgs-fd-p2-lite-final-main-summary-2026-06-01.csv,True,absolute per-scene metric from final main summary
glossy_synthetic,test,cat,rc,full_lpips,0.0385905808070674,lower,docs/superpowers/logs/rc-refgs-fd-p2-lite-final-main-summary-2026-06-01.csv,True,absolute per-scene metric from final main summary
glossy_synthetic,test,cat,rc,reflective_psnr,33.952213168144226,higher,docs/superpowers/logs/rc-refgs-fd-p2-lite-final-main-summary-2026-06-01.csv,True,absolute per-scene metric from final main summary
glossy_synthetic,test,cat,rc,reflective_ssim,0.9805249124765396,higher,docs/superpowers/logs/rc-refgs-fd-p2-lite-final-main-summary-2026-06-01.csv,True,absolute per-scene metric from final main summary
glossy_synthetic,test,cat,rc,reflective_lpips,0.0251582667697221,lower,docs/superpowers/logs/rc-refgs-fd-p2-lite-final-main-summary-2026-06-01.csv,True,absolute per-scene metric from final main summary
glossy_synthetic,test,cat,rc,valid_pair_count,10.0,count,docs/superpowers/logs/rc-refgs-fd-p2-lite-main-table-2026-05-29.csv,True,pair-count metric from earlier main consistency table
glossy_synthetic,test,horse,base,mean_reflection_consistency,0.2250296831130981,lower,docs/superpowers/logs/rc-refgs-fd-p2-lite-final-main-summary-2026-06-01.csv,True,absolute per-scene metric from final main summary
glossy_synthetic,test,horse,base,reflective_region_psnr,22.16110363006592,higher,docs/superpowers/logs/rc-refgs-fd-p2-lite-final-main-summary-2026-06-01.csv,True,absolute per-scene metric from final main summary
glossy_synthetic,test,horse,base,full_psnr,27.62704145908356,higher,docs/superpowers/logs/rc-refgs-fd-p2-lite-final-main-summary-2026-06-01.csv,True,absolute per-scene metric from final main summary
glossy_synthetic,test,horse,base,full_ssim,0.9448911026120186,higher,docs/superpowers/logs/rc-refgs-fd-p2-lite-final-main-summary-2026-06-01.csv,True,absolute per-scene metric from final main summary
glossy_synthetic,test,horse,base,full_lpips,0.0380590773420408,lower,docs/superpowers/logs/rc-refgs-fd-p2-lite-final-main-summary-2026-06-01.csv,True,absolute per-scene metric from final main summary
glossy_synthetic,test,horse,base,reflective_psnr,30.423553824424744,higher,docs/superpowers/logs/rc-refgs-fd-p2-lite-final-main-summary-2026-06-01.csv,True,absolute per-scene metric from final main summary
glossy_synthetic,test,horse,base,reflective_ssim,0.9688311144709588,higher,docs/superpowers/logs/rc-refgs-fd-p2-lite-final-main-summary-2026-06-01.csv,True,absolute per-scene metric from final main summary
glossy_synthetic,test,horse,base,reflective_lpips,0.0251725682755932,lower,docs/superpowers/logs/rc-refgs-fd-p2-lite-final-main-summary-2026-06-01.csv,True,absolute per-scene metric from final main summary
glossy_synthetic,test,horse,base,valid_pair_count,10.0,count,docs/superpowers/logs/rc-refgs-fd-p2-lite-main-table-2026-05-29.csv,True,pair-count metric from earlier main consistency table
glossy_synthetic,test,horse,rc,mean_reflection_consistency,0.1946511507034301,lower,docs/superpowers/logs/rc-refgs-fd-p2-lite-final-main-summary-2026-06-01.csv,True,absolute per-scene metric from final main summary
glossy_synthetic,test,horse,rc,reflective_region_psnr,22.394418716430664,higher,docs/superpowers/logs/rc-refgs-fd-p2-lite-final-main-summary-2026-06-01.csv,True,absolute per-scene metric from final main summary
glossy_synthetic,test,horse,rc,full_psnr,27.702359437942505,higher,docs/superpowers/logs/rc-refgs-fd-p2-lite-final-main-summary-2026-06-01.csv,True,absolute per-scene metric from final main summary
glossy_synthetic,test,horse,rc,full_ssim,0.9454795122146606,higher,docs/superpowers/logs/rc-refgs-fd-p2-lite-final-main-summary-2026-06-01.csv,True,absolute per-scene metric from final main summary
glossy_synthetic,test,horse,rc,full_lpips,0.0376860084943473,lower,docs/superpowers/logs/rc-refgs-fd-p2-lite-final-main-summary-2026-06-01.csv,True,absolute per-scene metric from final main summary
glossy_synthetic,test,horse,rc,reflective_psnr,30.55985558032989,higher,docs/superpowers/logs/rc-refgs-fd-p2-lite-final-main-summary-2026-06-01.csv,True,absolute per-scene metric from final main summary
glossy_synthetic,test,horse,rc,reflective_ssim,0.9683698453009127,higher,docs/superpowers/logs/rc-refgs-fd-p2-lite-final-main-summary-2026-06-01.csv,True,absolute per-scene metric from final main summary
glossy_synthetic,test,horse,rc,reflective_lpips,0.0254740713280625,lower,docs/superpowers/logs/rc-refgs-fd-p2-lite-final-main-summary-2026-06-01.csv,True,absolute per-scene metric from final main summary
glossy_synthetic,test,horse,rc,valid_pair_count,10.0,count,docs/superpowers/logs/rc-refgs-fd-p2-lite-main-table-2026-05-29.csv,True,pair-count metric from earlier main consistency table
glossy_synthetic,test,luyu,base,mean_reflection_consistency,0.1244205117225647,lower,docs/superpowers/logs/rc-refgs-fd-p2-lite-final-main-summary-2026-06-01.csv,True,absolute per-scene metric from final main summary
glossy_synthetic,test,luyu,base,reflective_region_psnr,23.33660182952881,higher,docs/superpowers/logs/rc-refgs-fd-p2-lite-final-main-summary-2026-06-01.csv,True,absolute per-scene metric from final main summary
glossy_synthetic,test,luyu,base,full_psnr,29.47779715061188,higher,docs/superpowers/logs/rc-refgs-fd-p2-lite-final-main-summary-2026-06-01.csv,True,absolute per-scene metric from final main summary
glossy_synthetic,test,luyu,base,full_ssim,0.947934940457344,higher,docs/superpowers/logs/rc-refgs-fd-p2-lite-final-main-summary-2026-06-01.csv,True,absolute per-scene metric from final main summary
glossy_synthetic,test,luyu,base,full_lpips,0.037568500265479,lower,docs/superpowers/logs/rc-refgs-fd-p2-lite-final-main-summary-2026-06-01.csv,True,absolute per-scene metric from final main summary
glossy_synthetic,test,luyu,base,reflective_psnr,31.369457006454468,higher,docs/superpowers/logs/rc-refgs-fd-p2-lite-final-main-summary-2026-06-01.csv,True,absolute per-scene metric from final main summary
glossy_synthetic,test,luyu,base,reflective_ssim,0.9687906429171562,higher,docs/superpowers/logs/rc-refgs-fd-p2-lite-final-main-summary-2026-06-01.csv,True,absolute per-scene metric from final main summary
glossy_synthetic,test,luyu,base,reflective_lpips,0.0247649874072521,lower,docs/superpowers/logs/rc-refgs-fd-p2-lite-final-main-summary-2026-06-01.csv,True,absolute per-scene metric from final main summary
glossy_synthetic,test,luyu,base,valid_pair_count,10.0,count,docs/superpowers/logs/rc-refgs-fd-p2-lite-main-table-2026-05-29.csv,True,pair-count metric from earlier main consistency table
glossy_synthetic,test,luyu,rc,mean_reflection_consistency,0.1195022352039814,lower,docs/superpowers/logs/rc-refgs-fd-p2-lite-final-main-summary-2026-06-01.csv,True,absolute per-scene metric from final main summary
glossy_synthetic,test,luyu,rc,reflective_region_psnr,22.59705638885498,higher,docs/superpowers/logs/rc-refgs-fd-p2-lite-final-main-summary-2026-06-01.csv,True,absolute per-scene metric from final main summary
glossy_synthetic,test,luyu,rc,full_psnr,29.056204080581665,higher,docs/superpowers/logs/rc-refgs-fd-p2-lite-final-main-summary-2026-06-01.csv,True,absolute per-scene metric from final main summary
glossy_synthetic,test,luyu,rc,full_ssim,0.9479799754917622,higher,docs/superpowers/logs/rc-refgs-fd-p2-lite-final-main-summary-2026-06-01.csv,True,absolute per-scene metric from final main summary
glossy_synthetic,test,luyu,rc,full_lpips,0.0391065921867266,lower,docs/superpowers/logs/rc-refgs-fd-p2-lite-final-main-summary-2026-06-01.csv,True,absolute per-scene metric from final main summary
glossy_synthetic,test,luyu,rc,reflective_psnr,30.713675141334534,higher,docs/superpowers/logs/rc-refgs-fd-p2-lite-final-main-summary-2026-06-01.csv,True,absolute per-scene metric from final main summary
glossy_synthetic,test,luyu,rc,reflective_ssim,0.9677977859973907,higher,docs/superpowers/logs/rc-refgs-fd-p2-lite-final-main-summary-2026-06-01.csv,True,absolute per-scene metric from final main summary
glossy_synthetic,test,luyu,rc,reflective_lpips,0.0271824040682986,lower,docs/superpowers/logs/rc-refgs-fd-p2-lite-final-main-summary-2026-06-01.csv,True,absolute per-scene metric from final main summary
glossy_synthetic,test,luyu,rc,valid_pair_count,10.0,count,docs/superpowers/logs/rc-refgs-fd-p2-lite-main-table-2026-05-29.csv,True,pair-count metric from earlier main consistency table
glossy_synthetic,test,potion,base,mean_reflection_consistency,0.0858457002788782,lower,docs/superpowers/logs/rc-refgs-fd-p2-lite-final-main-summary-2026-06-01.csv,True,absolute per-scene metric from final main summary
glossy_synthetic,test,potion,base,reflective_region_psnr,27.773388862609863,higher,docs/superpowers/logs/rc-refgs-fd-p2-lite-final-main-summary-2026-06-01.csv,True,absolute per-scene metric from final main summary
glossy_synthetic,test,potion,base,full_psnr,32.73419630527496,higher,docs/superpowers/logs/rc-refgs-fd-p2-lite-final-main-summary-2026-06-01.csv,True,absolute per-scene metric from final main summary
glossy_synthetic,test,potion,base,full_ssim,0.9625495113432408,higher,docs/superpowers/logs/rc-refgs-fd-p2-lite-final-main-summary-2026-06-01.csv,True,absolute per-scene metric from final main summary
glossy_synthetic,test,potion,base,full_lpips,0.0588522602338343,lower,docs/superpowers/logs/rc-refgs-fd-p2-lite-final-main-summary-2026-06-01.csv,True,absolute per-scene metric from final main summary
glossy_synthetic,test,potion,base,reflective_psnr,34.02612376213074,higher,docs/superpowers/logs/rc-refgs-fd-p2-lite-final-main-summary-2026-06-01.csv,True,absolute per-scene metric from final main summary
glossy_synthetic,test,potion,base,reflective_ssim,0.9720447063446044,higher,docs/superpowers/logs/rc-refgs-fd-p2-lite-final-main-summary-2026-06-01.csv,True,absolute per-scene metric from final main summary
glossy_synthetic,test,potion,base,reflective_lpips,0.0395058401627466,lower,docs/superpowers/logs/rc-refgs-fd-p2-lite-final-main-summary-2026-06-01.csv,True,absolute per-scene metric from final main summary
glossy_synthetic,test,potion,base,valid_pair_count,10.0,count,docs/superpowers/logs/rc-refgs-fd-p2-lite-main-table-2026-05-29.csv,True,pair-count metric from earlier main consistency table
glossy_synthetic,test,potion,rc,mean_reflection_consistency,0.08339374512434,lower,docs/superpowers/logs/rc-refgs-fd-p2-lite-final-main-summary-2026-06-01.csv,True,absolute per-scene metric from final main summary
glossy_synthetic,test,potion,rc,reflective_region_psnr,28.10766887664795,higher,docs/superpowers/logs/rc-refgs-fd-p2-lite-final-main-summary-2026-06-01.csv,True,absolute per-scene metric from final main summary
glossy_synthetic,test,potion,rc,full_psnr,32.87587833404541,higher,docs/superpowers/logs/rc-refgs-fd-p2-lite-final-main-summary-2026-06-01.csv,True,absolute per-scene metric from final main summary
glossy_synthetic,test,potion,rc,full_ssim,0.9635882936418056,higher,docs/superpowers/logs/rc-refgs-fd-p2-lite-final-main-summary-2026-06-01.csv,True,absolute per-scene metric from final main summary
glossy_synthetic,test,potion,rc,full_lpips,0.0569856108631938,lower,docs/superpowers/logs/rc-refgs-fd-p2-lite-final-main-summary-2026-06-01.csv,True,absolute per-scene metric from final main summary
glossy_synthetic,test,potion,rc,reflective_psnr,34.19976258277893,higher,docs/superpowers/logs/rc-refgs-fd-p2-lite-final-main-summary-2026-06-01.csv,True,absolute per-scene metric from final main summary
glossy_synthetic,test,potion,rc,reflective_ssim,0.9723633788526058,higher,docs/superpowers/logs/rc-refgs-fd-p2-lite-final-main-summary-2026-06-01.csv,True,absolute per-scene metric from final main summary
glossy_synthetic,test,potion,rc,reflective_lpips,0.0392893520183861,lower,docs/superpowers/logs/rc-refgs-fd-p2-lite-final-main-summary-2026-06-01.csv,True,absolute per-scene metric from final main summary
glossy_synthetic,test,potion,rc,valid_pair_count,10.0,count,docs/superpowers/logs/rc-refgs-fd-p2-lite-main-table-2026-05-29.csv,True,pair-count metric from earlier main consistency table
glossy_synthetic,test,tbell,base,mean_reflection_consistency,0.3169427782297134,lower,docs/superpowers/logs/rc-refgs-fd-p2-lite-final-main-summary-2026-06-01.csv,True,absolute per-scene metric from final main summary
glossy_synthetic,test,tbell,base,reflective_region_psnr,25.76476020812988,higher,docs/superpowers/logs/rc-refgs-fd-p2-lite-final-main-summary-2026-06-01.csv,True,absolute per-scene metric from final main summary
glossy_synthetic,test,tbell,base,full_psnr,30.423270106315613,higher,docs/superpowers/logs/rc-refgs-fd-p2-lite-final-main-summary-2026-06-01.csv,True,absolute per-scene metric from final main summary
glossy_synthetic,test,tbell,base,full_ssim,0.9641860984265804,higher,docs/superpowers/logs/rc-refgs-fd-p2-lite-final-main-summary-2026-06-01.csv,True,absolute per-scene metric from final main summary
glossy_synthetic,test,tbell,base,full_lpips,0.0423441501334309,lower,docs/superpowers/logs/rc-refgs-fd-p2-lite-final-main-summary-2026-06-01.csv,True,absolute per-scene metric from final main summary
glossy_synthetic,test,tbell,base,reflective_psnr,30.948215126991272,higher,docs/superpowers/logs/rc-refgs-fd-p2-lite-final-main-summary-2026-06-01.csv,True,absolute per-scene metric from final main summary
glossy_synthetic,test,tbell,base,reflective_ssim,0.9675749987363816,higher,docs/superpowers/logs/rc-refgs-fd-p2-lite-final-main-summary-2026-06-01.csv,True,absolute per-scene metric from final main summary
glossy_synthetic,test,tbell,base,reflective_lpips,0.0350554075557738,lower,docs/superpowers/logs/rc-refgs-fd-p2-lite-final-main-summary-2026-06-01.csv,True,absolute per-scene metric from final main summary
glossy_synthetic,test,tbell,base,valid_pair_count,10.0,count,docs/superpowers/logs/rc-refgs-fd-p2-lite-main-table-2026-05-29.csv,True,pair-count metric from earlier main consistency table
glossy_synthetic,test,tbell,rc,mean_reflection_consistency,0.2604417517781258,lower,docs/superpowers/logs/rc-refgs-fd-p2-lite-final-main-summary-2026-06-01.csv,True,absolute per-scene metric from final main summary
glossy_synthetic,test,tbell,rc,reflective_region_psnr,25.88907070159912,higher,docs/superpowers/logs/rc-refgs-fd-p2-lite-final-main-summary-2026-06-01.csv,True,absolute per-scene metric from final main summary
glossy_synthetic,test,tbell,rc,full_psnr,30.662683725357056,higher,docs/superpowers/logs/rc-refgs-fd-p2-lite-final-main-summary-2026-06-01.csv,True,absolute per-scene metric from final main summary
glossy_synthetic,test,tbell,rc,full_ssim,0.964991107583046,higher,docs/superpowers/logs/rc-refgs-fd-p2-lite-final-main-summary-2026-06-01.csv,True,absolute per-scene metric from final main summary
glossy_synthetic,test,tbell,rc,full_lpips,0.0412571588531136,lower,docs/superpowers/logs/rc-refgs-fd-p2-lite-final-main-summary-2026-06-01.csv,True,absolute per-scene metric from final main summary
glossy_synthetic,test,tbell,rc,reflective_psnr,30.975611805915836,higher,docs/superpowers/logs/rc-refgs-fd-p2-lite-final-main-summary-2026-06-01.csv,True,absolute per-scene metric from final main summary
glossy_synthetic,test,tbell,rc,reflective_ssim,0.967334058135748,higher,docs/superpowers/logs/rc-refgs-fd-p2-lite-final-main-summary-2026-06-01.csv,True,absolute per-scene metric from final main summary
glossy_synthetic,test,tbell,rc,reflective_lpips,0.0351045749848708,lower,docs/superpowers/logs/rc-refgs-fd-p2-lite-final-main-summary-2026-06-01.csv,True,absolute per-scene metric from final main summary
glossy_synthetic,test,tbell,rc,valid_pair_count,10.0,count,docs/superpowers/logs/rc-refgs-fd-p2-lite-main-table-2026-05-29.csv,True,pair-count metric from earlier main consistency table
glossy_synthetic,test,teapot,base,mean_reflection_consistency,0.2959328785538673,lower,docs/superpowers/logs/rc-refgs-fd-p2-lite-final-main-summary-2026-06-01.csv,True,absolute per-scene metric from final main summary
glossy_synthetic,test,teapot,base,reflective_region_psnr,20.463845634460448,higher,docs/superpowers/logs/rc-refgs-fd-p2-lite-final-main-summary-2026-06-01.csv,True,absolute per-scene metric from final main summary
glossy_synthetic,test,teapot,base,full_psnr,26.58281433582306,higher,docs/superpowers/logs/rc-refgs-fd-p2-lite-final-main-summary-2026-06-01.csv,True,absolute per-scene metric from final main summary
glossy_synthetic,test,teapot,base,full_ssim,0.9448713436722757,higher,docs/superpowers/logs/rc-refgs-fd-p2-lite-final-main-summary-2026-06-01.csv,True,absolute per-scene metric from final main summary
glossy_synthetic,test,teapot,base,full_lpips,0.0511018079705536,lower,docs/superpowers/logs/rc-refgs-fd-p2-lite-final-main-summary-2026-06-01.csv,True,absolute per-scene metric from final main summary
glossy_synthetic,test,teapot,base,reflective_psnr,27.20156443119049,higher,docs/superpowers/logs/rc-refgs-fd-p2-lite-final-main-summary-2026-06-01.csv,True,absolute per-scene metric from final main summary
glossy_synthetic,test,teapot,base,reflective_ssim,0.9512129202485085,higher,docs/superpowers/logs/rc-refgs-fd-p2-lite-final-main-summary-2026-06-01.csv,True,absolute per-scene metric from final main summary
glossy_synthetic,test,teapot,base,reflective_lpips,0.0438581835478544,lower,docs/superpowers/logs/rc-refgs-fd-p2-lite-final-main-summary-2026-06-01.csv,True,absolute per-scene metric from final main summary
glossy_synthetic,test,teapot,base,valid_pair_count,10.0,count,docs/superpowers/logs/rc-refgs-fd-p2-lite-main-table-2026-05-29.csv,True,pair-count metric from earlier main consistency table
glossy_synthetic,test,teapot,rc,mean_reflection_consistency,0.2524333536624908,lower,docs/superpowers/logs/rc-refgs-fd-p2-lite-final-main-summary-2026-06-01.csv,True,absolute per-scene metric from final main summary
glossy_synthetic,test,teapot,rc,reflective_region_psnr,20.661319732666016,higher,docs/superpowers/logs/rc-refgs-fd-p2-lite-final-main-summary-2026-06-01.csv,True,absolute per-scene metric from final main summary
glossy_synthetic,test,teapot,rc,full_psnr,26.751352787017822,higher,docs/superpowers/logs/rc-refgs-fd-p2-lite-final-main-summary-2026-06-01.csv,True,absolute per-scene metric from final main summary
glossy_synthetic,test,teapot,rc,full_ssim,0.9467399902641772,higher,docs/superpowers/logs/rc-refgs-fd-p2-lite-final-main-summary-2026-06-01.csv,True,absolute per-scene metric from final main summary
glossy_synthetic,test,teapot,rc,full_lpips,0.0500873576384037,lower,docs/superpowers/logs/rc-refgs-fd-p2-lite-final-main-summary-2026-06-01.csv,True,absolute per-scene metric from final main summary
glossy_synthetic,test,teapot,rc,reflective_psnr,27.20884656906128,higher,docs/superpowers/logs/rc-refgs-fd-p2-lite-final-main-summary-2026-06-01.csv,True,absolute per-scene metric from final main summary
glossy_synthetic,test,teapot,rc,reflective_ssim,0.951549157500267,higher,docs/superpowers/logs/rc-refgs-fd-p2-lite-final-main-summary-2026-06-01.csv,True,absolute per-scene metric from final main summary
glossy_synthetic,test,teapot,rc,reflective_lpips,0.0430140802636742,lower,docs/superpowers/logs/rc-refgs-fd-p2-lite-final-main-summary-2026-06-01.csv,True,absolute per-scene metric from final main summary
glossy_synthetic,test,teapot,rc,valid_pair_count,10.0,count,docs/superpowers/logs/rc-refgs-fd-p2-lite-main-table-2026-05-29.csv,True,pair-count metric from earlier main consistency table
shiny_blender_synthetic,train,ball,base,mean_reflection_consistency,0.1712649494409561,lower,docs/superpowers/logs/rc-refgs-fd-p2-lite-final-main-summary-2026-06-01.csv,True,absolute per-scene metric from final main summary
shiny_blender_synthetic,train,ball,base,reflective_region_psnr,37.80105285644531,higher,docs/superpowers/logs/rc-refgs-fd-p2-lite-final-main-summary-2026-06-01.csv,True,absolute per-scene metric from final main summary
shiny_blender_synthetic,train,ball,base,full_psnr,40.85372295379639,higher,docs/superpowers/logs/rc-refgs-fd-p2-lite-final-main-summary-2026-06-01.csv,True,absolute per-scene metric from final main summary
shiny_blender_synthetic,train,ball,base,full_ssim,0.9917829132080078,higher,docs/superpowers/logs/rc-refgs-fd-p2-lite-final-main-summary-2026-06-01.csv,True,absolute per-scene metric from final main summary
shiny_blender_synthetic,train,ball,base,full_lpips,0.0318296349048614,lower,docs/superpowers/logs/rc-refgs-fd-p2-lite-final-main-summary-2026-06-01.csv,True,absolute per-scene metric from final main summary
shiny_blender_synthetic,train,ball,base,reflective_psnr,41.106985206604,higher,docs/superpowers/logs/rc-refgs-fd-p2-lite-final-main-summary-2026-06-01.csv,True,absolute per-scene metric from final main summary
shiny_blender_synthetic,train,ball,base,reflective_ssim,0.9923985570669174,higher,docs/superpowers/logs/rc-refgs-fd-p2-lite-final-main-summary-2026-06-01.csv,True,absolute per-scene metric from final main summary
shiny_blender_synthetic,train,ball,base,reflective_lpips,0.0228039968013763,lower,docs/superpowers/logs/rc-refgs-fd-p2-lite-final-main-summary-2026-06-01.csv,True,absolute per-scene metric from final main summary
shiny_blender_synthetic,train,ball,base,valid_pair_count,10.0,count,docs/superpowers/logs/rc-refgs-fd-p2-lite-main-table-2026-05-29.csv,True,pair-count metric from earlier main consistency table
shiny_blender_synthetic,train,ball,rc,mean_reflection_consistency,0.1663990885019302,lower,docs/superpowers/logs/rc-refgs-fd-p2-lite-final-main-summary-2026-06-01.csv,True,absolute per-scene metric from final main summary
shiny_blender_synthetic,train,ball,rc,reflective_region_psnr,38.0914852142334,higher,docs/superpowers/logs/rc-refgs-fd-p2-lite-final-main-summary-2026-06-01.csv,True,absolute per-scene metric from final main summary
shiny_blender_synthetic,train,ball,rc,full_psnr,40.98823234558105,higher,docs/superpowers/logs/rc-refgs-fd-p2-lite-final-main-summary-2026-06-01.csv,True,absolute per-scene metric from final main summary
shiny_blender_synthetic,train,ball,rc,full_ssim,0.99187539935112,higher,docs/superpowers/logs/rc-refgs-fd-p2-lite-final-main-summary-2026-06-01.csv,True,absolute per-scene metric from final main summary
shiny_blender_synthetic,train,ball,rc,full_lpips,0.0314202127419412,lower,docs/superpowers/logs/rc-refgs-fd-p2-lite-final-main-summary-2026-06-01.csv,True,absolute per-scene metric from final main summary
shiny_blender_synthetic,train,ball,rc,reflective_psnr,41.21255100250245,higher,docs/superpowers/logs/rc-refgs-fd-p2-lite-final-main-summary-2026-06-01.csv,True,absolute per-scene metric from final main summary
shiny_blender_synthetic,train,ball,rc,reflective_ssim,0.9922647655010224,higher,docs/superpowers/logs/rc-refgs-fd-p2-lite-final-main-summary-2026-06-01.csv,True,absolute per-scene metric from final main summary
shiny_blender_synthetic,train,ball,rc,reflective_lpips,0.0255917888786643,lower,docs/superpowers/logs/rc-refgs-fd-p2-lite-final-main-summary-2026-06-01.csv,True,absolute per-scene metric from final main summary
shiny_blender_synthetic,train,ball,rc,valid_pair_count,10.0,count,docs/superpowers/logs/rc-refgs-fd-p2-lite-main-table-2026-05-29.csv,True,pair-count metric from earlier main consistency table
shiny_blender_synthetic,train,car,base,mean_reflection_consistency,0.3124761778861284,lower,docs/superpowers/logs/rc-refgs-fd-p2-lite-final-main-summary-2026-06-01.csv,True,absolute per-scene metric from final main summary
shiny_blender_synthetic,train,car,base,reflective_region_psnr,31.03232326507568,higher,docs/superpowers/logs/rc-refgs-fd-p2-lite-final-main-summary-2026-06-01.csv,True,absolute per-scene metric from final main summary
shiny_blender_synthetic,train,car,base,full_psnr,36.740454483032224,higher,docs/superpowers/logs/rc-refgs-fd-p2-lite-final-main-summary-2026-06-01.csv,True,absolute per-scene metric from final main summary
shiny_blender_synthetic,train,car,base,full_ssim,0.985656060576439,higher,docs/superpowers/logs/rc-refgs-fd-p2-lite-final-main-summary-2026-06-01.csv,True,absolute per-scene metric from final main summary
shiny_blender_synthetic,train,car,base,full_lpips,0.0090611342014744,lower,docs/superpowers/logs/rc-refgs-fd-p2-lite-final-main-summary-2026-06-01.csv,True,absolute per-scene metric from final main summary
shiny_blender_synthetic,train,car,base,reflective_psnr,38.13613090515137,higher,docs/superpowers/logs/rc-refgs-fd-p2-lite-final-main-summary-2026-06-01.csv,True,absolute per-scene metric from final main summary
shiny_blender_synthetic,train,car,base,reflective_ssim,0.9891319018602373,higher,docs/superpowers/logs/rc-refgs-fd-p2-lite-final-main-summary-2026-06-01.csv,True,absolute per-scene metric from final main summary
shiny_blender_synthetic,train,car,base,reflective_lpips,0.005930654965341,lower,docs/superpowers/logs/rc-refgs-fd-p2-lite-final-main-summary-2026-06-01.csv,True,absolute per-scene metric from final main summary
shiny_blender_synthetic,train,car,base,valid_pair_count,10.0,count,docs/superpowers/logs/rc-refgs-fd-p2-lite-main-table-2026-05-29.csv,True,pair-count metric from earlier main consistency table
shiny_blender_synthetic,train,car,rc,mean_reflection_consistency,0.1426708940416574,lower,docs/superpowers/logs/rc-refgs-fd-p2-lite-final-main-summary-2026-06-01.csv,True,absolute per-scene metric from final main summary
shiny_blender_synthetic,train,car,rc,reflective_region_psnr,30.994008827209477,higher,docs/superpowers/logs/rc-refgs-fd-p2-lite-final-main-summary-2026-06-01.csv,True,absolute per-scene metric from final main summary
shiny_blender_synthetic,train,car,rc,full_psnr,36.506158142089845,higher,docs/superpowers/logs/rc-refgs-fd-p2-lite-final-main-summary-2026-06-01.csv,True,absolute per-scene metric from final main summary
shiny_blender_synthetic,train,car,rc,full_ssim,0.985535243153572,higher,docs/superpowers/logs/rc-refgs-fd-p2-lite-final-main-summary-2026-06-01.csv,True,absolute per-scene metric from final main summary
shiny_blender_synthetic,train,car,rc,full_lpips,0.0090828548045828,lower,docs/superpowers/logs/rc-refgs-fd-p2-lite-final-main-summary-2026-06-01.csv,True,absolute per-scene metric from final main summary
shiny_blender_synthetic,train,car,rc,reflective_psnr,37.908733406066894,higher,docs/superpowers/logs/rc-refgs-fd-p2-lite-final-main-summary-2026-06-01.csv,True,absolute per-scene metric from final main summary
shiny_blender_synthetic,train,car,rc,reflective_ssim,0.9888956397771836,higher,docs/superpowers/logs/rc-refgs-fd-p2-lite-final-main-summary-2026-06-01.csv,True,absolute per-scene metric from final main summary
shiny_blender_synthetic,train,car,rc,reflective_lpips,0.0063235793309286,lower,docs/superpowers/logs/rc-refgs-fd-p2-lite-final-main-summary-2026-06-01.csv,True,absolute per-scene metric from final main summary
shiny_blender_synthetic,train,car,rc,valid_pair_count,10.0,count,docs/superpowers/logs/rc-refgs-fd-p2-lite-main-table-2026-05-29.csv,True,pair-count metric from earlier main consistency table
shiny_blender_synthetic,train,coffee,base,mean_reflection_consistency,0.0538857832551002,lower,docs/superpowers/logs/rc-refgs-fd-p2-lite-final-main-summary-2026-06-01.csv,True,absolute per-scene metric from final main summary
shiny_blender_synthetic,train,coffee,base,reflective_region_psnr,35.920494079589844,higher,docs/superpowers/logs/rc-refgs-fd-p2-lite-final-main-summary-2026-06-01.csv,True,absolute per-scene metric from final main summary
shiny_blender_synthetic,train,coffee,base,full_psnr,39.01282356262207,higher,docs/superpowers/logs/rc-refgs-fd-p2-lite-final-main-summary-2026-06-01.csv,True,absolute per-scene metric from final main summary
shiny_blender_synthetic,train,coffee,base,full_ssim,0.9834073233604432,higher,docs/superpowers/logs/rc-refgs-fd-p2-lite-final-main-summary-2026-06-01.csv,True,absolute per-scene metric from final main summary
shiny_blender_synthetic,train,coffee,base,full_lpips,0.0344631484150886,lower,docs/superpowers/logs/rc-refgs-fd-p2-lite-final-main-summary-2026-06-01.csv,True,absolute per-scene metric from final main summary
shiny_blender_synthetic,train,coffee,base,reflective_psnr,42.35140979766846,higher,docs/superpowers/logs/rc-refgs-fd-p2-lite-final-main-summary-2026-06-01.csv,True,absolute per-scene metric from final main summary
shiny_blender_synthetic,train,coffee,base,reflective_ssim,0.9916090375185012,higher,docs/superpowers/logs/rc-refgs-fd-p2-lite-final-main-summary-2026-06-01.csv,True,absolute per-scene metric from final main summary
shiny_blender_synthetic,train,coffee,base,reflective_lpips,0.0098210799996741,lower,docs/superpowers/logs/rc-refgs-fd-p2-lite-final-main-summary-2026-06-01.csv,True,absolute per-scene metric from final main summary
shiny_blender_synthetic,train,coffee,base,valid_pair_count,10.0,count,docs/superpowers/logs/rc-refgs-fd-p2-lite-main-table-2026-05-29.csv,True,pair-count metric from earlier main consistency table
shiny_blender_synthetic,train,coffee,rc,mean_reflection_consistency,0.0222299552522599,lower,docs/superpowers/logs/rc-refgs-fd-p2-lite-final-main-summary-2026-06-01.csv,True,absolute per-scene metric from final main summary
shiny_blender_synthetic,train,coffee,rc,reflective_region_psnr,35.814023399353026,higher,docs/superpowers/logs/rc-refgs-fd-p2-lite-final-main-summary-2026-06-01.csv,True,absolute per-scene metric from final main summary
shiny_blender_synthetic,train,coffee,rc,full_psnr,38.845851249694825,higher,docs/superpowers/logs/rc-refgs-fd-p2-lite-final-main-summary-2026-06-01.csv,True,absolute per-scene metric from final main summary
shiny_blender_synthetic,train,coffee,rc,full_ssim,0.9832272011041642,higher,docs/superpowers/logs/rc-refgs-fd-p2-lite-final-main-summary-2026-06-01.csv,True,absolute per-scene metric from final main summary
shiny_blender_synthetic,train,coffee,rc,full_lpips,0.0353838243335485,lower,docs/superpowers/logs/rc-refgs-fd-p2-lite-final-main-summary-2026-06-01.csv,True,absolute per-scene metric from final main summary
shiny_blender_synthetic,train,coffee,rc,reflective_psnr,41.19879467010498,higher,docs/superpowers/logs/rc-refgs-fd-p2-lite-final-main-summary-2026-06-01.csv,True,absolute per-scene metric from final main summary
shiny_blender_synthetic,train,coffee,rc,reflective_ssim,0.9904482960700988,higher,docs/superpowers/logs/rc-refgs-fd-p2-lite-final-main-summary-2026-06-01.csv,True,absolute per-scene metric from final main summary
shiny_blender_synthetic,train,coffee,rc,reflective_lpips,0.0110690743150189,lower,docs/superpowers/logs/rc-refgs-fd-p2-lite-final-main-summary-2026-06-01.csv,True,absolute per-scene metric from final main summary
shiny_blender_synthetic,train,coffee,rc,valid_pair_count,10.0,count,docs/superpowers/logs/rc-refgs-fd-p2-lite-main-table-2026-05-29.csv,True,pair-count metric from earlier main consistency table
shiny_blender_synthetic,train,helmet,base,mean_reflection_consistency,0.6405774474143981,lower,docs/superpowers/logs/rc-refgs-fd-p2-lite-final-main-summary-2026-06-01.csv,True,absolute per-scene metric from final main summary
shiny_blender_synthetic,train,helmet,base,reflective_region_psnr,36.69405632019043,higher,docs/superpowers/logs/rc-refgs-fd-p2-lite-final-main-summary-2026-06-01.csv,True,absolute per-scene metric from final main summary
shiny_blender_synthetic,train,helmet,base,full_psnr,40.14170768737793,higher,docs/superpowers/logs/rc-refgs-fd-p2-lite-final-main-summary-2026-06-01.csv,True,absolute per-scene metric from final main summary
shiny_blender_synthetic,train,helmet,base,full_ssim,0.9934892982244492,higher,docs/superpowers/logs/rc-refgs-fd-p2-lite-final-main-summary-2026-06-01.csv,True,absolute per-scene metric from final main summary
shiny_blender_synthetic,train,helmet,base,full_lpips,0.0063313777325674,lower,docs/superpowers/logs/rc-refgs-fd-p2-lite-final-main-summary-2026-06-01.csv,True,absolute per-scene metric from final main summary
shiny_blender_synthetic,train,helmet,base,reflective_psnr,40.846081199646,higher,docs/superpowers/logs/rc-refgs-fd-p2-lite-final-main-summary-2026-06-01.csv,True,absolute per-scene metric from final main summary
shiny_blender_synthetic,train,helmet,base,reflective_ssim,0.9941075021028518,higher,docs/superpowers/logs/rc-refgs-fd-p2-lite-final-main-summary-2026-06-01.csv,True,absolute per-scene metric from final main summary
shiny_blender_synthetic,train,helmet,base,reflective_lpips,0.0049971154029481,lower,docs/superpowers/logs/rc-refgs-fd-p2-lite-final-main-summary-2026-06-01.csv,True,absolute per-scene metric from final main summary
shiny_blender_synthetic,train,helmet,base,valid_pair_count,10.0,count,docs/superpowers/logs/rc-refgs-fd-p2-lite-main-table-2026-05-29.csv,True,pair-count metric from earlier main consistency table
shiny_blender_synthetic,train,helmet,rc,mean_reflection_consistency,0.0895418930798769,lower,docs/superpowers/logs/rc-refgs-fd-p2-lite-final-main-summary-2026-06-01.csv,True,absolute per-scene metric from final main summary
shiny_blender_synthetic,train,helmet,rc,reflective_region_psnr,36.785546112060544,higher,docs/superpowers/logs/rc-refgs-fd-p2-lite-final-main-summary-2026-06-01.csv,True,absolute per-scene metric from final main summary
shiny_blender_synthetic,train,helmet,rc,full_psnr,40.051305541992186,higher,docs/superpowers/logs/rc-refgs-fd-p2-lite-final-main-summary-2026-06-01.csv,True,absolute per-scene metric from final main summary
shiny_blender_synthetic,train,helmet,rc,full_ssim,0.9932921969890596,higher,docs/superpowers/logs/rc-refgs-fd-p2-lite-final-main-summary-2026-06-01.csv,True,absolute per-scene metric from final main summary
shiny_blender_synthetic,train,helmet,rc,full_lpips,0.0064590676967054,lower,docs/superpowers/logs/rc-refgs-fd-p2-lite-final-main-summary-2026-06-01.csv,True,absolute per-scene metric from final main summary
shiny_blender_synthetic,train,helmet,rc,reflective_psnr,40.7701453781128,higher,docs/superpowers/logs/rc-refgs-fd-p2-lite-final-main-summary-2026-06-01.csv,True,absolute per-scene metric from final main summary
shiny_blender_synthetic,train,helmet,rc,reflective_ssim,0.993927591443062,higher,docs/superpowers/logs/rc-refgs-fd-p2-lite-final-main-summary-2026-06-01.csv,True,absolute per-scene metric from final main summary
shiny_blender_synthetic,train,helmet,rc,reflective_lpips,0.0051138574187643,lower,docs/superpowers/logs/rc-refgs-fd-p2-lite-final-main-summary-2026-06-01.csv,True,absolute per-scene metric from final main summary
shiny_blender_synthetic,train,helmet,rc,valid_pair_count,10.0,count,docs/superpowers/logs/rc-refgs-fd-p2-lite-main-table-2026-05-29.csv,True,pair-count metric from earlier main consistency table
shiny_blender_synthetic,train,teapot,base,mean_reflection_consistency,0.0217622350435704,lower,docs/superpowers/logs/rc-refgs-fd-p2-lite-final-main-summary-2026-06-01.csv,True,absolute per-scene metric from final main summary
shiny_blender_synthetic,train,teapot,base,reflective_region_psnr,39.03930854797363,higher,docs/superpowers/logs/rc-refgs-fd-p2-lite-final-main-summary-2026-06-01.csv,True,absolute per-scene metric from final main summary
shiny_blender_synthetic,train,teapot,base,full_psnr,49.087399368286135,higher,docs/superpowers/logs/rc-refgs-fd-p2-lite-final-main-summary-2026-06-01.csv,True,absolute per-scene metric from final main summary
shiny_blender_synthetic,train,teapot,base,full_ssim,0.998963303565979,higher,docs/superpowers/logs/rc-refgs-fd-p2-lite-final-main-summary-2026-06-01.csv,True,absolute per-scene metric from final main summary
shiny_blender_synthetic,train,teapot,base,full_lpips,0.0016857076023006,lower,docs/superpowers/logs/rc-refgs-fd-p2-lite-final-main-summary-2026-06-01.csv,True,absolute per-scene metric from final main summary
shiny_blender_synthetic,train,teapot,base,reflective_psnr,50.34840847015381,higher,docs/superpowers/logs/rc-refgs-fd-p2-lite-final-main-summary-2026-06-01.csv,True,absolute per-scene metric from final main summary
shiny_blender_synthetic,train,teapot,base,reflective_ssim,0.9993279641866684,higher,docs/superpowers/logs/rc-refgs-fd-p2-lite-final-main-summary-2026-06-01.csv,True,absolute per-scene metric from final main summary
shiny_blender_synthetic,train,teapot,base,reflective_lpips,0.0007178935914998,lower,docs/superpowers/logs/rc-refgs-fd-p2-lite-final-main-summary-2026-06-01.csv,True,absolute per-scene metric from final main summary
shiny_blender_synthetic,train,teapot,base,valid_pair_count,10.0,count,docs/superpowers/logs/rc-refgs-fd-p2-lite-main-table-2026-05-29.csv,True,pair-count metric from earlier main consistency table
shiny_blender_synthetic,train,teapot,rc,mean_reflection_consistency,0.0124828554224222,lower,docs/superpowers/logs/rc-refgs-fd-p2-lite-final-main-summary-2026-06-01.csv,True,absolute per-scene metric from final main summary
shiny_blender_synthetic,train,teapot,rc,reflective_region_psnr,39.777783966064455,higher,docs/superpowers/logs/rc-refgs-fd-p2-lite-final-main-summary-2026-06-01.csv,True,absolute per-scene metric from final main summary
shiny_blender_synthetic,train,teapot,rc,full_psnr,49.77710113525391,higher,docs/superpowers/logs/rc-refgs-fd-p2-lite-final-main-summary-2026-06-01.csv,True,absolute per-scene metric from final main summary
shiny_blender_synthetic,train,teapot,rc,full_ssim,0.999070611000061,higher,docs/superpowers/logs/rc-refgs-fd-p2-lite-final-main-summary-2026-06-01.csv,True,absolute per-scene metric from final main summary
shiny_blender_synthetic,train,teapot,rc,full_lpips,0.0014377997926203,lower,docs/superpowers/logs/rc-refgs-fd-p2-lite-final-main-summary-2026-06-01.csv,True,absolute per-scene metric from final main summary
shiny_blender_synthetic,train,teapot,rc,reflective_psnr,51.13564716339111,higher,docs/superpowers/logs/rc-refgs-fd-p2-lite-final-main-summary-2026-06-01.csv,True,absolute per-scene metric from final main summary
shiny_blender_synthetic,train,teapot,rc,reflective_ssim,0.9994064688682556,higher,docs/superpowers/logs/rc-refgs-fd-p2-lite-final-main-summary-2026-06-01.csv,True,absolute per-scene metric from final main summary
shiny_blender_synthetic,train,teapot,rc,reflective_lpips,0.0006102736102184,lower,docs/superpowers/logs/rc-refgs-fd-p2-lite-final-main-summary-2026-06-01.csv,True,absolute per-scene metric from final main summary
shiny_blender_synthetic,train,teapot,rc,valid_pair_count,10.0,count,docs/superpowers/logs/rc-refgs-fd-p2-lite-main-table-2026-05-29.csv,True,pair-count metric from earlier main consistency table
shiny_blender_synthetic,train,toaster,base,mean_reflection_consistency,0.278150674700737,lower,docs/superpowers/logs/rc-refgs-fd-p2-lite-final-main-summary-2026-06-01.csv,True,absolute per-scene metric from final main summary
shiny_blender_synthetic,train,toaster,base,reflective_region_psnr,31.09833469390869,higher,docs/superpowers/logs/rc-refgs-fd-p2-lite-final-main-summary-2026-06-01.csv,True,absolute per-scene metric from final main summary
shiny_blender_synthetic,train,toaster,base,full_psnr,33.75893051147461,higher,docs/superpowers/logs/rc-refgs-fd-p2-lite-final-main-summary-2026-06-01.csv,True,absolute per-scene metric from final main summary
shiny_blender_synthetic,train,toaster,base,full_ssim,0.9781747549772264,higher,docs/superpowers/logs/rc-refgs-fd-p2-lite-final-main-summary-2026-06-01.csv,True,absolute per-scene metric from final main summary
shiny_blender_synthetic,train,toaster,base,full_lpips,0.0240752092283219,lower,docs/superpowers/logs/rc-refgs-fd-p2-lite-final-main-summary-2026-06-01.csv,True,absolute per-scene metric from final main summary
shiny_blender_synthetic,train,toaster,base,reflective_psnr,35.976572589874266,higher,docs/superpowers/logs/rc-refgs-fd-p2-lite-final-main-summary-2026-06-01.csv,True,absolute per-scene metric from final main summary
shiny_blender_synthetic,train,toaster,base,reflective_ssim,0.9911238890886308,higher,docs/superpowers/logs/rc-refgs-fd-p2-lite-final-main-summary-2026-06-01.csv,True,absolute per-scene metric from final main summary
shiny_blender_synthetic,train,toaster,base,reflective_lpips,0.0120208596438169,lower,docs/superpowers/logs/rc-refgs-fd-p2-lite-final-main-summary-2026-06-01.csv,True,absolute per-scene metric from final main summary
shiny_blender_synthetic,train,toaster,base,valid_pair_count,10.0,count,docs/superpowers/logs/rc-refgs-fd-p2-lite-main-table-2026-05-29.csv,True,pair-count metric from earlier main consistency table
shiny_blender_synthetic,train,toaster,rc,mean_reflection_consistency,0.162093286216259,lower,docs/superpowers/logs/rc-refgs-fd-p2-lite-final-main-summary-2026-06-01.csv,True,absolute per-scene metric from final main summary
shiny_blender_synthetic,train,toaster,rc,reflective_region_psnr,31.214613723754884,higher,docs/superpowers/logs/rc-refgs-fd-p2-lite-final-main-summary-2026-06-01.csv,True,absolute per-scene metric from final main summary
shiny_blender_synthetic,train,toaster,rc,full_psnr,33.81546375274658,higher,docs/superpowers/logs/rc-refgs-fd-p2-lite-final-main-summary-2026-06-01.csv,True,absolute per-scene metric from final main summary
shiny_blender_synthetic,train,toaster,rc,full_ssim,0.9781374567747116,higher,docs/superpowers/logs/rc-refgs-fd-p2-lite-final-main-summary-2026-06-01.csv,True,absolute per-scene metric from final main summary
shiny_blender_synthetic,train,toaster,rc,full_lpips,0.0245723131392151,lower,docs/superpowers/logs/rc-refgs-fd-p2-lite-final-main-summary-2026-06-01.csv,True,absolute per-scene metric from final main summary
shiny_blender_synthetic,train,toaster,rc,reflective_psnr,36.20748571395874,higher,docs/superpowers/logs/rc-refgs-fd-p2-lite-final-main-summary-2026-06-01.csv,True,absolute per-scene metric from final main summary
shiny_blender_synthetic,train,toaster,rc,reflective_ssim,0.9914644241333008,higher,docs/superpowers/logs/rc-refgs-fd-p2-lite-final-main-summary-2026-06-01.csv,True,absolute per-scene metric from final main summary
shiny_blender_synthetic,train,toaster,rc,reflective_lpips,0.0117870551627129,lower,docs/superpowers/logs/rc-refgs-fd-p2-lite-final-main-summary-2026-06-01.csv,True,absolute per-scene metric from final main summary
shiny_blender_synthetic,train,toaster,rc,valid_pair_count,10.0,count,docs/superpowers/logs/rc-refgs-fd-p2-lite-main-table-2026-05-29.csv,True,pair-count metric from earlier main consistency table
shiny_blender_synthetic,test,ball,base,mean_reflection_consistency,0.0495509508997201,lower,docs/superpowers/logs/rc-refgs-fd-p2-lite-final-main-summary-2026-06-01.csv,True,absolute per-scene metric from final main summary
shiny_blender_synthetic,test,ball,base,reflective_region_psnr,32.91583442687988,higher,docs/superpowers/logs/rc-refgs-fd-p2-lite-final-main-summary-2026-06-01.csv,True,absolute per-scene metric from final main summary
shiny_blender_synthetic,test,ball,base,full_psnr,38.510990924835205,higher,docs/superpowers/logs/rc-refgs-fd-p2-lite-final-main-summary-2026-06-01.csv,True,absolute per-scene metric from final main summary
shiny_blender_synthetic,test,ball,base,full_ssim,0.987964893579483,higher,docs/superpowers/logs/rc-refgs-fd-p2-lite-final-main-summary-2026-06-01.csv,True,absolute per-scene metric from final main summary
shiny_blender_synthetic,test,ball,base,full_lpips,0.0366052108351141,lower,docs/superpowers/logs/rc-refgs-fd-p2-lite-final-main-summary-2026-06-01.csv,True,absolute per-scene metric from final main summary
shiny_blender_synthetic,test,ball,base,reflective_psnr,38.670911960601806,higher,docs/superpowers/logs/rc-refgs-fd-p2-lite-final-main-summary-2026-06-01.csv,True,absolute per-scene metric from final main summary
shiny_blender_synthetic,test,ball,base,reflective_ssim,0.9886962255835532,higher,docs/superpowers/logs/rc-refgs-fd-p2-lite-final-main-summary-2026-06-01.csv,True,absolute per-scene metric from final main summary
shiny_blender_synthetic,test,ball,base,reflective_lpips,0.0266809061681851,lower,docs/superpowers/logs/rc-refgs-fd-p2-lite-final-main-summary-2026-06-01.csv,True,absolute per-scene metric from final main summary
shiny_blender_synthetic,test,ball,base,valid_pair_count,10.0,count,docs/superpowers/logs/rc-refgs-fd-p2-lite-main-table-2026-05-29.csv,True,pair-count metric from earlier main consistency table
shiny_blender_synthetic,test,ball,rc,mean_reflection_consistency,0.0481533735990524,lower,docs/superpowers/logs/rc-refgs-fd-p2-lite-final-main-summary-2026-06-01.csv,True,absolute per-scene metric from final main summary
shiny_blender_synthetic,test,ball,rc,reflective_region_psnr,32.86421661376953,higher,docs/superpowers/logs/rc-refgs-fd-p2-lite-final-main-summary-2026-06-01.csv,True,absolute per-scene metric from final main summary
shiny_blender_synthetic,test,ball,rc,full_psnr,38.56738069534302,higher,docs/superpowers/logs/rc-refgs-fd-p2-lite-final-main-summary-2026-06-01.csv,True,absolute per-scene metric from final main summary
shiny_blender_synthetic,test,ball,rc,full_ssim,0.9880351668596268,higher,docs/superpowers/logs/rc-refgs-fd-p2-lite-final-main-summary-2026-06-01.csv,True,absolute per-scene metric from final main summary
shiny_blender_synthetic,test,ball,rc,full_lpips,0.0363157899118959,lower,docs/superpowers/logs/rc-refgs-fd-p2-lite-final-main-summary-2026-06-01.csv,True,absolute per-scene metric from final main summary
shiny_blender_synthetic,test,ball,rc,reflective_psnr,38.69281721115112,higher,docs/superpowers/logs/rc-refgs-fd-p2-lite-final-main-summary-2026-06-01.csv,True,absolute per-scene metric from final main summary
shiny_blender_synthetic,test,ball,rc,reflective_ssim,0.9884553492069243,higher,docs/superpowers/logs/rc-refgs-fd-p2-lite-final-main-summary-2026-06-01.csv,True,absolute per-scene metric from final main summary
shiny_blender_synthetic,test,ball,rc,reflective_lpips,0.0309876635763794,lower,docs/superpowers/logs/rc-refgs-fd-p2-lite-final-main-summary-2026-06-01.csv,True,absolute per-scene metric from final main summary
shiny_blender_synthetic,test,ball,rc,valid_pair_count,10.0,count,docs/superpowers/logs/rc-refgs-fd-p2-lite-main-table-2026-05-29.csv,True,pair-count metric from earlier main consistency table
shiny_blender_synthetic,test,car,base,mean_reflection_consistency,0.0860734429210424,lower,docs/superpowers/logs/rc-refgs-fd-p2-lite-final-main-summary-2026-06-01.csv,True,absolute per-scene metric from final main summary
shiny_blender_synthetic,test,car,base,reflective_region_psnr,27.51102466583252,higher,docs/superpowers/logs/rc-refgs-fd-p2-lite-final-main-summary-2026-06-01.csv,True,absolute per-scene metric from final main summary
shiny_blender_synthetic,test,car,base,full_psnr,31.46817236900329,higher,docs/superpowers/logs/rc-refgs-fd-p2-lite-final-main-summary-2026-06-01.csv,True,absolute per-scene metric from final main summary
shiny_blender_synthetic,test,car,base,full_ssim,0.967081052660942,higher,docs/superpowers/logs/rc-refgs-fd-p2-lite-final-main-summary-2026-06-01.csv,True,absolute per-scene metric from final main summary
shiny_blender_synthetic,test,car,base,full_lpips,0.0188420040858909,lower,docs/superpowers/logs/rc-refgs-fd-p2-lite-final-main-summary-2026-06-01.csv,True,absolute per-scene metric from final main summary
shiny_blender_synthetic,test,car,base,reflective_psnr,32.816805353164675,higher,docs/superpowers/logs/rc-refgs-fd-p2-lite-final-main-summary-2026-06-01.csv,True,absolute per-scene metric from final main summary
shiny_blender_synthetic,test,car,base,reflective_ssim,0.9758946678042412,higher,docs/superpowers/logs/rc-refgs-fd-p2-lite-final-main-summary-2026-06-01.csv,True,absolute per-scene metric from final main summary
shiny_blender_synthetic,test,car,base,reflective_lpips,0.0131234041810967,lower,docs/superpowers/logs/rc-refgs-fd-p2-lite-final-main-summary-2026-06-01.csv,True,absolute per-scene metric from final main summary
shiny_blender_synthetic,test,car,base,valid_pair_count,10.0,count,docs/superpowers/logs/rc-refgs-fd-p2-lite-main-table-2026-05-29.csv,True,pair-count metric from earlier main consistency table
shiny_blender_synthetic,test,car,rc,mean_reflection_consistency,0.0482423964887857,lower,docs/superpowers/logs/rc-refgs-fd-p2-lite-final-main-summary-2026-06-01.csv,True,absolute per-scene metric from final main summary
shiny_blender_synthetic,test,car,rc,reflective_region_psnr,27.844405364990237,higher,docs/superpowers/logs/rc-refgs-fd-p2-lite-final-main-summary-2026-06-01.csv,True,absolute per-scene metric from final main summary
shiny_blender_synthetic,test,car,rc,full_psnr,31.449704580307007,higher,docs/superpowers/logs/rc-refgs-fd-p2-lite-final-main-summary-2026-06-01.csv,True,absolute per-scene metric from final main summary
shiny_blender_synthetic,test,car,rc,full_ssim,0.9674327671527864,higher,docs/superpowers/logs/rc-refgs-fd-p2-lite-final-main-summary-2026-06-01.csv,True,absolute per-scene metric from final main summary
shiny_blender_synthetic,test,car,rc,full_lpips,0.018566444418393,lower,docs/superpowers/logs/rc-refgs-fd-p2-lite-final-main-summary-2026-06-01.csv,True,absolute per-scene metric from final main summary
shiny_blender_synthetic,test,car,rc,reflective_psnr,32.916545209884646,higher,docs/superpowers/logs/rc-refgs-fd-p2-lite-final-main-summary-2026-06-01.csv,True,absolute per-scene metric from final main summary
shiny_blender_synthetic,test,car,rc,reflective_ssim,0.9761832144856452,higher,docs/superpowers/logs/rc-refgs-fd-p2-lite-final-main-summary-2026-06-01.csv,True,absolute per-scene metric from final main summary
shiny_blender_synthetic,test,car,rc,reflective_lpips,0.0138054104242473,lower,docs/superpowers/logs/rc-refgs-fd-p2-lite-final-main-summary-2026-06-01.csv,True,absolute per-scene metric from final main summary
shiny_blender_synthetic,test,car,rc,valid_pair_count,10.0,count,docs/superpowers/logs/rc-refgs-fd-p2-lite-main-table-2026-05-29.csv,True,pair-count metric from earlier main consistency table
shiny_blender_synthetic,test,coffee,base,mean_reflection_consistency,0.0069127775728702,lower,docs/superpowers/logs/rc-refgs-fd-p2-lite-final-main-summary-2026-06-01.csv,True,absolute per-scene metric from final main summary
shiny_blender_synthetic,test,coffee,base,reflective_region_psnr,29.41759090423584,higher,docs/superpowers/logs/rc-refgs-fd-p2-lite-final-main-summary-2026-06-01.csv,True,absolute per-scene metric from final main summary
shiny_blender_synthetic,test,coffee,base,full_psnr,34.61283143043518,higher,docs/superpowers/logs/rc-refgs-fd-p2-lite-final-main-summary-2026-06-01.csv,True,absolute per-scene metric from final main summary
shiny_blender_synthetic,test,coffee,base,full_ssim,0.9741970217227937,higher,docs/superpowers/logs/rc-refgs-fd-p2-lite-final-main-summary-2026-06-01.csv,True,absolute per-scene metric from final main summary
shiny_blender_synthetic,test,coffee,base,full_lpips,0.0460944677796214,lower,docs/superpowers/logs/rc-refgs-fd-p2-lite-final-main-summary-2026-06-01.csv,True,absolute per-scene metric from final main summary
shiny_blender_synthetic,test,coffee,base,reflective_psnr,37.00081950187683,higher,docs/superpowers/logs/rc-refgs-fd-p2-lite-final-main-summary-2026-06-01.csv,True,absolute per-scene metric from final main summary
shiny_blender_synthetic,test,coffee,base,reflective_ssim,0.9853902697563172,higher,docs/superpowers/logs/rc-refgs-fd-p2-lite-final-main-summary-2026-06-01.csv,True,absolute per-scene metric from final main summary
shiny_blender_synthetic,test,coffee,base,reflective_lpips,0.0134853238495998,lower,docs/superpowers/logs/rc-refgs-fd-p2-lite-final-main-summary-2026-06-01.csv,True,absolute per-scene metric from final main summary
shiny_blender_synthetic,test,coffee,base,valid_pair_count,10.0,count,docs/superpowers/logs/rc-refgs-fd-p2-lite-main-table-2026-05-29.csv,True,pair-count metric from earlier main consistency table
shiny_blender_synthetic,test,coffee,rc,mean_reflection_consistency,0.0092514680698513,lower,docs/superpowers/logs/rc-refgs-fd-p2-lite-final-main-summary-2026-06-01.csv,True,absolute per-scene metric from final main summary
shiny_blender_synthetic,test,coffee,rc,reflective_region_psnr,28.612015342712404,higher,docs/superpowers/logs/rc-refgs-fd-p2-lite-final-main-summary-2026-06-01.csv,True,absolute per-scene metric from final main summary
shiny_blender_synthetic,test,coffee,rc,full_psnr,34.87388124465942,higher,docs/superpowers/logs/rc-refgs-fd-p2-lite-final-main-summary-2026-06-01.csv,True,absolute per-scene metric from final main summary
shiny_blender_synthetic,test,coffee,rc,full_ssim,0.9749140587449072,higher,docs/superpowers/logs/rc-refgs-fd-p2-lite-final-main-summary-2026-06-01.csv,True,absolute per-scene metric from final main summary
shiny_blender_synthetic,test,coffee,rc,full_lpips,0.0458372793998569,lower,docs/superpowers/logs/rc-refgs-fd-p2-lite-final-main-summary-2026-06-01.csv,True,absolute per-scene metric from final main summary
shiny_blender_synthetic,test,coffee,rc,reflective_psnr,36.74956224441528,higher,docs/superpowers/logs/rc-refgs-fd-p2-lite-final-main-summary-2026-06-01.csv,True,absolute per-scene metric from final main summary
shiny_blender_synthetic,test,coffee,rc,reflective_ssim,0.9842551305890084,higher,docs/superpowers/logs/rc-refgs-fd-p2-lite-final-main-summary-2026-06-01.csv,True,absolute per-scene metric from final main summary
shiny_blender_synthetic,test,coffee,rc,reflective_lpips,0.0143551868409849,lower,docs/superpowers/logs/rc-refgs-fd-p2-lite-final-main-summary-2026-06-01.csv,True,absolute per-scene metric from final main summary
shiny_blender_synthetic,test,coffee,rc,valid_pair_count,10.0,count,docs/superpowers/logs/rc-refgs-fd-p2-lite-main-table-2026-05-29.csv,True,pair-count metric from earlier main consistency table
shiny_blender_synthetic,test,helmet,base,mean_reflection_consistency,0.2168389335274696,lower,docs/superpowers/logs/rc-refgs-fd-p2-lite-final-main-summary-2026-06-01.csv,True,absolute per-scene metric from final main summary
shiny_blender_synthetic,test,helmet,base,reflective_region_psnr,35.91402015686035,higher,docs/superpowers/logs/rc-refgs-fd-p2-lite-final-main-summary-2026-06-01.csv,True,absolute per-scene metric from final main summary
shiny_blender_synthetic,test,helmet,base,full_psnr,35.8392297744751,higher,docs/superpowers/logs/rc-refgs-fd-p2-lite-final-main-summary-2026-06-01.csv,True,absolute per-scene metric from final main summary
shiny_blender_synthetic,test,helmet,base,full_ssim,0.9850164332985878,higher,docs/superpowers/logs/rc-refgs-fd-p2-lite-final-main-summary-2026-06-01.csv,True,absolute per-scene metric from final main summary
shiny_blender_synthetic,test,helmet,base,full_lpips,0.014634082862176,lower,docs/superpowers/logs/rc-refgs-fd-p2-lite-final-main-summary-2026-06-01.csv,True,absolute per-scene metric from final main summary
shiny_blender_synthetic,test,helmet,base,reflective_psnr,36.46292031288147,higher,docs/superpowers/logs/rc-refgs-fd-p2-lite-final-main-summary-2026-06-01.csv,True,absolute per-scene metric from final main summary
shiny_blender_synthetic,test,helmet,base,reflective_ssim,0.9869083300232888,higher,docs/superpowers/logs/rc-refgs-fd-p2-lite-final-main-summary-2026-06-01.csv,True,absolute per-scene metric from final main summary
shiny_blender_synthetic,test,helmet,base,reflective_lpips,0.0113525103149004,lower,docs/superpowers/logs/rc-refgs-fd-p2-lite-final-main-summary-2026-06-01.csv,True,absolute per-scene metric from final main summary
shiny_blender_synthetic,test,helmet,base,valid_pair_count,10.0,count,docs/superpowers/logs/rc-refgs-fd-p2-lite-main-table-2026-05-29.csv,True,pair-count metric from earlier main consistency table
shiny_blender_synthetic,test,helmet,rc,mean_reflection_consistency,0.0359569136053323,lower,docs/superpowers/logs/rc-refgs-fd-p2-lite-final-main-summary-2026-06-01.csv,True,absolute per-scene metric from final main summary
shiny_blender_synthetic,test,helmet,rc,reflective_region_psnr,35.57592620849609,higher,docs/superpowers/logs/rc-refgs-fd-p2-lite-final-main-summary-2026-06-01.csv,True,absolute per-scene metric from final main summary
shiny_blender_synthetic,test,helmet,rc,full_psnr,35.91236875534057,higher,docs/superpowers/logs/rc-refgs-fd-p2-lite-final-main-summary-2026-06-01.csv,True,absolute per-scene metric from final main summary
shiny_blender_synthetic,test,helmet,rc,full_ssim,0.9850048306584358,higher,docs/superpowers/logs/rc-refgs-fd-p2-lite-final-main-summary-2026-06-01.csv,True,absolute per-scene metric from final main summary
shiny_blender_synthetic,test,helmet,rc,full_lpips,0.014668049220927,lower,docs/superpowers/logs/rc-refgs-fd-p2-lite-final-main-summary-2026-06-01.csv,True,absolute per-scene metric from final main summary
shiny_blender_synthetic,test,helmet,rc,reflective_psnr,36.55509870529175,higher,docs/superpowers/logs/rc-refgs-fd-p2-lite-final-main-summary-2026-06-01.csv,True,absolute per-scene metric from final main summary
shiny_blender_synthetic,test,helmet,rc,reflective_ssim,0.9869203695654868,higher,docs/superpowers/logs/rc-refgs-fd-p2-lite-final-main-summary-2026-06-01.csv,True,absolute per-scene metric from final main summary
shiny_blender_synthetic,test,helmet,rc,reflective_lpips,0.0113222172972746,lower,docs/superpowers/logs/rc-refgs-fd-p2-lite-final-main-summary-2026-06-01.csv,True,absolute per-scene metric from final main summary
shiny_blender_synthetic,test,helmet,rc,valid_pair_count,10.0,count,docs/superpowers/logs/rc-refgs-fd-p2-lite-main-table-2026-05-29.csv,True,pair-count metric from earlier main consistency table
shiny_blender_synthetic,test,teapot,base,mean_reflection_consistency,0.0038960183504968,lower,docs/superpowers/logs/rc-refgs-fd-p2-lite-final-main-summary-2026-06-01.csv,True,absolute per-scene metric from final main summary
shiny_blender_synthetic,test,teapot,base,reflective_region_psnr,39.41321983337402,higher,docs/superpowers/logs/rc-refgs-fd-p2-lite-final-main-summary-2026-06-01.csv,True,absolute per-scene metric from final main summary
shiny_blender_synthetic,test,teapot,base,full_psnr,46.16682685852051,higher,docs/superpowers/logs/rc-refgs-fd-p2-lite-final-main-summary-2026-06-01.csv,True,absolute per-scene metric from final main summary
shiny_blender_synthetic,test,teapot,base,full_ssim,0.9975094693899156,higher,docs/superpowers/logs/rc-refgs-fd-p2-lite-final-main-summary-2026-06-01.csv,True,absolute per-scene metric from final main summary
shiny_blender_synthetic,test,teapot,base,full_lpips,0.0034660034548141,lower,docs/superpowers/logs/rc-refgs-fd-p2-lite-final-main-summary-2026-06-01.csv,True,absolute per-scene metric from final main summary
shiny_blender_synthetic,test,teapot,base,reflective_psnr,47.423567085266114,higher,docs/superpowers/logs/rc-refgs-fd-p2-lite-final-main-summary-2026-06-01.csv,True,absolute per-scene metric from final main summary
shiny_blender_synthetic,test,teapot,base,reflective_ssim,0.9985236877202988,higher,docs/superpowers/logs/rc-refgs-fd-p2-lite-final-main-summary-2026-06-01.csv,True,absolute per-scene metric from final main summary
shiny_blender_synthetic,test,teapot,base,reflective_lpips,0.0013740400169626,lower,docs/superpowers/logs/rc-refgs-fd-p2-lite-final-main-summary-2026-06-01.csv,True,absolute per-scene metric from final main summary
shiny_blender_synthetic,test,teapot,base,valid_pair_count,10.0,count,docs/superpowers/logs/rc-refgs-fd-p2-lite-main-table-2026-05-29.csv,True,pair-count metric from earlier main consistency table
shiny_blender_synthetic,test,teapot,rc,mean_reflection_consistency,0.0026982672978192,lower,docs/superpowers/logs/rc-refgs-fd-p2-lite-final-main-summary-2026-06-01.csv,True,absolute per-scene metric from final main summary
shiny_blender_synthetic,test,teapot,rc,reflective_region_psnr,39.78558082580567,higher,docs/superpowers/logs/rc-refgs-fd-p2-lite-final-main-summary-2026-06-01.csv,True,absolute per-scene metric from final main summary
shiny_blender_synthetic,test,teapot,rc,full_psnr,46.420437297821046,higher,docs/superpowers/logs/rc-refgs-fd-p2-lite-final-main-summary-2026-06-01.csv,True,absolute per-scene metric from final main summary
shiny_blender_synthetic,test,teapot,rc,full_ssim,0.9976196816563606,higher,docs/superpowers/logs/rc-refgs-fd-p2-lite-final-main-summary-2026-06-01.csv,True,absolute per-scene metric from final main summary
shiny_blender_synthetic,test,teapot,rc,full_lpips,0.003229380918492,lower,docs/superpowers/logs/rc-refgs-fd-p2-lite-final-main-summary-2026-06-01.csv,True,absolute per-scene metric from final main summary
shiny_blender_synthetic,test,teapot,rc,reflective_psnr,47.71374229431152,higher,docs/superpowers/logs/rc-refgs-fd-p2-lite-final-main-summary-2026-06-01.csv,True,absolute per-scene metric from final main summary
shiny_blender_synthetic,test,teapot,rc,reflective_ssim,0.9985905739665032,higher,docs/superpowers/logs/rc-refgs-fd-p2-lite-final-main-summary-2026-06-01.csv,True,absolute per-scene metric from final main summary
shiny_blender_synthetic,test,teapot,rc,reflective_lpips,0.001337305807101,lower,docs/superpowers/logs/rc-refgs-fd-p2-lite-final-main-summary-2026-06-01.csv,True,absolute per-scene metric from final main summary
shiny_blender_synthetic,test,teapot,rc,valid_pair_count,10.0,count,docs/superpowers/logs/rc-refgs-fd-p2-lite-main-table-2026-05-29.csv,True,pair-count metric from earlier main consistency table
shiny_blender_synthetic,test,toaster,base,mean_reflection_consistency,0.1054574780166149,lower,docs/superpowers/logs/rc-refgs-fd-p2-lite-final-main-summary-2026-06-01.csv,True,absolute per-scene metric from final main summary
shiny_blender_synthetic,test,toaster,base,reflective_region_psnr,22.386799240112303,higher,docs/superpowers/logs/rc-refgs-fd-p2-lite-final-main-summary-2026-06-01.csv,True,absolute per-scene metric from final main summary
shiny_blender_synthetic,test,toaster,base,full_psnr,27.33903795242309,higher,docs/superpowers/logs/rc-refgs-fd-p2-lite-final-main-summary-2026-06-01.csv,True,absolute per-scene metric from final main summary
shiny_blender_synthetic,test,toaster,base,full_ssim,0.9499877572059632,higher,docs/superpowers/logs/rc-refgs-fd-p2-lite-final-main-summary-2026-06-01.csv,True,absolute per-scene metric from final main summary
shiny_blender_synthetic,test,toaster,base,full_lpips,0.0569001308642327,lower,docs/superpowers/logs/rc-refgs-fd-p2-lite-final-main-summary-2026-06-01.csv,True,absolute per-scene metric from final main summary
shiny_blender_synthetic,test,toaster,base,reflective_psnr,28.69510087013245,higher,docs/superpowers/logs/rc-refgs-fd-p2-lite-final-main-summary-2026-06-01.csv,True,absolute per-scene metric from final main summary
shiny_blender_synthetic,test,toaster,base,reflective_ssim,0.970665411055088,higher,docs/superpowers/logs/rc-refgs-fd-p2-lite-final-main-summary-2026-06-01.csv,True,absolute per-scene metric from final main summary
shiny_blender_synthetic,test,toaster,base,reflective_lpips,0.0377001940226182,lower,docs/superpowers/logs/rc-refgs-fd-p2-lite-final-main-summary-2026-06-01.csv,True,absolute per-scene metric from final main summary
shiny_blender_synthetic,test,toaster,base,valid_pair_count,10.0,count,docs/superpowers/logs/rc-refgs-fd-p2-lite-main-table-2026-05-29.csv,True,pair-count metric from earlier main consistency table
shiny_blender_synthetic,test,toaster,rc,mean_reflection_consistency,0.0572132058441638,lower,docs/superpowers/logs/rc-refgs-fd-p2-lite-final-main-summary-2026-06-01.csv,True,absolute per-scene metric from final main summary
shiny_blender_synthetic,test,toaster,rc,reflective_region_psnr,22.110078430175783,higher,docs/superpowers/logs/rc-refgs-fd-p2-lite-final-main-summary-2026-06-01.csv,True,absolute per-scene metric from final main summary
shiny_blender_synthetic,test,toaster,rc,full_psnr,27.163185234069825,higher,docs/superpowers/logs/rc-refgs-fd-p2-lite-final-main-summary-2026-06-01.csv,True,absolute per-scene metric from final main summary
shiny_blender_synthetic,test,toaster,rc,full_ssim,0.9491659086942672,higher,docs/superpowers/logs/rc-refgs-fd-p2-lite-final-main-summary-2026-06-01.csv,True,absolute per-scene metric from final main summary
shiny_blender_synthetic,test,toaster,rc,full_lpips,0.0584307136479765,lower,docs/superpowers/logs/rc-refgs-fd-p2-lite-final-main-summary-2026-06-01.csv,True,absolute per-scene metric from final main summary
shiny_blender_synthetic,test,toaster,rc,reflective_psnr,28.54051815032959,higher,docs/superpowers/logs/rc-refgs-fd-p2-lite-final-main-summary-2026-06-01.csv,True,absolute per-scene metric from final main summary
shiny_blender_synthetic,test,toaster,rc,reflective_ssim,0.9706967735290528,higher,docs/superpowers/logs/rc-refgs-fd-p2-lite-final-main-summary-2026-06-01.csv,True,absolute per-scene metric from final main summary
shiny_blender_synthetic,test,toaster,rc,reflective_lpips,0.0377627966739237,lower,docs/superpowers/logs/rc-refgs-fd-p2-lite-final-main-summary-2026-06-01.csv,True,absolute per-scene metric from final main summary
shiny_blender_synthetic,test,toaster,rc,valid_pair_count,10.0,count,docs/superpowers/logs/rc-refgs-fd-p2-lite-main-table-2026-05-29.csv,True,pair-count metric from earlier main consistency table
